service_id,service_name,service_type,city,latitude,longitude,nearest_stadium,stadium_distance,proximity_category,service_capacity,timestamp,year,month,day,hour,day_of_week,is_weekend,expected_visitors,crowd_level,occupancy_rate,is_lunch_time,is_dinner_time,is_peak_hour,proximity_score,expected_crowd_percentage,capacity_category
REST_000766,هاك شاورما,restaurant,Unknown,24.7953516,46.6352325,Prince Faisal bin Fahd Stadium,8.081292725182989,Moderate,156,2034-06-24 09:00:00,2034,6,24,9,5,True,153,High,98.07692307692307,False,False,False,2,98.07692307692307,Large
REST_000320,,fast_food,Unknown,24.7616639,46.6733369,Prince Faisal bin Fahd Stadium,3.9694256632844938,Close,38,2034-07-09 10:00:00,2034,7,9,10,6,False,24,Medium,63.1578947368421,False,False,False,3,63.1578947368421,Small
REST_000814,KFC,fast_food,Unknown,21.6402961,39.1307083,King Abdullah Sports City,2.1274003299759787,Close,44,2034-06-22 08:00:00,2034,6,22,8,3,False,19,Low,43.18181818181818,False,False,False,3,43.18181818181818,Small
REST_000657,,restaurant,Unknown,24.6996722,46.6924899,King Fahd International Stadium,1.841013688108124,Very Close,80,2034-06-14 11:00:00,2034,6,14,11,2,False,51,Medium,63.74999999999999,False,False,False,4,63.74999999999999,Medium
REST_001226,Shawarma House,fast_food,Unknown,24.756185,46.6568924,Prince Faisal bin Fahd Stadium,5.735873860566751,Moderate,44,2034-07-03 20:00:00,2034,7,3,20,0,False,44,High,100.0,False,True,True,2,100.0,Small
REST_001309,دوار السعادة,restaurant,Unknown,24.7582768,46.674634,Prince Faisal bin Fahd Stadium,3.9720294278051407,Close,165,2034-07-11 20:00:00,2034,7,11,20,1,False,165,High,100.0,False,True,True,3,100.0,Large
REST_001107,كانتون,fast_food,Unknown,24.684872,46.7751744,King Fahd International Stadium,8.979753197045342,Moderate,76,2034-07-05 08:00:00,2034,7,5,8,2,False,63,High,82.89473684210526,False,False,False,2,82.89473684210526,Medium
REST_000844,دانكن دونتس,fast_food,Unknown,24.8346375,46.7354588,Prince Faisal bin Fahd Stadium,7.4000600489304045,Moderate,61,2034-06-30 13:00:00,2034,6,30,13,4,True,61,High,100.0,True,False,True,2,100.0,Medium
REST_000123,KFC,fast_food,Unknown,26.3999225,50.0415142,Prince Mohammed bin Fahd Stadium,5.245387849801892,Moderate,76,2034-06-07 21:00:00,2034,6,7,21,2,False,54,Medium,71.05263157894737,False,True,True,2,71.05263157894737,Medium
REST_000674,دومينوز بيتزا,fast_food,Unknown,26.3575068,43.9658404,King Abdullah City Stadium,1.025818514384294,Very Close,35,2034-06-05 22:00:00,2034,6,5,22,0,False,35,High,100.0,False,True,True,4,100.0,Small
REST_000371,Habrat Restaurant,restaurant,Unknown,21.6268475,39.1353485,King Abdullah Sports City,2.2821339382086694,Close,72,2034-07-09 12:00:00,2034,7,9,12,6,False,61,High,84.72222222222221,True,False,True,3,84.72222222222221,Medium
REST_001100,كانتون,fast_food,Unknown,21.6279694,39.1115847,King Abdullah Sports City,0.2839519065689463,Very Close,30,2034-07-09 20:00:00,2034,7,9,20,6,False,30,High,100.0,False,True,True,4,100.0,Small
REST_000377,,cafe,Unknown,26.458763,50.0890652,Prince Mohammed bin Fahd Stadium,4.23249485585094,Close,65,2034-07-13 10:00:00,2034,7,13,10,3,False,48,Medium,73.84615384615385,False,False,False,3,73.84615384615385,Medium
REST_000750,شريمبلس,restaurant,Unknown,24.8182369,46.6422566,Prince Faisal bin Fahd Stadium,8.642958312867966,Moderate,110,2034-06-28 15:00:00,2034,6,28,15,2,False,87,Medium,79.0909090909091,False,False,False,2,79.0909090909091,Large
REST_000336,شاورمر,fast_food,Unknown,24.8114498,46.6261347,Prince Faisal bin Fahd Stadium,9.629738008464582,Moderate,36,2034-06-27 17:00:00,2034,6,27,17,1,False,30,High,83.33333333333334,False,False,False,2,83.33333333333334,Small
REST_001438,Kudu,fast_food,Unknown,24.7008015,46.6767139,King Fahd International Stadium,2.094473404330583,Close,64,2034-06-26 13:00:00,2034,6,26,13,0,False,64,High,100.0,True,False,True,3,100.0,Medium
REST_000639,Seatle's Best,cafe,Unknown,24.7672177,46.7557637,Prince Faisal bin Fahd Stadium,4.5494578002282235,Close,55,2034-07-09 18:00:00,2034,7,9,18,6,False,48,High,87.27272727272727,False,False,False,3,87.27272727272727,Medium
REST_000750,شريمبلس,restaurant,Unknown,24.8182369,46.6422566,Prince Faisal bin Fahd Stadium,8.642958312867966,Moderate,110,2034-06-14 13:00:00,2034,6,14,13,2,False,57,Medium,51.81818181818182,True,False,True,2,51.81818181818182,Large
REST_000118,,fast_food,Unknown,26.4142195,50.1199565,Prince Mohammed bin Fahd Stadium,3.185255167118252,Close,31,2034-06-17 18:00:00,2034,6,17,18,5,True,31,High,100.0,False,False,False,3,100.0,Small
REST_001365,La Plage Resturant,restaurant,Unknown,21.7104034,39.0858491,King Abdullah Sports City,9.407135130792394,Moderate,109,2034-06-07 14:00:00,2034,6,7,14,2,False,65,Medium,59.63302752293578,True,False,True,2,59.63302752293578,Large
REST_000387,ليفاني كوفي - Leivani coffee,cafe,Unknown,24.747746,46.7018094,Prince Faisal bin Fahd Stadium,2.841605378077961,Close,77,2034-07-08 22:00:00,2034,7,8,22,5,True,77,High,100.0,False,True,True,3,100.0,Medium
REST_000539,Pizza Hut,fast_food,Unknown,26.46027,50.092427,Prince Mohammed bin Fahd Stadium,4.4147772647908265,Close,58,2034-07-04 20:00:00,2034,7,4,20,1,False,58,High,100.0,False,True,True,3,100.0,Medium
REST_000559,Indonesian,restaurant,Unknown,24.7098964,46.6909907,King Fahd International Stadium,2.9073079296459525,Close,154,2034-07-09 22:00:00,2034,7,9,22,6,False,110,Medium,71.42857142857143,False,True,True,3,71.42857142857143,Large
REST_000653,,restaurant,Unknown,24.6989019,46.6886304,King Fahd International Stadium,1.662649880674677,Very Close,122,2034-07-15 14:00:00,2034,7,15,14,5,True,122,High,100.0,True,False,True,4,100.0,Large
REST_000750,شريمبلس,restaurant,Unknown,24.8182369,46.6422566,Prince Faisal bin Fahd Stadium,8.642958312867966,Moderate,110,2034-07-02 16:00:00,2034,7,2,16,6,False,84,Medium,76.36363636363637,False,False,False,2,76.36363636363637,Large
REST_000124,ماكدونالدز,restaurant,Unknown,26.4041626,50.0576601,Prince Mohammed bin Fahd Stadium,3.6053616022522577,Close,157,2034-07-03 13:00:00,2034,7,3,13,0,False,157,High,100.0,True,False,True,3,100.0,Large
REST_000642,,restaurant,Unknown,24.6950224,46.6821823,King Fahd International Stadium,1.2837885491746757,Very Close,85,2034-07-11 22:00:00,2034,7,11,22,1,False,85,High,100.0,False,True,True,4,100.0,Medium
REST_000189,Steakhouse,restaurant,Unknown,26.4603168,50.1209655,Prince Mohammed bin Fahd Stadium,5.446261784337334,Moderate,101,2034-07-02 08:00:00,2034,7,2,8,6,False,70,Medium,69.3069306930693,False,False,False,2,69.3069306930693,Large
REST_001297,McDonald's,fast_food,Unknown,24.8026886,46.7949259,Prince Faisal bin Fahd Stadium,9.13792283907063,Moderate,56,2034-07-01 20:00:00,2034,7,1,20,5,True,32,Medium,57.14285714285714,False,True,True,2,57.14285714285714,Medium
REST_000333,بيتزا هت,restaurant,Unknown,24.8004341,46.7399092,Prince Faisal bin Fahd Stadium,4.310936884667517,Close,139,2034-06-27 18:00:00,2034,6,27,18,1,False,79,Medium,56.83453237410072,False,False,False,3,56.83453237410072,Large
REST_000843,The Coffee Address,cafe,Unknown,24.8344179,46.7353315,Prince Faisal bin Fahd Stadium,7.372755619428699,Moderate,58,2034-07-14 11:00:00,2034,7,14,11,4,True,21,Low,36.206896551724135,False,False,False,2,36.206896551724135,Medium
REST_000977,مطعم حنيذ الجنوب-طيبة,restaurant,Unknown,26.359091,50.0437992,Prince Mohammed bin Fahd Stadium,8.186746687833677,Moderate,74,2034-06-17 14:00:00,2034,6,17,14,5,True,74,High,100.0,True,False,True,2,100.0,Medium
REST_001470,عالم البيتزا,restaurant,Unknown,26.3735217,43.9304679,King Abdullah City Stadium,3.6884409469073103,Close,149,2034-06-21 12:00:00,2034,6,21,12,2,False,149,High,100.0,True,False,True,3,100.0,Large
REST_000308,ليون كافيه,cafe,Unknown,26.3542632,43.9540151,King Abdullah City Stadium,1.873420729208515,Very Close,71,2034-06-26 10:00:00,2034,6,26,10,0,False,64,High,90.14084507042254,False,False,False,4,90.14084507042254,Medium
REST_001437,The Pizza Company,restaurant,Unknown,24.7026567,46.6799824,King Fahd International Stadium,2.159866708073871,Close,89,2034-06-23 22:00:00,2034,6,23,22,4,True,89,High,100.0,False,True,True,3,100.0,Medium
REST_000341,Shimmers,restaurant,Unknown,24.7670034,46.6593779,Prince Faisal bin Fahd Stadium,5.240392972922303,Moderate,64,2034-07-02 09:00:00,2034,7,2,9,6,False,26,Low,40.625,False,False,False,2,40.625,Medium
REST_001377,Kudu,restaurant,Unknown,24.704312,46.6833077,King Fahd International Stadium,2.267711502191541,Close,54,2034-06-15 14:00:00,2034,6,15,14,3,False,34,Medium,62.96296296296296,True,False,True,3,62.96296296296296,Medium
REST_000033,arocaria,cafe,Unknown,24.7089154,46.6630009,King Fahd International Stadium,3.6268795046125923,Close,52,2034-06-05 16:00:00,2034,6,5,16,0,False,45,High,86.53846153846155,False,False,False,3,86.53846153846155,Medium
REST_000036,,restaurant,Unknown,24.6892064,46.6736943,King Fahd International Stadium,1.3944236747431706,Very Close,106,2034-06-08 09:00:00,2034,6,8,9,3,False,61,Medium,57.54716981132076,False,False,False,4,57.54716981132076,Large
REST_000938,Kudu,restaurant,Unknown,21.6664279,39.1098748,King Abdullah Sports City,4.090033900752487,Close,51,2034-07-01 13:00:00,2034,7,1,13,5,True,48,High,94.11764705882352,True,False,True,3,94.11764705882352,Medium
REST_000947,سالدوتش,fast_food,Unknown,24.7797699,46.7882341,Prince Faisal bin Fahd Stadium,7.846498600273864,Moderate,70,2034-06-16 08:00:00,2034,6,16,8,4,True,40,Medium,57.14285714285714,False,False,False,2,57.14285714285714,Medium
REST_001041,مايسترو,restaurant,Unknown,21.5991497,39.1446547,King Abdullah Sports City,4.689150418406639,Close,61,2034-06-13 18:00:00,2034,6,13,18,1,False,53,High,86.88524590163934,False,False,False,3,86.88524590163934,Medium
REST_000038,مطعم السانية,restaurant,Unknown,26.4204967,50.0263476,Prince Mohammed bin Fahd Stadium,6.2191023829578125,Moderate,79,2034-07-10 16:00:00,2034,7,10,16,0,False,36,Low,45.56962025316456,False,False,False,2,45.56962025316456,Medium
REST_000949,سالدوتش,fast_food,Unknown,24.6914219,46.7007083,King Fahd International Stadium,1.667899849851937,Very Close,45,2034-06-22 15:00:00,2034,6,22,15,3,False,37,High,82.22222222222221,False,False,False,4,82.22222222222221,Small
REST_001142,شاميات,restaurant,Unknown,26.3773972,43.9498477,King Abdullah City Stadium,2.0575373220078594,Close,76,2034-06-26 11:00:00,2034,6,26,11,0,False,76,High,100.0,False,False,False,3,100.0,Medium
REST_000546,,cafe,Unknown,21.6022247,39.107528,King Abdullah Sports City,3.1277652283271515,Close,55,2034-06-02 09:00:00,2034,6,2,9,4,True,55,High,100.0,False,False,False,3,100.0,Medium
REST_001285,منتو يغمش,restaurant,Unknown,24.8005739,46.7829763,Prince Faisal bin Fahd Stadium,7.934873923007209,Moderate,126,2034-07-07 18:00:00,2034,7,7,18,4,True,102,High,80.95238095238095,False,False,False,2,80.95238095238095,Large
REST_000614,Al Nafoura Rest. & Sweets,restaurant,Unknown,24.6884918,46.7238554,King Fahd International Stadium,3.8256171655155704,Close,82,2034-06-13 14:00:00,2034,6,13,14,1,False,82,High,100.0,True,False,True,3,100.0,Medium
REST_001265,,fast_food,Unknown,24.7823054,46.649154,Prince Faisal bin Fahd Stadium,6.350199729567215,Moderate,38,2034-07-05 10:00:00,2034,7,5,10,2,False,33,High,86.8421052631579,False,False,False,2,86.8421052631579,Small
REST_000183,Golden Corner,restaurant,Unknown,26.4112319,50.0801591,Prince Mohammed bin Fahd Stadium,1.359728737700047,Very Close,134,2034-06-18 20:00:00,2034,6,18,20,6,False,122,High,91.04477611940298,False,True,True,4,91.04477611940298,Large
REST_000647,,restaurant,Unknown,24.7072014,46.6901711,King Fahd International Stadium,2.598357578327232,Close,150,2034-07-15 22:00:00,2034,7,15,22,5,True,150,High,100.0,False,True,True,3,100.0,Large
REST_001265,,fast_food,Unknown,24.7823054,46.649154,Prince Faisal bin Fahd Stadium,6.350199729567215,Moderate,38,2034-07-10 22:00:00,2034,7,10,22,0,False,38,High,100.0,False,True,True,2,100.0,Small
REST_001494,فلافل عرفة,restaurant,Unknown,26.3565213,43.9529245,King Abdullah City Stadium,1.7789626297867553,Very Close,161,2034-07-07 17:00:00,2034,7,7,17,4,True,145,High,90.06211180124224,False,False,False,4,90.06211180124224,Large
REST_000764,شاورمر Shawarmer,restaurant,Unknown,24.81146,46.6261625,Prince Faisal bin Fahd Stadium,9.627759340618688,Moderate,151,2034-06-23 09:00:00,2034,6,23,9,4,True,90,Medium,59.60264900662252,False,False,False,2,59.60264900662252,Large
REST_000286,كودو,fast_food,Unknown,26.3963971,43.9255495,King Abdullah City Stadium,5.263804879077784,Moderate,74,2034-06-16 18:00:00,2034,6,16,18,4,True,37,Medium,50.0,False,False,False,2,50.0,Medium
REST_000477,Italian,restaurant,Unknown,24.7707353,46.6720081,Prince Faisal bin Fahd Stadium,3.938891701818023,Close,79,2034-06-08 13:00:00,2034,6,8,13,3,False,79,High,100.0,True,False,True,3,100.0,Medium
REST_000921,كاريبو كافيه,cafe,Unknown,24.748431,46.7452618,Prince Faisal bin Fahd Stadium,4.333400688992022,Close,29,2034-06-02 11:00:00,2034,6,2,11,4,True,29,High,100.0,False,False,False,3,100.0,Small
REST_000322,Mahboob,fast_food,Unknown,24.7590745,46.6639915,Prince Faisal bin Fahd Stadium,4.9559935509830595,Close,50,2034-06-26 14:00:00,2034,6,26,14,0,False,50,High,100.0,True,False,True,3,100.0,Medium
REST_001417,,restaurant,Unknown,24.697574,46.687515,King Fahd International Stadium,1.503260463121365,Very Close,59,2034-06-06 20:00:00,2034,6,6,20,1,False,59,High,100.0,False,True,True,4,100.0,Medium
REST_001222,,cafe,Unknown,21.5978624,39.1398157,King Abdullah Sports City,4.473526925877618,Close,71,2034-06-18 22:00:00,2034,6,18,22,6,False,52,Medium,73.23943661971832,False,True,True,3,73.23943661971832,Medium
REST_000759,باستليتا,restaurant,Unknown,24.8119912,46.6462956,Prince Faisal bin Fahd Stadium,7.907992504126639,Moderate,145,2034-07-10 16:00:00,2034,7,10,16,0,False,124,High,85.51724137931035,False,False,False,2,85.51724137931035,Large
REST_000766,هاك شاورما,restaurant,Unknown,24.7953516,46.6352325,Prince Faisal bin Fahd Stadium,8.081292725182989,Moderate,156,2034-06-22 08:00:00,2034,6,22,8,3,False,122,Medium,78.2051282051282,False,False,False,2,78.2051282051282,Large
REST_000366,Sushi Yoshi,restaurant,Unknown,21.615271,39.108149,King Abdullah Sports City,1.7076191574256798,Very Close,85,2034-06-23 11:00:00,2034,6,23,11,4,True,85,High,100.0,False,False,False,4,100.0,Medium
REST_001078,Urth Caffe,cafe,Unknown,24.705692,46.7056408,King Fahd International Stadium,3.0955146999388123,Close,48,2034-07-13 12:00:00,2034,7,13,12,3,False,48,High,100.0,True,False,True,3,100.0,Small
REST_001094,كانتون,fast_food,Unknown,26.400639,50.1173329,Prince Mohammed bin Fahd Stadium,3.6125453122142086,Close,68,2034-07-04 17:00:00,2034,7,4,17,1,False,35,Medium,51.470588235294116,False,False,False,3,51.470588235294116,Medium
REST_000565,zonice | زونايس,restaurant,Unknown,26.375623,43.9359581,King Abdullah City Stadium,3.219325361091538,Close,134,2034-06-05 10:00:00,2034,6,5,10,0,False,63,Low,47.01492537313433,False,False,False,3,47.01492537313433,Large
REST_000770,,restaurant,Unknown,24.815748,46.6372085,Prince Faisal bin Fahd Stadium,8.902716683396301,Moderate,103,2034-06-10 19:00:00,2034,6,10,19,5,True,59,Medium,57.28155339805825,False,True,True,2,57.28155339805825,Large
REST_000039,Pishawri Kabab,restaurant,Unknown,26.43663,50.107813,Prince Mohammed bin Fahd Stadium,2.592648428991508,Close,104,2034-06-09 17:00:00,2034,6,9,17,4,True,104,High,100.0,False,False,False,3,100.0,Large
REST_000317,ميوزد بيت القهوة,cafe,Unknown,24.8035305,46.6743369,Prince Faisal bin Fahd Stadium,5.105766897844834,Moderate,97,2034-07-10 08:00:00,2034,7,10,8,0,False,43,Low,44.329896907216494,False,False,False,2,44.329896907216494,Medium
REST_000301,بيت البيتزا,restaurant,Unknown,26.3764941,43.9298523,King Abdullah City Stadium,3.8290226560374574,Close,130,2034-06-02 10:00:00,2034,6,2,10,4,True,130,High,100.0,False,False,False,3,100.0,Large
REST_000115,مطعم راعيها للاسماك,restaurant,Unknown,26.4212605,50.1162703,Prince Mohammed bin Fahd Stadium,2.7362159034590707,Close,56,2034-06-15 12:00:00,2034,6,15,12,3,False,56,High,100.0,True,False,True,3,100.0,Medium
REST_001470,عالم البيتزا,restaurant,Unknown,26.3735217,43.9304679,King Abdullah City Stadium,3.6884409469073103,Close,149,2034-06-20 19:00:00,2034,6,20,19,1,False,149,High,100.0,False,True,True,3,100.0,Large
REST_000977,مطعم حنيذ الجنوب-طيبة,restaurant,Unknown,26.359091,50.0437992,Prince Mohammed bin Fahd Stadium,8.186746687833677,Moderate,74,2034-07-07 08:00:00,2034,7,7,8,4,True,34,Low,45.94594594594595,False,False,False,2,45.94594594594595,Medium
REST_001113,كانتون,fast_food,Unknown,24.601063,46.698922,King Fahd International Stadium,9.321001131896013,Moderate,44,2034-06-05 08:00:00,2034,6,5,8,0,False,21,Low,47.72727272727273,False,False,False,2,47.72727272727273,Small
REST_000118,,fast_food,Unknown,26.4142195,50.1199565,Prince Mohammed bin Fahd Stadium,3.185255167118252,Close,31,2034-07-08 10:00:00,2034,7,8,10,5,True,31,High,100.0,False,False,False,3,100.0,Small
REST_000533,,restaurant,Unknown,26.4436666,50.1130733,Prince Mohammed bin Fahd Stadium,3.5161346767299198,Close,99,2034-06-07 17:00:00,2034,6,7,17,2,False,75,Medium,75.75757575757575,False,False,False,3,75.75757575757575,Medium
REST_000308,ليون كافيه,cafe,Unknown,26.3542632,43.9540151,King Abdullah City Stadium,1.873420729208515,Very Close,71,2034-07-06 11:00:00,2034,7,6,11,3,False,42,Medium,59.154929577464785,False,False,False,4,59.154929577464785,Medium
REST_000388,فروت ارت,fast_food,Unknown,24.7257628,46.6846076,King Fahd International Stadium,4.635845454921703,Close,34,2034-06-09 16:00:00,2034,6,9,16,4,True,29,High,85.29411764705883,False,False,False,3,85.29411764705883,Small
REST_000333,بيتزا هت,restaurant,Unknown,24.8004341,46.7399092,Prince Faisal bin Fahd Stadium,4.310936884667517,Close,139,2034-06-01 18:00:00,2034,6,1,18,3,False,75,Medium,53.956834532374096,False,False,False,3,53.956834532374096,Large
REST_000081,pure juice,restaurant,Unknown,26.3608854,50.0972872,Prince Mohammed bin Fahd Stadium,6.704590543009442,Moderate,185,2034-07-09 09:00:00,2034,7,9,9,6,False,103,Medium,55.67567567567567,False,False,False,2,55.67567567567567,Large
REST_000367,Burger King,fast_food,Unknown,21.6154588,39.1080491,King Abdullah Sports City,1.6912883854134428,Very Close,46,2034-06-10 08:00:00,2034,6,10,8,5,True,43,High,93.47826086956522,False,False,False,4,93.47826086956522,Small
REST_001084,كانتون,fast_food,Unknown,24.7679633,46.7154415,Prince Faisal bin Fahd Stadium,0.6266665682220814,Very Close,64,2034-06-15 10:00:00,2034,6,15,10,3,False,48,Medium,75.0,False,False,False,4,75.0,Medium
REST_000110,,cafe,Unknown,26.4360953,50.1000639,Prince Mohammed bin Fahd Stadium,2.0465826208359315,Close,55,2034-06-02 21:00:00,2034,6,2,21,4,True,55,High,100.0,False,True,True,3,100.0,Medium
REST_001221,,cafe,Unknown,21.5977979,39.1410153,King Abdullah Sports City,4.555605332306803,Close,90,2034-06-28 18:00:00,2034,6,28,18,2,False,44,Low,48.888888888888886,False,False,False,3,48.888888888888886,Medium
REST_000318,درافت كافيه,cafe,Unknown,24.8036447,46.6742323,Prince Faisal bin Fahd Stadium,5.122167928149393,Moderate,38,2034-06-30 09:00:00,2034,6,30,9,4,True,37,High,97.36842105263158,False,False,False,2,97.36842105263158,Small
REST_000323,مطعم فينور,restaurant,Unknown,26.3963787,43.9190606,King Abdullah City Stadium,5.780250129844871,Moderate,99,2034-07-04 13:00:00,2034,7,4,13,1,False,99,High,100.0,True,False,True,2,100.0,Medium
REST_000176,,restaurant,Unknown,26.4104127,50.0341182,Prince Mohammed bin Fahd Stadium,5.5643445776893,Moderate,98,2034-07-14 08:00:00,2034,7,14,8,4,True,63,Medium,64.28571428571429,False,False,False,2,64.28571428571429,Medium
REST_001263,,fast_food,Unknown,24.7854912,46.6456646,Prince Faisal bin Fahd Stadium,6.767018148103183,Moderate,60,2034-07-10 15:00:00,2034,7,10,15,0,False,28,Low,46.666666666666664,False,False,False,2,46.666666666666664,Medium
REST_000757,سمك,restaurant,Unknown,24.8151713,46.6353868,Prince Faisal bin Fahd Stadium,9.022795291434852,Moderate,92,2034-07-06 11:00:00,2034,7,6,11,3,False,67,Medium,72.82608695652173,False,False,False,2,72.82608695652173,Medium
REST_000806,Al Dawar,restaurant,Unknown,21.6270091,39.1116324,King Abdullah Sports City,0.36547793463446343,Very Close,130,2034-06-16 12:00:00,2034,6,16,12,4,True,130,High,100.0,True,False,True,4,100.0,Large
REST_000113,jofrys cafe,cafe,Unknown,26.4555158,50.1213443,Prince Mohammed bin Fahd Stadium,5.048444618094335,Moderate,94,2034-07-12 09:00:00,2034,7,12,9,2,False,53,Medium,56.38297872340425,False,False,False,2,56.38297872340425,Medium
REST_000615,دانكن دونتس,fast_food,Unknown,24.8469814,46.7334068,Prince Faisal bin Fahd Stadium,8.649568040622029,Moderate,69,2034-07-11 17:00:00,2034,7,11,17,1,False,56,High,81.15942028985508,False,False,False,2,81.15942028985508,Medium
REST_001282,,restaurant,Unknown,24.7815563,46.6973544,Prince Faisal bin Fahd Stadium,1.7466583320160158,Very Close,109,2034-06-14 19:00:00,2034,6,14,19,2,False,109,High,100.0,False,True,True,4,100.0,Large
REST_001127,كانتون,fast_food,Unknown,21.5496814,39.1476104,King Abdullah Sports City,9.581478278878778,Moderate,64,2034-07-09 18:00:00,2034,7,9,18,6,False,49,Medium,76.5625,False,False,False,2,76.5625,Medium
REST_000059,كافيه دي جاردن,cafe,Unknown,24.802743,46.7165124,Prince Faisal bin Fahd Stadium,3.4744386588744103,Close,77,2034-07-14 20:00:00,2034,7,14,20,4,True,77,High,100.0,False,True,True,3,100.0,Medium
REST_000788,رونه للقهوة المختصة | الشاطئ,cafe,Unknown,21.6023188,39.1083762,King Abdullah Sports City,3.1013357493641704,Close,38,2034-06-23 14:00:00,2034,6,23,14,4,True,38,High,100.0,True,False,True,3,100.0,Small
REST_000687,ماكدونالدز,fast_food,Unknown,24.5957426,46.6811264,King Fahd International Stadium,9.838799464628133,Moderate,63,2034-06-19 18:00:00,2034,6,19,18,0,False,47,Medium,74.60317460317461,False,False,False,2,74.60317460317461,Medium
REST_000366,Sushi Yoshi,restaurant,Unknown,21.615271,39.108149,King Abdullah Sports City,1.7076191574256798,Very Close,85,2034-06-29 11:00:00,2034,6,29,11,3,False,85,High,100.0,False,False,False,4,100.0,Medium
REST_001291,,cafe,Unknown,24.7857326,46.6336383,Prince Faisal bin Fahd Stadium,7.9602568484893155,Moderate,57,2034-07-04 11:00:00,2034,7,4,11,1,False,17,Low,29.82456140350877,False,False,False,2,29.82456140350877,Medium
REST_000763,دونربير,restaurant,Unknown,24.8183863,46.6426174,Prince Faisal bin Fahd Stadium,8.623688215721925,Moderate,62,2034-07-06 22:00:00,2034,7,6,22,3,False,62,High,100.0,False,True,True,2,100.0,Medium
REST_001135,كانتون,fast_food,Unknown,21.6321162,39.1554527,King Abdullah Sports City,4.344052787106037,Close,49,2034-06-11 19:00:00,2034,6,11,19,6,False,47,High,95.91836734693877,False,True,True,3,95.91836734693877,Small
REST_000080,,restaurant,Unknown,24.8130073,46.7776531,Prince Faisal bin Fahd Stadium,8.134160472995248,Moderate,155,2034-07-10 17:00:00,2034,7,10,17,0,False,137,High,88.38709677419355,False,False,False,2,88.38709677419355,Large
REST_001437,The Pizza Company,restaurant,Unknown,24.7026567,46.6799824,King Fahd International Stadium,2.159866708073871,Close,89,2034-06-07 16:00:00,2034,6,7,16,2,False,61,Medium,68.53932584269663,False,False,False,3,68.53932584269663,Medium
REST_001040,كفتيريا صاري,restaurant,Unknown,21.5760017,39.1485623,King Abdullah Sports City,6.994665584351821,Moderate,60,2034-06-08 17:00:00,2034,6,8,17,3,False,35,Medium,58.333333333333336,False,False,False,2,58.333333333333336,Medium
REST_000523,Be Karam بي كرم,restaurant,Unknown,24.7413004,46.6463797,Prince Faisal bin Fahd Stadium,7.3589187295888925,Moderate,159,2034-06-08 13:00:00,2034,6,8,13,3,False,120,Medium,75.47169811320755,True,False,True,2,75.47169811320755,Large
REST_000558,,cafe,Unknown,26.3644115,50.0955797,Prince Mohammed bin Fahd Stadium,6.2953193536538,Moderate,94,2034-07-03 21:00:00,2034,7,3,21,0,False,94,High,100.0,False,True,True,2,100.0,Medium
REST_001078,Urth Caffe,cafe,Unknown,24.705692,46.7056408,King Fahd International Stadium,3.0955146999388123,Close,48,2034-06-28 17:00:00,2034,6,28,17,2,False,35,Medium,72.91666666666666,False,False,False,3,72.91666666666666,Small
REST_000702,Kaman Lounge,cafe,Unknown,24.8318742,46.7325524,Prince Faisal bin Fahd Stadium,7.014693590946382,Moderate,76,2034-06-09 13:00:00,2034,6,9,13,4,True,76,High,100.0,True,False,True,2,100.0,Medium
REST_000772,مطعم القصر للمشويات العراقية,restaurant,Unknown,24.8171188,46.6442025,Prince Faisal bin Fahd Stadium,8.411176395526743,Moderate,144,2034-06-07 12:00:00,2034,6,7,12,2,False,89,Medium,61.80555555555556,True,False,True,2,61.80555555555556,Large
REST_001088,كانتون,fast_food,Unknown,24.8250499,46.7505652,Prince Faisal bin Fahd Stadium,7.132901944566299,Moderate,66,2034-07-07 12:00:00,2034,7,7,12,4,True,66,High,100.0,True,False,True,2,100.0,Medium
REST_000655,Gulf Royal Chinese Restaurant,restaurant,Unknown,24.7028885,46.6811631,King Fahd International Stadium,2.1526778037766414,Close,102,2034-07-09 21:00:00,2034,7,9,21,6,False,102,High,100.0,False,True,True,3,100.0,Large
REST_000188,بيت الربيان,restaurant,Unknown,26.4592864,50.0869988,Prince Mohammed bin Fahd Stadium,4.294358112095671,Close,50,2034-07-02 13:00:00,2034,7,2,13,6,False,38,Medium,76.0,True,False,True,3,76.0,Medium
REST_000647,,restaurant,Unknown,24.7072014,46.6901711,King Fahd International Stadium,2.598357578327232,Close,150,2034-06-01 13:00:00,2034,6,1,13,3,False,150,High,100.0,True,False,True,3,100.0,Large
REST_001419,,restaurant,Unknown,24.6976718,46.6875901,King Fahd International Stadium,1.514733255482438,Very Close,67,2034-06-02 22:00:00,2034,6,2,22,4,True,67,High,100.0,False,True,True,4,100.0,Medium
REST_000323,مطعم فينور,restaurant,Unknown,26.3963787,43.9190606,King Abdullah City Stadium,5.780250129844871,Moderate,99,2034-06-06 09:00:00,2034,6,6,9,1,False,77,Medium,77.77777777777779,False,False,False,2,77.77777777777779,Medium
REST_000110,,cafe,Unknown,26.4360953,50.1000639,Prince Mohammed bin Fahd Stadium,2.0465826208359315,Close,55,2034-06-06 14:00:00,2034,6,6,14,1,False,52,High,94.54545454545455,True,False,True,3,94.54545454545455,Medium
REST_000140,مطعم خاروف الشيف,restaurant,Unknown,26.4553987,50.0968831,Prince Mohammed bin Fahd Stadium,3.941361623330932,Close,165,2034-06-22 17:00:00,2034,6,22,17,3,False,163,High,98.7878787878788,False,False,False,3,98.7878787878788,Large
REST_000291,كوب القهوة,cafe,Unknown,26.3188473,44.0378809,King Abdullah City Stadium,8.867009934236398,Moderate,63,2034-07-14 09:00:00,2034,7,14,9,4,True,51,High,80.95238095238095,False,False,False,2,80.95238095238095,Medium
REST_000332,Kudu,restaurant,Unknown,24.7993375,46.7402288,Prince Faisal bin Fahd Stadium,4.244374307500756,Close,95,2034-06-30 15:00:00,2034,6,30,15,4,True,95,High,100.0,False,False,False,3,100.0,Medium
REST_001047,مطاعم الباهر,restaurant,Unknown,21.5850807,39.1597016,King Abdullah Sports City,6.894931529153274,Moderate,75,2034-06-15 20:00:00,2034,6,15,20,3,False,75,High,100.0,False,True,True,2,100.0,Medium
REST_000756,Le Comptoir de Nicole,restaurant,Unknown,21.6534671,39.1025296,King Abdullah Sports City,2.8655347182268214,Close,79,2034-07-03 11:00:00,2034,7,3,11,0,False,33,Low,41.77215189873418,False,False,False,3,41.77215189873418,Medium
REST_000290,مطعم نايستي رويال,restaurant,Unknown,26.3759626,43.9827338,King Abdullah City Stadium,1.9006057710493627,Very Close,74,2034-07-09 19:00:00,2034,7,9,19,6,False,74,High,100.0,False,True,True,4,100.0,Medium
REST_000965,Nano Kitchen,restaurant,Unknown,24.7340037,46.6974471,Prince Faisal bin Fahd Stadium,4.43054027730751,Close,112,2034-07-08 09:00:00,2034,7,8,9,5,True,112,High,100.0,False,False,False,3,100.0,Large
REST_001261,,fast_food,Unknown,24.7823987,46.6493481,Prince Faisal bin Fahd Stadium,6.332834573595611,Moderate,74,2034-07-05 22:00:00,2034,7,5,22,2,False,65,High,87.83783783783784,False,True,True,2,87.83783783783784,Medium
REST_001282,,restaurant,Unknown,24.7815563,46.6973544,Prince Faisal bin Fahd Stadium,1.7466583320160158,Very Close,109,2034-06-20 10:00:00,2034,6,20,10,1,False,109,High,100.0,False,False,False,4,100.0,Large
REST_000635,,cafe,Unknown,21.5723976,39.1433779,King Abdullah Sports City,7.09101064382348,Moderate,83,2034-06-23 19:00:00,2034,6,23,19,4,True,53,Medium,63.85542168674698,False,True,True,2,63.85542168674698,Medium
REST_001333,,restaurant,Unknown,24.7023914,46.6968701,King Fahd International Stadium,2.297200393125573,Close,146,2034-07-15 09:00:00,2034,7,15,9,5,True,113,Medium,77.3972602739726,False,False,False,3,77.3972602739726,Large
REST_001040,كفتيريا صاري,restaurant,Unknown,21.5760017,39.1485623,King Abdullah Sports City,6.994665584351821,Moderate,60,2034-06-28 13:00:00,2034,6,28,13,2,False,60,High,100.0,True,False,True,2,100.0,Medium
REST_001069,مطعم بنات سارة‭,restaurant,Unknown,24.8203626,46.7891863,Prince Faisal bin Fahd Stadium,9.55661762602268,Moderate,149,2034-07-09 22:00:00,2034,7,9,22,6,False,149,High,100.0,False,True,True,2,100.0,Large
REST_001216,Beefbar,restaurant,Unknown,24.7043323,46.7059386,King Fahd International Stadium,2.999598031405568,Close,120,2034-06-19 14:00:00,2034,6,19,14,0,False,92,Medium,76.66666666666667,True,False,True,3,76.66666666666667,Large
REST_001291,,cafe,Unknown,24.7857326,46.6336383,Prince Faisal bin Fahd Stadium,7.9602568484893155,Moderate,57,2034-07-02 17:00:00,2034,7,2,17,6,False,34,Medium,59.64912280701754,False,False,False,2,59.64912280701754,Medium
REST_000645,,restaurant,Unknown,24.6552535,46.7440452,King Fahd International Stadium,6.6584500373935125,Moderate,164,2034-06-15 20:00:00,2034,6,15,20,3,False,164,High,100.0,False,True,True,2,100.0,Large
REST_001083,كانتون,fast_food,Unknown,24.742659,46.658732,Prince Faisal bin Fahd Stadium,6.198926894188108,Moderate,54,2034-06-27 12:00:00,2034,6,27,12,1,False,54,High,100.0,True,False,True,2,100.0,Medium
REST_000538,Chkn,fast_food,Unknown,24.7389047,46.7596526,Prince Faisal bin Fahd Stadium,6.131575014450844,Moderate,51,2034-06-23 22:00:00,2034,6,23,22,4,True,51,High,100.0,False,True,True,2,100.0,Medium
REST_000264,Vendor Coffee - مقهى فيندور,cafe,Unknown,24.7558162,46.7718623,Prince Faisal bin Fahd Stadium,6.4001987570527925,Moderate,58,2034-07-08 19:00:00,2034,7,8,19,5,True,58,High,100.0,False,True,True,2,100.0,Medium
REST_000144,,fast_food,Unknown,26.4554155,50.0889525,Prince Mohammed bin Fahd Stadium,3.8602173379676294,Close,71,2034-06-21 10:00:00,2034,6,21,10,2,False,67,High,94.36619718309859,False,False,False,3,94.36619718309859,Medium
REST_000938,Kudu,restaurant,Unknown,21.6664279,39.1098748,King Abdullah Sports City,4.090033900752487,Close,51,2034-07-06 17:00:00,2034,7,6,17,3,False,35,Medium,68.62745098039215,False,False,False,3,68.62745098039215,Medium
REST_001148,بروست زهرتي,fast_food,Unknown,26.3571976,43.9530467,King Abdullah City Stadium,1.7224554020216554,Very Close,66,2034-06-22 13:00:00,2034,6,22,13,3,False,66,High,100.0,True,False,True,4,100.0,Medium
REST_000340,,restaurant,Unknown,24.7673823,46.6597538,Prince Faisal bin Fahd Stadium,5.198398854591871,Moderate,160,2034-06-04 08:00:00,2034,6,4,8,6,False,131,High,81.875,False,False,False,2,81.875,Large
REST_000638,Fish & Chips,fast_food,Unknown,24.7006869,46.6928923,King Fahd International Stadium,1.9609427883677322,Very Close,31,2034-06-16 16:00:00,2034,6,16,16,4,True,31,High,100.0,False,False,False,4,100.0,Small
REST_000053,ماكدونالز,fast_food,Unknown,24.811728,46.7691345,Prince Faisal bin Fahd Stadium,7.35203380959969,Moderate,61,2034-07-11 13:00:00,2034,7,11,13,1,False,57,High,93.44262295081968,True,False,True,2,93.44262295081968,Medium
REST_000652,Pizza Hut,restaurant,Unknown,24.6878167,46.6878047,King Fahd International Stadium,0.4403523689977305,Very Close,126,2034-07-06 19:00:00,2034,7,6,19,3,False,126,High,100.0,False,True,True,4,100.0,Large
REST_000457,دانكن دونتس,fast_food,Unknown,24.6807131,46.6945961,King Fahd International Stadium,0.9189211472499675,Very Close,52,2034-06-18 21:00:00,2034,6,18,21,6,False,52,High,100.0,False,True,True,4,100.0,Medium
REST_001409,Friday's,restaurant,Unknown,24.7044957,46.6646636,King Fahd International Stadium,3.149804203532667,Close,164,2034-06-02 22:00:00,2034,6,2,22,4,True,164,High,100.0,False,True,True,3,100.0,Large
REST_000523,Be Karam بي كرم,restaurant,Unknown,24.7413004,46.6463797,Prince Faisal bin Fahd Stadium,7.3589187295888925,Moderate,159,2034-06-18 13:00:00,2034,6,18,13,6,False,88,Medium,55.34591194968554,True,False,True,2,55.34591194968554,Large
REST_000773,ديوان القرية,cafe,Unknown,24.8170503,46.6442351,Prince Faisal bin Fahd Stadium,8.40398756253882,Moderate,58,2034-06-25 13:00:00,2034,6,25,13,6,False,26,Low,44.827586206896555,True,False,True,2,44.827586206896555,Medium
REST_000118,,fast_food,Unknown,26.4142195,50.1199565,Prince Mohammed bin Fahd Stadium,3.185255167118252,Close,31,2034-07-10 10:00:00,2034,7,10,10,0,False,11,Low,35.483870967741936,False,False,False,3,35.483870967741936,Small
REST_000750,شريمبلس,restaurant,Unknown,24.8182369,46.6422566,Prince Faisal bin Fahd Stadium,8.642958312867966,Moderate,110,2034-06-18 10:00:00,2034,6,18,10,6,False,49,Low,44.54545454545455,False,False,False,2,44.54545454545455,Large
REST_001201,Rose Restaurant,restaurant,Unknown,26.4367344,50.1060511,Prince Mohammed bin Fahd Stadium,2.4757990144658746,Close,50,2034-06-20 17:00:00,2034,6,20,17,1,False,37,Medium,74.0,False,False,False,3,74.0,Medium
REST_000429,,cafe,Unknown,21.614964,39.153345,King Abdullah Sports City,4.4368840980897195,Close,23,2034-06-21 15:00:00,2034,6,21,15,2,False,19,High,82.6086956521739,False,False,False,3,82.6086956521739,Small
REST_000369,بيت الدونات,cafe,Unknown,21.5845758,39.159072,King Abdullah Sports City,6.890871683076867,Moderate,51,2034-06-11 19:00:00,2034,6,11,19,6,False,32,Medium,62.745098039215684,False,True,True,2,62.745098039215684,Medium
REST_001434,Hardee's,restaurant,Unknown,24.7042627,46.6651055,King Fahd International Stadium,3.1002027463570068,Close,144,2034-06-26 15:00:00,2034,6,26,15,0,False,105,Medium,72.91666666666666,False,False,False,3,72.91666666666666,Large
REST_000125,الذهبي,restaurant,Unknown,26.3823139,50.0554028,Prince Mohammed bin Fahd Stadium,5.411358520220647,Moderate,187,2034-06-25 09:00:00,2034,6,25,9,6,False,126,Medium,67.37967914438502,False,False,False,2,67.37967914438502,Large
REST_000441,Starbucks,cafe,Unknown,26.4539347,50.1205844,Prince Mohammed bin Fahd Stadium,4.865387943686088,Close,27,2034-07-12 21:00:00,2034,7,12,21,2,False,27,High,100.0,False,True,True,3,100.0,Small
REST_001421,Pizza Inn,fast_food,Unknown,24.7008989,46.676671,King Fahd International Stadium,2.1060806403644046,Close,61,2034-06-29 10:00:00,2034,6,29,10,3,False,28,Low,45.90163934426229,False,False,False,3,45.90163934426229,Medium
REST_001436,,fast_food,Unknown,24.6998806,46.6823339,King Fahd International Stadium,1.7998893815554278,Very Close,55,2034-07-11 13:00:00,2034,7,11,13,1,False,37,Medium,67.27272727272727,True,False,True,4,67.27272727272727,Medium
REST_000845,Barn's,restaurant,Unknown,24.8334509,46.733426,Prince Faisal bin Fahd Stadium,7.208773253950492,Moderate,119,2034-06-19 11:00:00,2034,6,19,11,0,False,97,High,81.5126050420168,False,False,False,2,81.5126050420168,Large
REST_000768,ديب فرايز,restaurant,Unknown,24.8151974,46.6354608,Prince Faisal bin Fahd Stadium,9.018025347370818,Moderate,86,2034-06-28 18:00:00,2034,6,28,18,2,False,42,Low,48.837209302325576,False,False,False,2,48.837209302325576,Medium
REST_000539,Pizza Hut,fast_food,Unknown,26.46027,50.092427,Prince Mohammed bin Fahd Stadium,4.4147772647908265,Close,58,2034-06-21 21:00:00,2034,6,21,21,2,False,37,Medium,63.793103448275865,False,True,True,3,63.793103448275865,Medium
REST_001495,,restaurant,Unknown,26.3877205,43.9540534,King Abdullah City Stadium,2.6552758290148737,Close,168,2034-07-10 20:00:00,2034,7,10,20,0,False,168,High,100.0,False,True,True,3,100.0,Large
REST_000319,مطعم الخروف للمأكولات الكويتية,restaurant,Unknown,24.805779,46.6605281,Prince Faisal bin Fahd Stadium,6.336535466410876,Moderate,173,2034-06-24 14:00:00,2034,6,24,14,5,True,173,High,100.0,True,False,True,2,100.0,Large
REST_001471,كودو,fast_food,Unknown,26.3674717,43.9620048,King Abdullah City Stadium,0.4755740798475391,Very Close,79,2034-06-24 12:00:00,2034,6,24,12,5,True,68,High,86.07594936708861,True,False,True,4,86.07594936708861,Medium
REST_001214,هرفي,fast_food,Unknown,24.6132011,46.6820093,King Fahd International Stadium,7.8955147635192136,Moderate,66,2034-06-26 19:00:00,2034,6,26,19,0,False,66,High,100.0,False,True,True,2,100.0,Medium
REST_000081,pure juice,restaurant,Unknown,26.3608854,50.0972872,Prince Mohammed bin Fahd Stadium,6.704590543009442,Moderate,185,2034-06-25 09:00:00,2034,6,25,9,6,False,116,Medium,62.70270270270271,False,False,False,2,62.70270270270271,Large
REST_001335,,restaurant,Unknown,24.7987557,46.6663059,Prince Faisal bin Fahd Stadium,5.410669423428039,Moderate,70,2034-06-21 12:00:00,2034,6,21,12,2,False,70,High,100.0,True,False,True,2,100.0,Medium
REST_000140,مطعم خاروف الشيف,restaurant,Unknown,26.4553987,50.0968831,Prince Mohammed bin Fahd Stadium,3.941361623330932,Close,165,2034-06-03 10:00:00,2034,6,3,10,5,True,149,High,90.30303030303031,False,False,False,3,90.30303030303031,Large
REST_001204,,cafe,Unknown,21.5816295,39.1300256,King Abdullah Sports City,5.622182125597887,Moderate,70,2034-06-26 08:00:00,2034,6,26,8,0,False,21,Low,30.0,False,False,False,2,30.0,Medium
REST_000807,Al Fairwz,restaurant,Unknown,21.609459,39.1304878,King Abdullah Sports City,2.863492992019402,Close,141,2034-06-21 20:00:00,2034,6,21,20,2,False,141,High,100.0,False,True,True,3,100.0,Large
REST_000378,marrsm,cafe,Unknown,21.6103849,39.125339,King Abdullah Sports City,2.4816162492231526,Close,36,2034-06-26 18:00:00,2034,6,26,18,0,False,27,Medium,75.0,False,False,False,3,75.0,Small
REST_000299,EIGHTY + ثمانين,cafe,Unknown,26.4065469,43.9282725,King Abdullah City Stadium,5.855216754611595,Moderate,63,2034-07-14 20:00:00,2034,7,14,20,4,True,63,High,100.0,False,True,True,2,100.0,Medium
REST_000316,,cafe,Unknown,24.8288808,46.6826866,Prince Faisal bin Fahd Stadium,6.950718142117515,Moderate,88,2034-07-07 11:00:00,2034,7,7,11,4,True,73,High,82.95454545454545,False,False,False,2,82.95454545454545,Medium
REST_000283,al fares,restaurant,Unknown,26.3373754,43.9662608,King Abdullah City Stadium,3.261040392550364,Close,165,2034-06-09 13:00:00,2034,6,9,13,4,True,165,High,100.0,True,False,True,3,100.0,Large
REST_000322,Mahboob,fast_food,Unknown,24.7590745,46.6639915,Prince Faisal bin Fahd Stadium,4.9559935509830595,Close,50,2034-06-24 10:00:00,2034,6,24,10,5,True,50,High,100.0,False,False,False,3,100.0,Medium
REST_000283,al fares,restaurant,Unknown,26.3373754,43.9662608,King Abdullah City Stadium,3.261040392550364,Close,165,2034-06-17 10:00:00,2034,6,17,10,5,True,165,High,100.0,False,False,False,3,100.0,Large
REST_000346,,cafe,Unknown,24.7776024,46.7075291,Prince Faisal bin Fahd Stadium,0.7244669765230232,Very Close,49,2034-06-18 21:00:00,2034,6,18,21,6,False,49,High,100.0,False,True,True,4,100.0,Small
REST_000357,Meaty  Buns,restaurant,Unknown,26.408365,43.9110596,King Abdullah City Stadium,7.22365829818569,Moderate,63,2034-06-01 16:00:00,2034,6,1,16,3,False,35,Medium,55.55555555555556,False,False,False,2,55.55555555555556,Medium
REST_001227,Mood Master Specialty Coffee Roasters and Cafe,cafe,Unknown,24.8013936,46.7071438,Prince Faisal bin Fahd Stadium,3.3025624772767106,Close,75,2034-07-02 16:00:00,2034,7,2,16,6,False,36,Low,48.0,False,False,False,3,48.0,Medium
REST_000692,الطازج,restaurant,Unknown,21.5989399,39.1636782,King Abdullah Sports City,6.219521631995177,Moderate,59,2034-06-01 21:00:00,2034,6,1,21,3,False,59,High,100.0,False,True,True,2,100.0,Medium
REST_001026,Crazy Pizza,restaurant,Unknown,24.7057895,46.7053592,King Fahd International Stadium,3.086101290809832,Close,75,2034-07-09 17:00:00,2034,7,9,17,6,False,67,High,89.33333333333333,False,False,False,3,89.33333333333333,Medium
REST_001382,خروف الشيف,restaurant,Unknown,21.7082213,39.1049698,King Abdullah Sports City,8.764490920506644,Moderate,150,2034-06-13 18:00:00,2034,6,13,18,1,False,80,Medium,53.333333333333336,False,False,False,2,53.333333333333336,Large
REST_000371,Habrat Restaurant,restaurant,Unknown,21.6268475,39.1353485,King Abdullah Sports City,2.2821339382086694,Close,72,2034-06-22 18:00:00,2034,6,22,18,3,False,37,Medium,51.388888888888886,False,False,False,3,51.388888888888886,Medium
REST_001339,سستوريا,restaurant,Unknown,24.8149496,46.6348677,Prince Faisal bin Fahd Stadium,9.054114943469786,Moderate,141,2034-06-23 17:00:00,2034,6,23,17,4,True,122,High,86.52482269503547,False,False,False,2,86.52482269503547,Large
REST_001222,,cafe,Unknown,21.5978624,39.1398157,King Abdullah Sports City,4.473526925877618,Close,71,2034-07-08 15:00:00,2034,7,8,15,5,True,71,High,100.0,False,False,False,3,100.0,Medium
REST_000110,,cafe,Unknown,26.4360953,50.1000639,Prince Mohammed bin Fahd Stadium,2.0465826208359315,Close,55,2034-06-13 15:00:00,2034,6,13,15,1,False,50,High,90.9090909090909,False,False,False,3,90.9090909090909,Medium
REST_001438,Kudu,fast_food,Unknown,24.7008015,46.6767139,King Fahd International Stadium,2.094473404330583,Close,64,2034-06-28 16:00:00,2034,6,28,16,2,False,63,High,98.4375,False,False,False,3,98.4375,Medium
REST_000144,,fast_food,Unknown,26.4554155,50.0889525,Prince Mohammed bin Fahd Stadium,3.8602173379676294,Close,71,2034-07-02 21:00:00,2034,7,2,21,6,False,45,Medium,63.38028169014085,False,True,True,3,63.38028169014085,Medium
REST_000859,واحة المرباع,restaurant,Unknown,26.3941797,43.9288784,King Abdullah City Stadium,4.85094280500056,Close,124,2034-07-03 09:00:00,2034,7,3,9,0,False,84,Medium,67.74193548387096,False,False,False,3,67.74193548387096,Large
REST_000935,محمصة الدار,cafe,Unknown,24.6514046,46.7066725,King Fahd International Stadium,4.177932531041271,Close,71,2034-06-10 18:00:00,2034,6,10,18,5,True,62,High,87.32394366197182,False,False,False,3,87.32394366197182,Medium
REST_000619,Java Cafe,cafe,Unknown,24.6883445,46.7185334,King Fahd International Stadium,3.290648674299839,Close,74,2034-06-02 20:00:00,2034,6,2,20,4,True,59,Medium,79.72972972972973,False,True,True,3,79.72972972972973,Medium
REST_000323,مطعم فينور,restaurant,Unknown,26.3963787,43.9190606,King Abdullah City Stadium,5.780250129844871,Moderate,99,2034-07-09 10:00:00,2034,7,9,10,6,False,59,Medium,59.59595959595959,False,False,False,2,59.59595959595959,Medium
REST_000573,LITE AND DELIGHT,cafe,Unknown,21.568907,39.165085,King Abdullah Sports City,8.619135423414782,Moderate,66,2034-06-07 16:00:00,2034,6,7,16,2,False,30,Low,45.45454545454545,False,False,False,2,45.45454545454545,Medium
REST_001514,مطعم الدرة,restaurant,Unknown,26.3167846,43.945172,King Abdullah City Stadium,5.950488993521958,Moderate,97,2034-06-26 14:00:00,2034,6,26,14,0,False,61,Medium,62.88659793814433,True,False,True,2,62.88659793814433,Medium
REST_000456,Hardee's,fast_food,Unknown,21.6094159,39.1336547,King Abdullah Sports City,3.0786744244796305,Close,46,2034-06-29 19:00:00,2034,6,29,19,3,False,46,High,100.0,False,True,True,3,100.0,Small
REST_001035,San Carlo Cicchetti,restaurant,Unknown,24.7012182,46.705378,King Fahd International Stadium,2.7088790925678645,Close,155,2034-07-12 13:00:00,2034,7,12,13,2,False,105,Medium,67.74193548387096,True,False,True,3,67.74193548387096,Large
REST_000413,مطعم هرفي,fast_food,Unknown,26.4158129,43.9151372,King Abdullah City Stadium,7.4967909735605245,Moderate,77,2034-07-03 14:00:00,2034,7,3,14,0,False,50,Medium,64.93506493506493,True,False,True,2,64.93506493506493,Medium
REST_000619,Java Cafe,cafe,Unknown,24.6883445,46.7185334,King Fahd International Stadium,3.290648674299839,Close,74,2034-07-03 17:00:00,2034,7,3,17,0,False,31,Low,41.891891891891895,False,False,False,3,41.891891891891895,Medium
REST_000862,المذاق المغربي,cafe,Unknown,21.6060343,39.1067035,King Abdullah Sports City,2.7344259551684136,Close,43,2034-07-14 19:00:00,2034,7,14,19,4,True,43,High,100.0,False,True,True,3,100.0,Small
REST_000687,ماكدونالدز,fast_food,Unknown,24.5957426,46.6811264,King Fahd International Stadium,9.838799464628133,Moderate,63,2034-06-05 09:00:00,2034,6,5,9,0,False,44,Medium,69.84126984126983,False,False,False,2,69.84126984126983,Medium
REST_000691,Lahore Restaurent,restaurant,Unknown,24.6743841,46.7445923,King Fahd International Stadium,5.988021878283662,Moderate,101,2034-06-23 22:00:00,2034,6,23,22,4,True,101,High,100.0,False,True,True,2,100.0,Large
REST_000319,مطعم الخروف للمأكولات الكويتية,restaurant,Unknown,24.805779,46.6605281,Prince Faisal bin Fahd Stadium,6.336535466410876,Moderate,173,2034-07-08 16:00:00,2034,7,8,16,5,True,151,High,87.28323699421965,False,False,False,2,87.28323699421965,Large
REST_001305,ماكدونالدز,fast_food,Unknown,24.7608687,46.6952563,Prince Faisal bin Fahd Stadium,2.007846447499641,Close,71,2034-07-08 09:00:00,2034,7,8,9,5,True,71,High,100.0,False,False,False,3,100.0,Medium
REST_001414,Kudu,restaurant,Unknown,24.7053897,46.6798149,King Fahd International Stadium,2.456293576620362,Close,192,2034-07-05 08:00:00,2034,7,5,8,2,False,172,High,89.58333333333334,False,False,False,3,89.58333333333334,Large
REST_001105,كانتون,fast_food,Unknown,24.758633,46.7144332,Prince Faisal bin Fahd Stadium,1.5154029092945864,Very Close,42,2034-07-06 11:00:00,2034,7,6,11,3,False,22,Medium,52.38095238095239,False,False,False,4,52.38095238095239,Small
REST_000921,كاريبو كافيه,cafe,Unknown,24.748431,46.7452618,Prince Faisal bin Fahd Stadium,4.333400688992022,Close,29,2034-07-15 19:00:00,2034,7,15,19,5,True,24,High,82.75862068965517,False,True,True,3,82.75862068965517,Small
REST_000746,Marina Petit Cafe,restaurant,Unknown,21.6533769,39.1025319,King Abdullah Sports City,2.856232064999067,Close,105,2034-06-03 11:00:00,2034,6,3,11,5,True,53,Medium,50.476190476190474,False,False,False,3,50.476190476190474,Large
REST_001069,مطعم بنات سارة‭,restaurant,Unknown,24.8203626,46.7891863,Prince Faisal bin Fahd Stadium,9.55661762602268,Moderate,149,2034-06-21 15:00:00,2034,6,21,15,2,False,110,Medium,73.8255033557047,False,False,False,2,73.8255033557047,Large
REST_000935,محمصة الدار,cafe,Unknown,24.6514046,46.7066725,King Fahd International Stadium,4.177932531041271,Close,71,2034-06-28 08:00:00,2034,6,28,8,2,False,45,Medium,63.38028169014085,False,False,False,3,63.38028169014085,Medium
REST_000644,Hardees,fast_food,Unknown,24.7117224,46.6970049,King Fahd International Stadium,3.256294190088511,Close,35,2034-07-03 14:00:00,2034,7,3,14,0,False,35,High,100.0,True,False,True,3,100.0,Small
REST_000615,دانكن دونتس,fast_food,Unknown,24.8469814,46.7334068,Prince Faisal bin Fahd Stadium,8.649568040622029,Moderate,69,2034-06-13 12:00:00,2034,6,13,12,1,False,42,Medium,60.86956521739131,True,False,True,2,60.86956521739131,Medium
REST_000562,هوت دوق اكسبرس,restaurant,Unknown,24.8004505,46.7396469,Prince Faisal bin Fahd Stadium,4.294402722510452,Close,110,2034-06-11 08:00:00,2034,6,11,8,6,False,70,Medium,63.63636363636363,False,False,False,3,63.63636363636363,Large
REST_000143,Kudu,restaurant,Unknown,26.4283716,50.0969946,Prince Mohammed bin Fahd Stadium,1.1804802812989057,Very Close,50,2034-06-15 14:00:00,2034,6,15,14,3,False,50,High,100.0,True,False,True,4,100.0,Medium
REST_001290,Shuwa Express شوا اكسبرس,restaurant,Unknown,24.7855994,46.6340773,Prince Faisal bin Fahd Stadium,7.913916210770655,Moderate,90,2034-06-12 09:00:00,2034,6,12,9,0,False,68,Medium,75.55555555555556,False,False,False,2,75.55555555555556,Medium
REST_000050,كودو,fast_food,Unknown,24.7385468,46.7986442,Prince Faisal bin Fahd Stadium,9.595693914709917,Moderate,41,2034-06-09 11:00:00,2034,6,9,11,4,True,24,Medium,58.536585365853654,False,False,False,2,58.536585365853654,Small
REST_000482,كيان,cafe,Unknown,21.5940752,39.1474478,King Abdullah Sports City,5.300598736968713,Moderate,48,2034-07-02 14:00:00,2034,7,2,14,6,False,47,High,97.91666666666666,True,False,True,2,97.91666666666666,Small
REST_000760,خبز ونواشف,restaurant,Unknown,24.8119102,46.6460917,Prince Faisal bin Fahd Stadium,7.919940631004301,Moderate,126,2034-06-27 12:00:00,2034,6,27,12,1,False,121,High,96.03174603174604,True,False,True,2,96.03174603174604,Large
REST_001307,جافا تايم,cafe,Unknown,24.6828568,46.69716,King Fahd International Stadium,1.105912715294937,Very Close,88,2034-07-05 14:00:00,2034,7,5,14,2,False,88,High,100.0,True,False,True,4,100.0,Medium
REST_000390,Coffee Club نادي القهوة,cafe,Unknown,24.7718406,46.7195512,Prince Faisal bin Fahd Stadium,0.8633812385191314,Very Close,21,2034-07-03 15:00:00,2034,7,3,15,0,False,21,High,100.0,False,False,False,4,100.0,Small
REST_000684,ماكدونالدز,fast_food,Unknown,21.6011471,39.1708865,King Abdullah Sports City,6.733776259059553,Moderate,46,2034-07-15 08:00:00,2034,7,15,8,5,True,27,Medium,58.69565217391305,False,False,False,2,58.69565217391305,Small
REST_000759,باستليتا,restaurant,Unknown,24.8119912,46.6462956,Prince Faisal bin Fahd Stadium,7.907992504126639,Moderate,145,2034-06-30 12:00:00,2034,6,30,12,4,True,145,High,100.0,True,False,True,2,100.0,Large
REST_000751,مطعم ذوق مغل,restaurant,Unknown,24.8185898,46.6431326,Prince Faisal bin Fahd Stadium,8.595759822282936,Moderate,78,2034-07-06 17:00:00,2034,7,6,17,3,False,26,Low,33.33333333333333,False,False,False,2,33.33333333333333,Medium
REST_000334,Krispy Kreme,fast_food,Unknown,24.8008561,46.7438247,Prince Faisal bin Fahd Stadium,4.620337375864432,Close,35,2034-06-26 19:00:00,2034,6,26,19,0,False,33,High,94.28571428571428,False,True,True,3,94.28571428571428,Small
REST_000410,الدكة,restaurant,Unknown,21.6094013,39.1310894,King Abdullah Sports City,2.9070502710616664,Close,137,2034-07-04 09:00:00,2034,7,4,9,1,False,59,Low,43.06569343065693,False,False,False,3,43.06569343065693,Large
REST_001225,alforn,cafe,Unknown,21.6522453,39.1260439,King Abdullah Sports City,2.8124633312896465,Close,60,2034-07-08 17:00:00,2034,7,8,17,5,True,60,High,100.0,False,False,False,3,100.0,Medium
REST_000170,الصفصاف مطعم,restaurant,Unknown,26.439842,50.0823,Prince Mohammed bin Fahd Stadium,2.224719924262925,Close,134,2034-06-14 18:00:00,2034,6,14,18,2,False,134,High,100.0,False,False,False,3,100.0,Large
REST_000640,Al Rabe'a,restaurant,Unknown,24.6975196,46.7805034,King Fahd International Stadium,9.63353899962464,Moderate,118,2034-07-08 09:00:00,2034,7,8,9,5,True,46,Low,38.983050847457626,False,False,False,2,38.983050847457626,Large
REST_000001,مايسترو,restaurant,Unknown,24.6611514,46.7011863,King Fahd International Stadium,2.9621000416153795,Close,103,2034-07-15 11:00:00,2034,7,15,11,5,True,49,Low,47.57281553398058,False,False,False,3,47.57281553398058,Large
REST_000967,شاورما جساس,fast_food,Unknown,21.6325188,39.1551692,King Abdullah Sports City,4.317698316997511,Close,31,2034-06-30 21:00:00,2034,6,30,21,4,True,31,High,100.0,False,True,True,3,100.0,Small
REST_001078,Urth Caffe,cafe,Unknown,24.705692,46.7056408,King Fahd International Stadium,3.0955146999388123,Close,48,2034-06-07 18:00:00,2034,6,7,18,2,False,46,High,95.83333333333334,False,False,False,3,95.83333333333334,Small
REST_001135,كانتون,fast_food,Unknown,21.6321162,39.1554527,King Abdullah Sports City,4.344052787106037,Close,49,2034-07-08 09:00:00,2034,7,8,9,5,True,48,High,97.95918367346938,False,False,False,3,97.95918367346938,Small
REST_000538,Chkn,fast_food,Unknown,24.7389047,46.7596526,Prince Faisal bin Fahd Stadium,6.131575014450844,Moderate,51,2034-06-22 11:00:00,2034,6,22,11,3,False,38,Medium,74.50980392156863,False,False,False,2,74.50980392156863,Medium
REST_001435,Krespe Kreme Doughnuts,cafe,Unknown,24.7048086,46.6649739,King Fahd International Stadium,3.1534451506418426,Close,39,2034-06-13 20:00:00,2034,6,13,20,1,False,39,High,100.0,False,True,True,3,100.0,Small
REST_000342,,restaurant,Unknown,24.7938651,46.6548152,Prince Faisal bin Fahd Stadium,6.175594203497771,Moderate,96,2034-07-07 09:00:00,2034,7,7,9,4,True,67,Medium,69.79166666666666,False,False,False,2,69.79166666666666,Medium
REST_001365,La Plage Resturant,restaurant,Unknown,21.7104034,39.0858491,King Abdullah Sports City,9.407135130792394,Moderate,109,2034-06-18 17:00:00,2034,6,18,17,6,False,45,Low,41.284403669724774,False,False,False,2,41.284403669724774,Large
REST_000029,فلافل ابو بشار مطعم سوري,restaurant,Unknown,24.6476752,46.7067854,King Fahd International Stadium,4.548580223092062,Close,187,2034-06-07 15:00:00,2034,6,7,15,2,False,93,Low,49.73262032085562,False,False,False,3,49.73262032085562,Large
REST_000456,Hardee's,fast_food,Unknown,21.6094159,39.1336547,King Abdullah Sports City,3.0786744244796305,Close,46,2034-06-30 11:00:00,2034,6,30,11,4,True,34,Medium,73.91304347826086,False,False,False,3,73.91304347826086,Small
REST_001513,بيت البيتزا,restaurant,Unknown,26.3273711,43.9522093,King Abdullah City Stadium,4.605381954824378,Close,95,2034-06-04 21:00:00,2034,6,4,21,6,False,66,Medium,69.47368421052632,False,True,True,3,69.47368421052632,Medium
REST_000346,,cafe,Unknown,24.7776024,46.7075291,Prince Faisal bin Fahd Stadium,0.7244669765230232,Very Close,49,2034-06-21 18:00:00,2034,6,21,18,2,False,31,Medium,63.26530612244898,False,False,False,4,63.26530612244898,Small
REST_000802,فوال الخرطوم,restaurant,Unknown,24.6887974,46.764801,King Fahd International Stadium,7.948332152832165,Moderate,127,2034-06-21 18:00:00,2034,6,21,18,2,False,108,High,85.03937007874016,False,False,False,2,85.03937007874016,Large
REST_000812,Al Wada'a,restaurant,Unknown,21.5881688,39.1057078,King Abdullah Sports City,4.698746029721953,Close,82,2034-06-02 22:00:00,2034,6,2,22,4,True,82,High,100.0,False,True,True,3,100.0,Medium
REST_001066,جاردن لاونج مطعم وكافيه,restaurant,Unknown,24.6823089,46.7778529,King Fahd International Stadium,9.252201535974685,Moderate,154,2034-07-11 10:00:00,2034,7,11,10,1,False,80,Medium,51.94805194805194,False,False,False,2,51.94805194805194,Large
REST_000753,Emmy Squared Pizza,restaurant,Unknown,21.6520446,39.1003966,King Abdullah Sports City,2.819990562693474,Close,111,2034-06-30 14:00:00,2034,6,30,14,4,True,93,High,83.78378378378379,True,False,True,3,83.78378378378379,Large
REST_001343,friday's,restaurant,Unknown,21.6315972,39.1333664,King Abdullah Sports City,2.0631811575655674,Close,160,2034-06-14 13:00:00,2034,6,14,13,2,False,160,High,100.0,True,False,True,3,100.0,Large
REST_000922,Gold Sushi Club,restaurant,Unknown,24.7527335,46.6249425,Prince Faisal bin Fahd Stadium,8.946847548140124,Moderate,186,2034-06-11 12:00:00,2034,6,11,12,6,False,82,Low,44.086021505376344,True,False,True,2,44.086021505376344,Large
REST_000758,بارولي كافيه,cafe,Unknown,24.8173852,46.644058,Prince Faisal bin Fahd Stadium,8.440585172298908,Moderate,53,2034-06-25 21:00:00,2034,6,25,21,6,False,53,High,100.0,False,True,True,2,100.0,Medium
REST_001413,The Pancake House,restaurant,Unknown,24.7079737,46.6751704,King Fahd International Stadium,2.8829289311906243,Close,100,2034-06-11 11:00:00,2034,6,11,11,6,False,100,High,100.0,False,False,False,3,100.0,Large
REST_000387,ليفاني كوفي - Leivani coffee,cafe,Unknown,24.747746,46.7018094,Prince Faisal bin Fahd Stadium,2.841605378077961,Close,77,2034-07-14 11:00:00,2034,7,14,11,4,True,45,Medium,58.44155844155844,False,False,False,3,58.44155844155844,Medium
REST_000408,Ulb,fast_food,Unknown,24.7668209,46.7066941,Prince Faisal bin Fahd Stadium,0.7127197008308248,Very Close,57,2034-06-30 12:00:00,2034,6,30,12,4,True,57,High,100.0,True,False,True,4,100.0,Medium
REST_000061,KFC,fast_food,Unknown,26.3823463,50.1781289,Prince Mohammed bin Fahd Stadium,9.866260254697771,Moderate,60,2034-06-29 18:00:00,2034,6,29,18,3,False,37,Medium,61.66666666666667,False,False,False,2,61.66666666666667,Medium
REST_000535,,cafe,Unknown,26.4494409,50.0883834,Prince Mohammed bin Fahd Stadium,3.19611144997641,Close,34,2034-06-25 22:00:00,2034,6,25,22,6,False,20,Medium,58.82352941176471,False,True,True,3,58.82352941176471,Small
REST_000812,Al Wada'a,restaurant,Unknown,21.5881688,39.1057078,King Abdullah Sports City,4.698746029721953,Close,82,2034-06-08 19:00:00,2034,6,8,19,3,False,82,High,100.0,False,True,True,3,100.0,Medium
REST_000189,Steakhouse,restaurant,Unknown,26.4603168,50.1209655,Prince Mohammed bin Fahd Stadium,5.446261784337334,Moderate,101,2034-06-25 08:00:00,2034,6,25,8,6,False,55,Medium,54.45544554455446,False,False,False,2,54.45544554455446,Large
REST_001204,,cafe,Unknown,21.5816295,39.1300256,King Abdullah Sports City,5.622182125597887,Moderate,70,2034-06-29 12:00:00,2034,6,29,12,3,False,70,High,100.0,True,False,True,2,100.0,Medium
REST_001100,كانتون,fast_food,Unknown,21.6279694,39.1115847,King Abdullah Sports City,0.2839519065689463,Very Close,30,2034-06-18 17:00:00,2034,6,18,17,6,False,15,Medium,50.0,False,False,False,4,50.0,Small
REST_000318,درافت كافيه,cafe,Unknown,24.8036447,46.6742323,Prince Faisal bin Fahd Stadium,5.122167928149393,Moderate,38,2034-06-10 08:00:00,2034,6,10,8,5,True,15,Low,39.473684210526315,False,False,False,2,39.473684210526315,Small
REST_000925,جافا تايم,cafe,Unknown,24.7468121,46.6549157,Prince Faisal bin Fahd Stadium,6.312835867432516,Moderate,44,2034-07-03 15:00:00,2034,7,3,15,0,False,39,High,88.63636363636364,False,False,False,2,88.63636363636364,Small
REST_000141,مطعم اسماك السلطان,restaurant,Unknown,26.4363725,50.0942901,Prince Mohammed bin Fahd Stadium,1.8264340061687887,Very Close,84,2034-06-27 15:00:00,2034,6,27,15,1,False,84,High,100.0,False,False,False,4,100.0,Medium
REST_001230,Cacti Cafe,cafe,Unknown,24.8340533,46.7355671,Prince Faisal bin Fahd Stadium,7.342540294067072,Moderate,43,2034-06-11 13:00:00,2034,6,11,13,6,False,43,High,100.0,True,False,True,2,100.0,Small
REST_000477,Italian,restaurant,Unknown,24.7707353,46.6720081,Prince Faisal bin Fahd Stadium,3.938891701818023,Close,79,2034-07-04 08:00:00,2034,7,4,8,1,False,50,Medium,63.29113924050633,False,False,False,3,63.29113924050633,Medium
REST_001433,شوكليت ايتالياني,restaurant,Unknown,24.6969313,46.6858361,King Fahd International Stadium,1.4275450174103979,Very Close,157,2034-06-16 19:00:00,2034,6,16,19,4,True,157,High,100.0,False,True,True,4,100.0,Large
REST_000177,مطعم الجود,restaurant,Unknown,26.4018463,50.0286218,Prince Mohammed bin Fahd Stadium,6.3491763003360795,Moderate,117,2034-07-01 08:00:00,2034,7,1,8,5,True,51,Low,43.58974358974359,False,False,False,2,43.58974358974359,Large
REST_001282,,restaurant,Unknown,24.7815563,46.6973544,Prince Faisal bin Fahd Stadium,1.7466583320160158,Very Close,109,2034-07-03 17:00:00,2034,7,3,17,0,False,49,Low,44.95412844036697,False,False,False,4,44.95412844036697,Large
REST_001147,Tony Roma's,restaurant,Unknown,24.7027286,46.6801722,King Fahd International Stadium,2.161937210848951,Close,137,2034-06-27 15:00:00,2034,6,27,15,1,False,137,High,100.0,False,False,False,3,100.0,Large
REST_001084,كانتون,fast_food,Unknown,24.7679633,46.7154415,Prince Faisal bin Fahd Stadium,0.6266665682220814,Very Close,64,2034-07-10 17:00:00,2034,7,10,17,0,False,64,High,100.0,False,False,False,4,100.0,Medium
REST_000738,,restaurant,Unknown,24.6833207,46.7184462,King Fahd International Stadium,3.249037641162283,Close,172,2034-06-01 11:00:00,2034,6,1,11,3,False,172,High,100.0,False,False,False,3,100.0,Large
REST_000811,Al Nakheel,restaurant,Unknown,21.5643739,39.1116299,King Abdullah Sports City,7.277619197092621,Moderate,68,2034-07-15 12:00:00,2034,7,15,12,5,True,35,Medium,51.470588235294116,True,False,True,2,51.470588235294116,Medium
REST_001309,دوار السعادة,restaurant,Unknown,24.7582768,46.674634,Prince Faisal bin Fahd Stadium,3.9720294278051407,Close,165,2034-06-21 17:00:00,2034,6,21,17,2,False,65,Low,39.39393939393939,False,False,False,3,39.39393939393939,Large
REST_000573,LITE AND DELIGHT,cafe,Unknown,21.568907,39.165085,King Abdullah Sports City,8.619135423414782,Moderate,66,2034-07-13 21:00:00,2034,7,13,21,3,False,66,High,100.0,False,True,True,2,100.0,Medium
REST_000290,مطعم نايستي رويال,restaurant,Unknown,26.3759626,43.9827338,King Abdullah City Stadium,1.9006057710493627,Very Close,74,2034-06-08 10:00:00,2034,6,8,10,3,False,74,High,100.0,False,False,False,4,100.0,Medium
REST_000321,كنافة تايم,cafe,Unknown,24.7615142,46.6740792,Prince Faisal bin Fahd Stadium,3.9025796922668614,Close,31,2034-06-10 20:00:00,2034,6,10,20,5,True,31,High,100.0,False,True,True,3,100.0,Small
REST_001263,,fast_food,Unknown,24.7854912,46.6456646,Prince Faisal bin Fahd Stadium,6.767018148103183,Moderate,60,2034-07-04 15:00:00,2034,7,4,15,1,False,19,Low,31.666666666666664,False,False,False,2,31.666666666666664,Medium
REST_000411,مطعم ابوعيسى للمشويات,restaurant,Unknown,26.4210904,50.068596,Prince Mohammed bin Fahd Stadium,2.012394027171295,Close,167,2034-06-13 19:00:00,2034,6,13,19,1,False,167,High,100.0,False,True,True,3,100.0,Large
REST_000656,Al Mansaf,restaurant,Unknown,24.711061,46.6977886,King Fahd International Stadium,3.2147468402165744,Close,90,2034-06-30 09:00:00,2034,6,30,9,4,True,90,High,100.0,False,False,False,3,100.0,Medium
REST_001028,Crazy Pizza,restaurant,Unknown,24.6752569,46.6249792,King Fahd International Stadium,6.273273163013817,Moderate,91,2034-07-10 22:00:00,2034,7,10,22,0,False,76,High,83.51648351648352,False,True,True,2,83.51648351648352,Medium
REST_000307,مطعم بيت السندباد,restaurant,Unknown,26.3570557,43.9522896,King Abdullah City Stadium,1.792025346765346,Very Close,50,2034-06-07 14:00:00,2034,6,7,14,2,False,50,High,100.0,True,False,True,4,100.0,Medium
REST_000596,دانكن دونتس,fast_food,Unknown,24.8185961,46.6866878,Prince Faisal bin Fahd Stadium,5.743140914582132,Moderate,48,2034-06-10 18:00:00,2034,6,10,18,5,True,45,High,93.75,False,False,False,2,93.75,Small
REST_001309,دوار السعادة,restaurant,Unknown,24.7582768,46.674634,Prince Faisal bin Fahd Stadium,3.9720294278051407,Close,165,2034-06-08 15:00:00,2034,6,8,15,3,False,165,High,100.0,False,False,False,3,100.0,Large
REST_000913,Bateel El'an,restaurant,Unknown,24.8426989,46.7339669,Prince Faisal bin Fahd Stadium,8.206687960489587,Moderate,128,2034-06-19 11:00:00,2034,6,19,11,0,False,74,Medium,57.8125,False,False,False,2,57.8125,Large
REST_001343,friday's,restaurant,Unknown,21.6315972,39.1333664,King Abdullah Sports City,2.0631811575655674,Close,160,2034-07-07 19:00:00,2034,7,7,19,4,True,160,High,100.0,False,True,True,3,100.0,Large
REST_000323,مطعم فينور,restaurant,Unknown,26.3963787,43.9190606,King Abdullah City Stadium,5.780250129844871,Moderate,99,2034-06-10 11:00:00,2034,6,10,11,5,True,70,Medium,70.70707070707071,False,False,False,2,70.70707070707071,Medium
REST_001409,Friday's,restaurant,Unknown,24.7044957,46.6646636,King Fahd International Stadium,3.149804203532667,Close,164,2034-07-14 18:00:00,2034,7,14,18,4,True,160,High,97.5609756097561,False,False,False,3,97.5609756097561,Large
REST_000738,,restaurant,Unknown,24.6833207,46.7184462,King Fahd International Stadium,3.249037641162283,Close,172,2034-06-27 09:00:00,2034,6,27,9,1,False,126,Medium,73.25581395348837,False,False,False,3,73.25581395348837,Large
REST_000405,Chkn,fast_food,Unknown,24.7052437,46.6856344,King Fahd International Stadium,2.3520335760972437,Close,70,2034-06-18 11:00:00,2034,6,18,11,6,False,52,Medium,74.28571428571429,False,False,False,3,74.28571428571429,Medium
REST_001078,Urth Caffe,cafe,Unknown,24.705692,46.7056408,King Fahd International Stadium,3.0955146999388123,Close,48,2034-07-08 10:00:00,2034,7,8,10,5,True,40,High,83.33333333333334,False,False,False,3,83.33333333333334,Small
REST_001458,شاورمر,fast_food,Unknown,26.393925,43.9259582,King Abdullah City Stadium,5.063201120698004,Moderate,76,2034-06-04 22:00:00,2034,6,4,22,6,False,70,High,92.10526315789474,False,True,True,2,92.10526315789474,Medium
REST_000048,Cinnabon,fast_food,Unknown,24.7375941,46.7978042,Prince Faisal bin Fahd Stadium,9.5593299885977,Moderate,58,2034-07-09 19:00:00,2034,7,9,19,6,False,58,High,100.0,False,True,True,2,100.0,Medium
REST_001210,Shawarmer,fast_food,Unknown,24.5988355,46.6900916,King Fahd International Stadium,9.488721224834078,Moderate,76,2034-06-01 22:00:00,2034,6,1,22,3,False,76,High,100.0,False,True,True,2,100.0,Medium
REST_001292,رغيف وجبنة,restaurant,Unknown,24.7952936,46.6350728,Prince Faisal bin Fahd Stadium,8.094481090029316,Moderate,110,2034-06-08 22:00:00,2034,6,8,22,3,False,67,Medium,60.909090909090914,False,True,True,2,60.909090909090914,Large
REST_000339,كاشو,fast_food,Unknown,24.7804606,46.6633466,Prince Faisal bin Fahd Stadium,4.904334415073274,Close,54,2034-06-20 21:00:00,2034,6,20,21,1,False,54,High,100.0,False,True,True,3,100.0,Medium
REST_000048,Cinnabon,fast_food,Unknown,24.7375941,46.7978042,Prince Faisal bin Fahd Stadium,9.5593299885977,Moderate,58,2034-06-10 12:00:00,2034,6,10,12,5,True,35,Medium,60.3448275862069,True,False,True,2,60.3448275862069,Medium
REST_001237,ماكدونالدز,fast_food,Unknown,21.6135637,39.1072174,King Abdullah Sports City,1.9186500867305076,Very Close,65,2034-06-12 14:00:00,2034,6,12,14,0,False,60,High,92.3076923076923,True,False,True,4,92.3076923076923,Medium
REST_000115,مطعم راعيها للاسماك,restaurant,Unknown,26.4212605,50.1162703,Prince Mohammed bin Fahd Stadium,2.7362159034590707,Close,56,2034-07-06 12:00:00,2034,7,6,12,3,False,56,High,100.0,True,False,True,3,100.0,Medium
REST_000690,دانكن دونتس,fast_food,Unknown,21.5724549,39.1586974,King Abdullah Sports City,7.905330247035989,Moderate,53,2034-06-07 09:00:00,2034,6,7,9,2,False,26,Low,49.056603773584904,False,False,False,2,49.056603773584904,Medium
REST_000144,,fast_food,Unknown,26.4554155,50.0889525,Prince Mohammed bin Fahd Stadium,3.8602173379676294,Close,71,2034-06-07 10:00:00,2034,6,7,10,2,False,52,Medium,73.23943661971832,False,False,False,3,73.23943661971832,Medium
REST_001143,الشام شامك,restaurant,Unknown,26.3960741,43.9496506,King Abdullah City Stadium,3.6814203848002136,Close,105,2034-06-23 17:00:00,2034,6,23,17,4,True,93,High,88.57142857142857,False,False,False,3,88.57142857142857,Large
REST_000768,ديب فرايز,restaurant,Unknown,24.8151974,46.6354608,Prince Faisal bin Fahd Stadium,9.018025347370818,Moderate,86,2034-07-04 09:00:00,2034,7,4,9,1,False,47,Medium,54.65116279069767,False,False,False,2,54.65116279069767,Medium
REST_001085,كانتون,fast_food,Unknown,24.8114338,46.7694112,Prince Faisal bin Fahd Stadium,7.354754705283516,Moderate,36,2034-07-11 14:00:00,2034,7,11,14,1,False,36,High,100.0,True,False,True,2,100.0,Small
REST_000264,Vendor Coffee - مقهى فيندور,cafe,Unknown,24.7558162,46.7718623,Prince Faisal bin Fahd Stadium,6.4001987570527925,Moderate,58,2034-06-02 15:00:00,2034,6,2,15,4,True,37,Medium,63.793103448275865,False,False,False,2,63.793103448275865,Medium
REST_000698,بيت الدونات,fast_food,Unknown,21.5768762,39.1497784,King Abdullah Sports City,6.978438990022302,Moderate,36,2034-07-08 08:00:00,2034,7,8,8,5,True,28,Medium,77.77777777777779,False,False,False,2,77.77777777777779,Small
REST_001127,كانتون,fast_food,Unknown,21.5496814,39.1476104,King Abdullah Sports City,9.581478278878778,Moderate,64,2034-06-01 16:00:00,2034,6,1,16,3,False,44,Medium,68.75,False,False,False,2,68.75,Medium
REST_000504,مطبغ الضيافة,restaurant,Unknown,21.5813302,39.1601843,King Abdullah Sports City,7.234726941392608,Moderate,138,2034-06-07 18:00:00,2034,6,7,18,2,False,112,High,81.15942028985508,False,False,False,2,81.15942028985508,Large
REST_001093,كانتون,fast_food,Unknown,26.4549221,50.1213564,Prince Mohammed bin Fahd Stadium,4.998786870689678,Close,39,2034-06-01 22:00:00,2034,6,1,22,3,False,39,High,100.0,False,True,True,3,100.0,Small
REST_001297,McDonald's,fast_food,Unknown,24.8026886,46.7949259,Prince Faisal bin Fahd Stadium,9.13792283907063,Moderate,56,2034-06-26 13:00:00,2034,6,26,13,0,False,49,High,87.5,True,False,True,2,87.5,Medium
REST_000618,,cafe,Unknown,21.5985513,39.1237252,King Abdullah Sports City,3.631922233509138,Close,95,2034-06-14 20:00:00,2034,6,14,20,2,False,95,High,100.0,False,True,True,3,100.0,Medium
REST_000639,Seatle's Best,cafe,Unknown,24.7672177,46.7557637,Prince Faisal bin Fahd Stadium,4.5494578002282235,Close,55,2034-06-23 18:00:00,2034,6,23,18,4,True,39,Medium,70.9090909090909,False,False,False,3,70.9090909090909,Medium
REST_001286,,cafe,Unknown,24.7680715,46.7152814,Prince Faisal bin Fahd Stadium,0.6067011476263072,Very Close,66,2034-07-02 16:00:00,2034,7,2,16,6,False,31,Low,46.96969696969697,False,False,False,4,46.96969696969697,Medium
REST_000504,مطبغ الضيافة,restaurant,Unknown,21.5813302,39.1601843,King Abdullah Sports City,7.234726941392608,Moderate,138,2034-06-10 09:00:00,2034,6,10,9,5,True,104,Medium,75.36231884057972,False,False,False,2,75.36231884057972,Large
REST_000339,كاشو,fast_food,Unknown,24.7804606,46.6633466,Prince Faisal bin Fahd Stadium,4.904334415073274,Close,54,2034-07-09 10:00:00,2034,7,9,10,6,False,20,Low,37.03703703703704,False,False,False,3,37.03703703703704,Medium
REST_000565,zonice | زونايس,restaurant,Unknown,26.375623,43.9359581,King Abdullah City Stadium,3.219325361091538,Close,134,2034-06-02 15:00:00,2034,6,2,15,4,True,88,Medium,65.67164179104478,False,False,False,3,65.67164179104478,Large
REST_000168,,restaurant,Unknown,26.4489936,50.1183693,Prince Mohammed bin Fahd Stadium,4.308842021998596,Close,159,2034-07-06 12:00:00,2034,7,6,12,3,False,159,High,100.0,True,False,True,3,100.0,Large
REST_000045,Golden Palace Chinese Restaurant,restaurant,Unknown,21.5566055,39.1691506,King Abdullah Sports City,9.96729911629322,Moderate,98,2034-06-04 11:00:00,2034,6,4,11,6,False,29,Low,29.591836734693878,False,False,False,2,29.591836734693878,Medium
REST_000306,الناضج,restaurant,Unknown,26.3582887,43.948908,King Abdullah City Stadium,2.004246793354236,Close,50,2034-06-27 14:00:00,2034,6,27,14,1,False,30,Medium,60.0,True,False,True,3,60.0,Medium
REST_000546,,cafe,Unknown,21.6022247,39.107528,King Abdullah Sports City,3.1277652283271515,Close,55,2034-06-30 12:00:00,2034,6,30,12,4,True,55,High,100.0,True,False,True,3,100.0,Medium
REST_001225,alforn,cafe,Unknown,21.6522453,39.1260439,King Abdullah Sports City,2.8124633312896465,Close,60,2034-06-16 18:00:00,2034,6,16,18,4,True,40,Medium,66.66666666666666,False,False,False,3,66.66666666666666,Medium
REST_000120,طيف ماضينا,restaurant,Unknown,26.40684,50.107802,Prince Mohammed bin Fahd Stadium,2.4405236711242657,Close,78,2034-06-04 22:00:00,2034,6,4,22,6,False,78,High,100.0,False,True,True,3,100.0,Medium
REST_001006,مطبخ و مطعم همام,restaurant,Unknown,21.6118522,39.1236758,King Abdullah Sports City,2.255948652574545,Close,99,2034-06-04 18:00:00,2034,6,4,18,6,False,87,High,87.87878787878788,False,False,False,3,87.87878787878788,Medium
REST_001494,فلافل عرفة,restaurant,Unknown,26.3565213,43.9529245,King Abdullah City Stadium,1.7789626297867553,Very Close,161,2034-06-12 10:00:00,2034,6,12,10,0,False,91,Medium,56.52173913043478,False,False,False,4,56.52173913043478,Large
REST_001238,البيك,fast_food,Unknown,21.6058287,39.1070223,King Abdullah Sports City,2.7483116028926604,Close,51,2034-06-03 08:00:00,2034,6,3,8,5,True,28,Medium,54.90196078431373,False,False,False,3,54.90196078431373,Medium
REST_001420,,cafe,Unknown,24.6984321,46.6893818,King Fahd International Stadium,1.6237859376843085,Very Close,70,2034-06-30 14:00:00,2034,6,30,14,4,True,70,High,100.0,True,False,True,4,100.0,Medium
REST_001381,Abu zaid,restaurant,Unknown,21.7087895,39.1030025,King Abdullah Sports City,8.849966247534358,Moderate,60,2034-07-09 17:00:00,2034,7,9,17,6,False,46,Medium,76.66666666666667,False,False,False,2,76.66666666666667,Medium
REST_000336,شاورمر,fast_food,Unknown,24.8114498,46.6261347,Prince Faisal bin Fahd Stadium,9.629738008464582,Moderate,36,2034-06-13 19:00:00,2034,6,13,19,1,False,36,High,100.0,False,True,True,2,100.0,Small
REST_000759,باستليتا,restaurant,Unknown,24.8119912,46.6462956,Prince Faisal bin Fahd Stadium,7.907992504126639,Moderate,145,2034-07-03 22:00:00,2034,7,3,22,0,False,145,High,100.0,False,True,True,2,100.0,Large
REST_001460,مطاعم ومطابخ مضياف,restaurant,Unknown,26.404773,43.9141945,King Abdullah City Stadium,6.728810304967679,Moderate,114,2034-06-16 14:00:00,2034,6,16,14,4,True,114,High,100.0,True,False,True,2,100.0,Large
REST_000844,دانكن دونتس,fast_food,Unknown,24.8346375,46.7354588,Prince Faisal bin Fahd Stadium,7.4000600489304045,Moderate,61,2034-06-07 18:00:00,2034,6,7,18,2,False,43,Medium,70.49180327868852,False,False,False,2,70.49180327868852,Medium
REST_000694,دانكن دونتس,fast_food,Unknown,24.664282,46.6825235,King Fahd International Stadium,2.2364548860730262,Close,76,2034-07-02 13:00:00,2034,7,2,13,6,False,76,High,100.0,True,False,True,3,100.0,Medium
REST_000619,Java Cafe,cafe,Unknown,24.6883445,46.7185334,King Fahd International Stadium,3.290648674299839,Close,74,2034-06-08 11:00:00,2034,6,8,11,3,False,48,Medium,64.86486486486487,False,False,False,3,64.86486486486487,Medium
REST_001047,مطاعم الباهر,restaurant,Unknown,21.5850807,39.1597016,King Abdullah Sports City,6.894931529153274,Moderate,75,2034-06-23 21:00:00,2034,6,23,21,4,True,75,High,100.0,False,True,True,2,100.0,Medium
REST_001458,شاورمر,fast_food,Unknown,26.393925,43.9259582,King Abdullah City Stadium,5.063201120698004,Moderate,76,2034-07-03 08:00:00,2034,7,3,8,0,False,37,Low,48.68421052631579,False,False,False,2,48.68421052631579,Medium
REST_001496,ماكدونالدز,fast_food,Unknown,26.3867527,43.9634966,King Abdullah City Stadium,2.252478544125855,Close,77,2034-06-19 15:00:00,2034,6,19,15,0,False,77,High,100.0,False,False,False,3,100.0,Medium
REST_001067,مطعم حنيذ حمود‭,restaurant,Unknown,24.8404046,46.7486088,Prince Faisal bin Fahd Stadium,8.510831431999422,Moderate,183,2034-07-05 08:00:00,2034,7,5,8,2,False,156,High,85.24590163934425,False,False,False,2,85.24590163934425,Large
REST_000681,فلافل الشام,restaurant,Unknown,21.5935782,39.1683551,King Abdullah Sports City,6.9555981877302075,Moderate,180,2034-07-05 16:00:00,2034,7,5,16,2,False,72,Low,40.0,False,False,False,2,40.0,Large
REST_000291,كوب القهوة,cafe,Unknown,26.3188473,44.0378809,King Abdullah City Stadium,8.867009934236398,Moderate,63,2034-06-06 20:00:00,2034,6,6,20,1,False,63,High,100.0,False,True,True,2,100.0,Medium
REST_000757,سمك,restaurant,Unknown,24.8151713,46.6353868,Prince Faisal bin Fahd Stadium,9.022795291434852,Moderate,92,2034-07-14 20:00:00,2034,7,14,20,4,True,92,High,100.0,False,True,True,2,100.0,Medium
REST_001143,الشام شامك,restaurant,Unknown,26.3960741,43.9496506,King Abdullah City Stadium,3.6814203848002136,Close,105,2034-06-13 11:00:00,2034,6,13,11,1,False,65,Medium,61.904761904761905,False,False,False,3,61.904761904761905,Large
REST_001111,كانتون,fast_food,Unknown,24.6863651,46.6475898,King Fahd International Stadium,3.919127586994456,Close,37,2034-07-11 19:00:00,2034,7,11,19,1,False,31,High,83.78378378378379,False,True,True,3,83.78378378378379,Small
REST_001084,كانتون,fast_food,Unknown,24.7679633,46.7154415,Prince Faisal bin Fahd Stadium,0.6266665682220814,Very Close,64,2034-07-02 14:00:00,2034,7,2,14,6,False,62,High,96.875,True,False,True,4,96.875,Medium
REST_000614,Al Nafoura Rest. & Sweets,restaurant,Unknown,24.6884918,46.7238554,King Fahd International Stadium,3.8256171655155704,Close,82,2034-07-14 14:00:00,2034,7,14,14,4,True,76,High,92.6829268292683,True,False,True,3,92.6829268292683,Medium
REST_000661,Dose Cafe,cafe,Unknown,24.8401038,46.7323744,Prince Faisal bin Fahd Stadium,7.884814874295175,Moderate,69,2034-06-24 11:00:00,2034,6,24,11,5,True,33,Low,47.82608695652174,False,False,False,2,47.82608695652174,Medium
REST_000460,فلافل عمو باسل,restaurant,Unknown,26.3637343,50.0712777,Prince Mohammed bin Fahd Stadium,6.570345335794803,Moderate,73,2034-06-12 20:00:00,2034,6,12,20,0,False,73,High,100.0,False,True,True,2,100.0,Medium
REST_001107,كانتون,fast_food,Unknown,24.684872,46.7751744,King Fahd International Stadium,8.979753197045342,Moderate,76,2034-07-11 15:00:00,2034,7,11,15,1,False,52,Medium,68.42105263157895,False,False,False,2,68.42105263157895,Medium
REST_000314,Kudu,restaurant,Unknown,24.7668483,46.7553554,Prince Faisal bin Fahd Stadium,4.513441563268799,Close,155,2034-07-07 13:00:00,2034,7,7,13,4,True,109,Medium,70.3225806451613,True,False,True,3,70.3225806451613,Large
REST_000661,Dose Cafe,cafe,Unknown,24.8401038,46.7323744,Prince Faisal bin Fahd Stadium,7.884814874295175,Moderate,69,2034-07-03 22:00:00,2034,7,3,22,0,False,48,Medium,69.56521739130434,False,True,True,2,69.56521739130434,Medium
REST_000705,,restaurant,Unknown,24.793833,46.6547551,Prince Faisal bin Fahd Stadium,6.179758496862934,Moderate,93,2034-07-08 14:00:00,2034,7,8,14,5,True,93,High,100.0,True,False,True,2,100.0,Medium
REST_000705,,restaurant,Unknown,24.793833,46.6547551,Prince Faisal bin Fahd Stadium,6.179758496862934,Moderate,93,2034-06-27 12:00:00,2034,6,27,12,1,False,40,Low,43.01075268817204,True,False,True,2,43.01075268817204,Medium
REST_000940,بيتزا وفطائر شامية,restaurant,Unknown,24.6479955,46.7066944,King Fahd International Stadium,4.512687543668715,Close,146,2034-06-22 18:00:00,2034,6,22,18,3,False,61,Low,41.78082191780822,False,False,False,3,41.78082191780822,Large
REST_001041,مايسترو,restaurant,Unknown,21.5991497,39.1446547,King Abdullah Sports City,4.689150418406639,Close,61,2034-07-04 14:00:00,2034,7,4,14,1,False,61,High,100.0,True,False,True,3,100.0,Medium
REST_000366,Sushi Yoshi,restaurant,Unknown,21.615271,39.108149,King Abdullah Sports City,1.7076191574256798,Very Close,85,2034-07-06 16:00:00,2034,7,6,16,3,False,66,Medium,77.64705882352942,False,False,False,4,77.64705882352942,Medium
REST_000178,بوفية أسناف,fast_food,Unknown,26.3977266,50.0186487,Prince Mohammed bin Fahd Stadium,7.438788525160079,Moderate,78,2034-07-11 21:00:00,2034,7,11,21,1,False,73,High,93.58974358974359,False,True,True,2,93.58974358974359,Medium
REST_000558,,cafe,Unknown,26.3644115,50.0955797,Prince Mohammed bin Fahd Stadium,6.2953193536538,Moderate,94,2034-06-26 10:00:00,2034,6,26,10,0,False,62,Medium,65.95744680851064,False,False,False,2,65.95744680851064,Medium
REST_000482,كيان,cafe,Unknown,21.5940752,39.1474478,King Abdullah Sports City,5.300598736968713,Moderate,48,2034-06-15 20:00:00,2034,6,15,20,3,False,48,High,100.0,False,True,True,2,100.0,Small
REST_000077,,restaurant,Unknown,24.8164903,46.7748421,Prince Faisal bin Fahd Stadium,8.131173254585994,Moderate,95,2034-07-11 17:00:00,2034,7,11,17,1,False,31,Low,32.631578947368425,False,False,False,2,32.631578947368425,Medium
REST_001067,مطعم حنيذ حمود‭,restaurant,Unknown,24.8404046,46.7486088,Prince Faisal bin Fahd Stadium,8.510831431999422,Moderate,183,2034-07-15 15:00:00,2034,7,15,15,5,True,120,Medium,65.57377049180327,False,False,False,2,65.57377049180327,Large
REST_000661,Dose Cafe,cafe,Unknown,24.8401038,46.7323744,Prince Faisal bin Fahd Stadium,7.884814874295175,Moderate,69,2034-06-10 08:00:00,2034,6,10,8,5,True,66,High,95.65217391304348,False,False,False,2,95.65217391304348,Medium
REST_000667,صب واي,fast_food,Unknown,26.357221,43.965995,King Abdullah City Stadium,1.0563545340912888,Very Close,62,2034-06-13 13:00:00,2034,6,13,13,1,False,62,High,100.0,True,False,True,4,100.0,Medium
REST_001285,منتو يغمش,restaurant,Unknown,24.8005739,46.7829763,Prince Faisal bin Fahd Stadium,7.934873923007209,Moderate,126,2034-06-28 18:00:00,2034,6,28,18,2,False,109,High,86.5079365079365,False,False,False,2,86.5079365079365,Large
REST_001143,الشام شامك,restaurant,Unknown,26.3960741,43.9496506,King Abdullah City Stadium,3.6814203848002136,Close,105,2034-06-17 09:00:00,2034,6,17,9,5,True,105,High,100.0,False,False,False,3,100.0,Large
REST_000978,Piccolo Roasters,cafe,Unknown,24.7967938,46.6761147,Prince Faisal bin Fahd Stadium,4.479406277618962,Close,46,2034-07-13 08:00:00,2034,7,13,8,3,False,19,Low,41.30434782608695,False,False,False,3,41.30434782608695,Small
REST_001084,كانتون,fast_food,Unknown,24.7679633,46.7154415,Prince Faisal bin Fahd Stadium,0.6266665682220814,Very Close,64,2034-06-28 18:00:00,2034,6,28,18,2,False,49,Medium,76.5625,False,False,False,4,76.5625,Medium
REST_000348,,restaurant,Unknown,24.7671892,46.7170346,Prince Faisal bin Fahd Stadium,0.8034990755507266,Very Close,103,2034-07-06 16:00:00,2034,7,6,16,3,False,58,Medium,56.310679611650485,False,False,False,4,56.310679611650485,Large
REST_000429,,cafe,Unknown,21.614964,39.153345,King Abdullah Sports City,4.4368840980897195,Close,23,2034-06-07 12:00:00,2034,6,7,12,2,False,23,High,100.0,True,False,True,3,100.0,Small
REST_001377,Kudu,restaurant,Unknown,24.704312,46.6833077,King Fahd International Stadium,2.267711502191541,Close,54,2034-07-13 19:00:00,2034,7,13,19,3,False,54,High,100.0,False,True,True,3,100.0,Medium
REST_001290,Shuwa Express شوا اكسبرس,restaurant,Unknown,24.7855994,46.6340773,Prince Faisal bin Fahd Stadium,7.913916210770655,Moderate,90,2034-06-29 15:00:00,2034,6,29,15,3,False,38,Low,42.22222222222222,False,False,False,2,42.22222222222222,Medium
REST_001460,مطاعم ومطابخ مضياف,restaurant,Unknown,26.404773,43.9141945,King Abdullah City Stadium,6.728810304967679,Moderate,114,2034-06-18 20:00:00,2034,6,18,20,6,False,114,High,100.0,False,True,True,2,100.0,Large
REST_001088,كانتون,fast_food,Unknown,24.8250499,46.7505652,Prince Faisal bin Fahd Stadium,7.132901944566299,Moderate,66,2034-06-17 09:00:00,2034,6,17,9,5,True,55,High,83.33333333333334,False,False,False,2,83.33333333333334,Medium
REST_000408,Ulb,fast_food,Unknown,24.7668209,46.7066941,Prince Faisal bin Fahd Stadium,0.7127197008308248,Very Close,57,2034-07-03 12:00:00,2034,7,3,12,0,False,57,High,100.0,True,False,True,4,100.0,Medium
REST_001211,Chez Sushi,restaurant,Unknown,21.555092,39.1430375,King Abdullah Sports City,8.850721659189874,Moderate,76,2034-06-23 17:00:00,2034,6,23,17,4,True,50,Medium,65.78947368421053,False,False,False,2,65.78947368421053,Medium
REST_000686,هارديز,fast_food,Unknown,24.5960543,46.6815841,King Fahd International Stadium,9.801830764937293,Moderate,43,2034-06-21 08:00:00,2034,6,21,8,2,False,31,Medium,72.09302325581395,False,False,False,2,72.09302325581395,Small
REST_000404,Ulb,fast_food,Unknown,24.7444149,46.6206874,King Fahd International Stadium,9.428894084691638,Moderate,35,2034-06-26 15:00:00,2034,6,26,15,0,False,26,Medium,74.28571428571429,False,False,False,2,74.28571428571429,Small
REST_000387,ليفاني كوفي - Leivani coffee,cafe,Unknown,24.747746,46.7018094,Prince Faisal bin Fahd Stadium,2.841605378077961,Close,77,2034-07-06 21:00:00,2034,7,6,21,3,False,77,High,100.0,False,True,True,3,100.0,Medium
REST_001413,The Pancake House,restaurant,Unknown,24.7079737,46.6751704,King Fahd International Stadium,2.8829289311906243,Close,100,2034-07-08 18:00:00,2034,7,8,18,5,True,88,High,88.0,False,False,False,3,88.0,Large
REST_000769,مكشكش,restaurant,Unknown,24.8152251,46.6355218,Prince Faisal bin Fahd Stadium,9.01446420038041,Moderate,89,2034-06-23 12:00:00,2034,6,23,12,4,True,77,High,86.51685393258427,True,False,True,2,86.51685393258427,Medium
REST_000179,مطابخ الانصار,restaurant,Unknown,26.3941641,50.0277195,Prince Mohammed bin Fahd Stadium,6.760989474154515,Moderate,124,2034-07-08 12:00:00,2034,7,8,12,5,True,105,High,84.67741935483872,True,False,True,2,84.67741935483872,Large
REST_001450,كافيه ناي نسائي,cafe,Unknown,26.3639518,43.9492486,King Abdullah City Stadium,1.7653075026122027,Very Close,88,2034-07-12 20:00:00,2034,7,12,20,2,False,88,High,100.0,False,True,True,4,100.0,Medium
REST_000656,Al Mansaf,restaurant,Unknown,24.711061,46.6977886,King Fahd International Stadium,3.2147468402165744,Close,90,2034-06-08 10:00:00,2034,6,8,10,3,False,37,Low,41.11111111111111,False,False,False,3,41.11111111111111,Medium
REST_000167,Kudu,restaurant,Unknown,26.4508454,50.118796,Prince Mohammed bin Fahd Stadium,4.489541804088695,Close,64,2034-06-04 21:00:00,2034,6,4,21,6,False,47,Medium,73.4375,False,True,True,3,73.4375,Medium
REST_000482,كيان,cafe,Unknown,21.5940752,39.1474478,King Abdullah Sports City,5.300598736968713,Moderate,48,2034-06-24 11:00:00,2034,6,24,11,5,True,40,High,83.33333333333334,False,False,False,2,83.33333333333334,Small
REST_000307,مطعم بيت السندباد,restaurant,Unknown,26.3570557,43.9522896,King Abdullah City Stadium,1.792025346765346,Very Close,50,2034-06-22 17:00:00,2034,6,22,17,3,False,46,High,92.0,False,False,False,4,92.0,Medium
REST_001216,Beefbar,restaurant,Unknown,24.7043323,46.7059386,King Fahd International Stadium,2.999598031405568,Close,120,2034-07-12 16:00:00,2034,7,12,16,2,False,52,Low,43.333333333333336,False,False,False,3,43.333333333333336,Large
REST_000388,فروت ارت,fast_food,Unknown,24.7257628,46.6846076,King Fahd International Stadium,4.635845454921703,Close,34,2034-06-18 11:00:00,2034,6,18,11,6,False,16,Low,47.05882352941176,False,False,False,3,47.05882352941176,Small
REST_000316,,cafe,Unknown,24.8288808,46.6826866,Prince Faisal bin Fahd Stadium,6.950718142117515,Moderate,88,2034-06-08 19:00:00,2034,6,8,19,3,False,60,Medium,68.18181818181817,False,True,True,2,68.18181818181817,Medium
REST_000179,مطابخ الانصار,restaurant,Unknown,26.3941641,50.0277195,Prince Mohammed bin Fahd Stadium,6.760989474154515,Moderate,124,2034-07-15 15:00:00,2034,7,15,15,5,True,68,Medium,54.83870967741935,False,False,False,2,54.83870967741935,Large
REST_001041,مايسترو,restaurant,Unknown,21.5991497,39.1446547,King Abdullah Sports City,4.689150418406639,Close,61,2034-07-15 12:00:00,2034,7,15,12,5,True,61,High,100.0,True,False,True,3,100.0,Medium
REST_001376,بروستد كوفي,restaurant,Unknown,24.6401514,46.7083399,King Fahd International Stadium,5.370451118649105,Moderate,77,2034-06-30 16:00:00,2034,6,30,16,4,True,33,Low,42.857142857142854,False,False,False,2,42.857142857142854,Medium
REST_001276,Kudu,fast_food,Unknown,24.7796537,46.7883129,Prince Faisal bin Fahd Stadium,7.852979221204432,Moderate,34,2034-06-12 22:00:00,2034,6,12,22,0,False,34,High,100.0,False,True,True,2,100.0,Small
REST_000167,Kudu,restaurant,Unknown,26.4508454,50.118796,Prince Mohammed bin Fahd Stadium,4.489541804088695,Close,64,2034-06-13 12:00:00,2034,6,13,12,1,False,40,Medium,62.5,True,False,True,3,62.5,Medium
REST_001129,كانتون,fast_food,Unknown,21.640553,39.1013235,King Abdullah Sports City,1.735992067913227,Very Close,60,2034-07-05 18:00:00,2034,7,5,18,2,False,30,Medium,50.0,False,False,False,4,50.0,Medium
REST_000387,ليفاني كوفي - Leivani coffee,cafe,Unknown,24.747746,46.7018094,Prince Faisal bin Fahd Stadium,2.841605378077961,Close,77,2034-06-19 16:00:00,2034,6,19,16,0,False,53,Medium,68.83116883116884,False,False,False,3,68.83116883116884,Medium
REST_000137,البخاري,restaurant,Unknown,26.4268519,50.0124603,Prince Mohammed bin Fahd Stadium,7.632476730856747,Moderate,52,2034-06-12 16:00:00,2034,6,12,16,0,False,22,Low,42.30769230769231,False,False,False,2,42.30769230769231,Medium
REST_000802,فوال الخرطوم,restaurant,Unknown,24.6887974,46.764801,King Fahd International Stadium,7.948332152832165,Moderate,127,2034-07-05 18:00:00,2034,7,5,18,2,False,101,Medium,79.52755905511812,False,False,False,2,79.52755905511812,Large
REST_000283,al fares,restaurant,Unknown,26.3373754,43.9662608,King Abdullah City Stadium,3.261040392550364,Close,165,2034-07-09 09:00:00,2034,7,9,9,6,False,162,High,98.18181818181819,False,False,False,3,98.18181818181819,Large
REST_000681,فلافل الشام,restaurant,Unknown,21.5935782,39.1683551,King Abdullah Sports City,6.9555981877302075,Moderate,180,2034-06-08 18:00:00,2034,6,8,18,3,False,109,Medium,60.55555555555555,False,False,False,2,60.55555555555555,Large
REST_001217,Pizza Hut,fast_food,Unknown,21.5737554,39.1105204,King Abdullah Sports City,6.239484026388619,Moderate,70,2034-07-08 10:00:00,2034,7,8,10,5,True,61,High,87.14285714285714,False,False,False,2,87.14285714285714,Medium
REST_000283,al fares,restaurant,Unknown,26.3373754,43.9662608,King Abdullah City Stadium,3.261040392550364,Close,165,2034-06-03 22:00:00,2034,6,3,22,5,True,165,High,100.0,False,True,True,3,100.0,Large
REST_001335,,restaurant,Unknown,24.7987557,46.6663059,Prince Faisal bin Fahd Stadium,5.410669423428039,Moderate,70,2034-06-28 18:00:00,2034,6,28,18,2,False,22,Low,31.428571428571427,False,False,False,2,31.428571428571427,Medium
REST_000759,باستليتا,restaurant,Unknown,24.8119912,46.6462956,Prince Faisal bin Fahd Stadium,7.907992504126639,Moderate,145,2034-06-17 08:00:00,2034,6,17,8,5,True,92,Medium,63.44827586206897,False,False,False,2,63.44827586206897,Large
REST_000519,ارببكا,cafe,Unknown,24.6372046,46.6931329,King Fahd International Stadium,5.260047735977853,Moderate,28,2034-07-07 14:00:00,2034,7,7,14,4,True,13,Low,46.42857142857143,True,False,True,2,46.42857142857143,Small
REST_001031,Myazu,restaurant,Unknown,21.5505271,39.1530848,King Abdullah Sports City,9.71858015376378,Moderate,80,2034-06-16 17:00:00,2034,6,16,17,4,True,51,Medium,63.74999999999999,False,False,False,2,63.74999999999999,Medium
REST_000574,عمو نبيل للمأكولات البحرية,restaurant,Unknown,21.5867638,39.1575781,King Abdullah Sports City,6.607926746952486,Moderate,156,2034-07-10 14:00:00,2034,7,10,14,0,False,156,High,100.0,True,False,True,2,100.0,Large
REST_000167,Kudu,restaurant,Unknown,26.4508454,50.118796,Prince Mohammed bin Fahd Stadium,4.489541804088695,Close,64,2034-06-16 14:00:00,2034,6,16,14,4,True,64,High,100.0,True,False,True,3,100.0,Medium
REST_000761,دانا كافيه,cafe,Unknown,24.7984163,46.6424103,Prince Faisal bin Fahd Stadium,7.525909337719232,Moderate,78,2034-07-14 12:00:00,2034,7,14,12,4,True,78,High,100.0,True,False,True,2,100.0,Medium
REST_001495,,restaurant,Unknown,26.3877205,43.9540534,King Abdullah City Stadium,2.6552758290148737,Close,168,2034-06-10 17:00:00,2034,6,10,17,5,True,163,High,97.02380952380952,False,False,False,3,97.02380952380952,Large
REST_001135,كانتون,fast_food,Unknown,21.6321162,39.1554527,King Abdullah Sports City,4.344052787106037,Close,49,2034-06-20 09:00:00,2034,6,20,9,1,False,45,High,91.83673469387756,False,False,False,3,91.83673469387756,Small
REST_001227,Mood Master Specialty Coffee Roasters and Cafe,cafe,Unknown,24.8013936,46.7071438,Prince Faisal bin Fahd Stadium,3.3025624772767106,Close,75,2034-06-23 22:00:00,2034,6,23,22,4,True,75,High,100.0,False,True,True,3,100.0,Medium
REST_000618,,cafe,Unknown,21.5985513,39.1237252,King Abdullah Sports City,3.631922233509138,Close,95,2034-06-06 08:00:00,2034,6,6,8,1,False,81,High,85.26315789473684,False,False,False,3,85.26315789473684,Medium
REST_001514,مطعم الدرة,restaurant,Unknown,26.3167846,43.945172,King Abdullah City Stadium,5.950488993521958,Moderate,97,2034-06-08 21:00:00,2034,6,8,21,3,False,60,Medium,61.855670103092784,False,True,True,2,61.855670103092784,Medium
REST_000105,,cafe,Unknown,26.4509591,50.1064509,Prince Mohammed bin Fahd Stadium,3.7959962999609917,Close,84,2034-07-13 09:00:00,2034,7,13,9,3,False,55,Medium,65.47619047619048,False,False,False,3,65.47619047619048,Medium
REST_000308,ليون كافيه,cafe,Unknown,26.3542632,43.9540151,King Abdullah City Stadium,1.873420729208515,Very Close,71,2034-06-29 20:00:00,2034,6,29,20,3,False,71,High,100.0,False,True,True,4,100.0,Medium
REST_001049,اوشيانا,cafe,Unknown,26.478559,50.1176721,Prince Mohammed bin Fahd Stadium,7.046533740788223,Moderate,72,2034-06-15 17:00:00,2034,6,15,17,3,False,44,Medium,61.111111111111114,False,False,False,2,61.111111111111114,Medium
REST_001074,,restaurant,Unknown,26.4492315,50.1185042,Prince Mohammed bin Fahd Stadium,4.337340455624325,Close,153,2034-06-03 10:00:00,2034,6,3,10,5,True,82,Medium,53.59477124183007,False,False,False,3,53.59477124183007,Large
REST_000357,Meaty  Buns,restaurant,Unknown,26.408365,43.9110596,King Abdullah City Stadium,7.22365829818569,Moderate,63,2034-07-10 17:00:00,2034,7,10,17,0,False,37,Medium,58.730158730158735,False,False,False,2,58.730158730158735,Medium
REST_000750,شريمبلس,restaurant,Unknown,24.8182369,46.6422566,Prince Faisal bin Fahd Stadium,8.642958312867966,Moderate,110,2034-07-13 14:00:00,2034,7,13,14,3,False,91,High,82.72727272727273,True,False,True,2,82.72727272727273,Large
REST_000766,هاك شاورما,restaurant,Unknown,24.7953516,46.6352325,Prince Faisal bin Fahd Stadium,8.081292725182989,Moderate,156,2034-06-25 12:00:00,2034,6,25,12,6,False,74,Low,47.43589743589743,True,False,True,2,47.43589743589743,Large
REST_000774,جافا كافيه,cafe,Unknown,24.8110417,46.6473017,Prince Faisal bin Fahd Stadium,7.76466590353739,Moderate,26,2034-06-26 14:00:00,2034,6,26,14,0,False,16,Medium,61.53846153846154,True,False,True,2,61.53846153846154,Small
REST_001094,كانتون,fast_food,Unknown,26.400639,50.1173329,Prince Mohammed bin Fahd Stadium,3.6125453122142086,Close,68,2034-06-12 12:00:00,2034,6,12,12,0,False,68,High,100.0,True,False,True,3,100.0,Medium
REST_000672,Chuck E. Cheese,restaurant,Unknown,21.6244626,39.1530151,King Abdullah Sports City,4.127451007911805,Close,140,2034-07-08 11:00:00,2034,7,8,11,5,True,134,High,95.71428571428572,False,False,False,3,95.71428571428572,Large
REST_001413,The Pancake House,restaurant,Unknown,24.7079737,46.6751704,King Fahd International Stadium,2.8829289311906243,Close,100,2034-06-06 20:00:00,2034,6,6,20,1,False,100,High,100.0,False,True,True,3,100.0,Large
REST_000559,Indonesian,restaurant,Unknown,24.7098964,46.6909907,King Fahd International Stadium,2.9073079296459525,Close,154,2034-07-03 11:00:00,2034,7,3,11,0,False,118,Medium,76.62337662337663,False,False,False,3,76.62337662337663,Large
REST_000952,سالدوتش,fast_food,Unknown,24.6630084,46.7290325,King Fahd International Stadium,4.913642089362509,Close,62,2034-06-05 08:00:00,2034,6,5,8,0,False,62,High,100.0,False,False,False,3,100.0,Medium
REST_000109,بوابة الخرطوم,restaurant,Unknown,26.43616,50.1000586,Prince Mohammed bin Fahd Stadium,2.052315647427722,Close,186,2034-06-27 15:00:00,2034,6,27,15,1,False,171,High,91.93548387096774,False,False,False,3,91.93548387096774,Large
REST_001460,مطاعم ومطابخ مضياف,restaurant,Unknown,26.404773,43.9141945,King Abdullah City Stadium,6.728810304967679,Moderate,114,2034-06-19 13:00:00,2034,6,19,13,0,False,72,Medium,63.1578947368421,True,False,True,2,63.1578947368421,Large
REST_000840,ميلانا كافيه,cafe,Unknown,24.8336702,46.7334612,Prince Faisal bin Fahd Stadium,7.233041214872869,Moderate,64,2034-07-04 19:00:00,2034,7,4,19,1,False,64,High,100.0,False,True,True,2,100.0,Medium
REST_001418,Shikara Restaurant,restaurant,Unknown,24.7128171,46.6711407,King Fahd International Stadium,3.541438994349068,Close,119,2034-07-13 10:00:00,2034,7,13,10,3,False,62,Medium,52.10084033613446,False,False,False,3,52.10084033613446,Large
REST_001245,مطعم فول وعدس,restaurant,Unknown,24.7090425,46.6795473,King Fahd International Stadium,2.8561454670752604,Close,97,2034-06-19 10:00:00,2034,6,19,10,0,False,74,Medium,76.28865979381443,False,False,False,3,76.28865979381443,Medium
REST_000320,,fast_food,Unknown,24.7616639,46.6733369,Prince Faisal bin Fahd Stadium,3.9694256632844938,Close,38,2034-06-15 20:00:00,2034,6,15,20,3,False,38,High,100.0,False,True,True,3,100.0,Small
REST_000806,Al Dawar,restaurant,Unknown,21.6270091,39.1116324,King Abdullah Sports City,0.36547793463446343,Very Close,130,2034-06-22 19:00:00,2034,6,22,19,3,False,130,High,100.0,False,True,True,4,100.0,Large
REST_001212,Urth Caffe,cafe,Unknown,24.6749932,46.6246864,King Fahd International Stadium,6.3071408996924445,Moderate,45,2034-06-24 15:00:00,2034,6,24,15,5,True,33,Medium,73.33333333333333,False,False,False,2,73.33333333333333,Small
REST_001277,,cafe,Unknown,24.8327713,46.7676109,Prince Faisal bin Fahd Stadium,8.858096344878021,Moderate,97,2034-07-04 15:00:00,2034,7,4,15,1,False,78,High,80.41237113402062,False,False,False,2,80.41237113402062,Medium
REST_001378,Chinese restaurant,restaurant,Unknown,24.6941334,46.6852727,King Fahd International Stadium,1.120480418058852,Very Close,91,2034-06-09 17:00:00,2034,6,9,17,4,True,50,Medium,54.94505494505495,False,False,False,4,54.94505494505495,Medium
REST_001211,Chez Sushi,restaurant,Unknown,21.555092,39.1430375,King Abdullah Sports City,8.850721659189874,Moderate,76,2034-06-01 17:00:00,2034,6,1,17,3,False,37,Low,48.68421052631579,False,False,False,2,48.68421052631579,Medium
REST_001135,كانتون,fast_food,Unknown,21.6321162,39.1554527,King Abdullah Sports City,4.344052787106037,Close,49,2034-06-23 21:00:00,2034,6,23,21,4,True,49,High,100.0,False,True,True,3,100.0,Small
REST_000650,,restaurant,Unknown,24.7150349,46.6698149,King Fahd International Stadium,3.821735120478624,Close,75,2034-06-19 13:00:00,2034,6,19,13,0,False,75,High,100.0,True,False,True,3,100.0,Medium
REST_001468,اكلات جدودنا,restaurant,Unknown,26.3707036,43.923929,King Abdullah City Stadium,4.284278486583965,Close,140,2034-06-25 17:00:00,2034,6,25,17,6,False,113,High,80.71428571428572,False,False,False,3,80.71428571428572,Large
REST_000845,Barn's,restaurant,Unknown,24.8334509,46.733426,Prince Faisal bin Fahd Stadium,7.208773253950492,Moderate,119,2034-06-20 09:00:00,2034,6,20,9,1,False,60,Medium,50.42016806722689,False,False,False,2,50.42016806722689,Large
REST_001210,Shawarmer,fast_food,Unknown,24.5988355,46.6900916,King Fahd International Stadium,9.488721224834078,Moderate,76,2034-06-17 14:00:00,2034,6,17,14,5,True,76,High,100.0,True,False,True,2,100.0,Medium
REST_001040,كفتيريا صاري,restaurant,Unknown,21.5760017,39.1485623,King Abdullah Sports City,6.994665584351821,Moderate,60,2034-06-21 13:00:00,2034,6,21,13,2,False,60,High,100.0,True,False,True,2,100.0,Medium
REST_001074,,restaurant,Unknown,26.4492315,50.1185042,Prince Mohammed bin Fahd Stadium,4.337340455624325,Close,153,2034-07-15 20:00:00,2034,7,15,20,5,True,153,High,100.0,False,True,True,3,100.0,Large
REST_000747,Obo Beach House,restaurant,Unknown,21.6516243,39.1026142,King Abdullah Sports City,2.67488942711563,Close,125,2034-07-01 20:00:00,2034,7,1,20,5,True,125,High,100.0,False,True,True,3,100.0,Large
REST_000643,,restaurant,Unknown,24.7002665,46.6916452,King Fahd International Stadium,1.8769919381494418,Very Close,72,2034-06-15 13:00:00,2034,6,15,13,3,False,48,Medium,66.66666666666666,True,False,True,4,66.66666666666666,Medium
REST_001264,,cafe,Unknown,24.7856045,46.6457319,Prince Faisal bin Fahd Stadium,6.763220039975659,Moderate,27,2034-06-02 17:00:00,2034,6,2,17,4,True,25,High,92.5925925925926,False,False,False,2,92.5925925925926,Small
REST_000660,Roma Cafe,cafe,Unknown,24.7016088,46.6915377,King Fahd International Stadium,2.0175182881893976,Close,52,2034-07-04 16:00:00,2034,7,4,16,1,False,52,High,100.0,False,False,False,3,100.0,Medium
REST_001205,مطعم فلفلة,restaurant,Unknown,26.3506278,50.0511467,Prince Mohammed bin Fahd Stadium,8.64741469840064,Moderate,55,2034-06-24 12:00:00,2034,6,24,12,5,True,55,High,100.0,True,False,True,2,100.0,Medium
REST_000964,Coffe Day,cafe,Unknown,24.7341694,46.6973022,Prince Faisal bin Fahd Stadium,4.417579149713125,Close,77,2034-06-20 10:00:00,2034,6,20,10,1,False,77,High,100.0,False,False,False,3,100.0,Medium
REST_000143,Kudu,restaurant,Unknown,26.4283716,50.0969946,Prince Mohammed bin Fahd Stadium,1.1804802812989057,Very Close,50,2034-06-10 22:00:00,2034,6,10,22,5,True,50,High,100.0,False,True,True,4,100.0,Medium
REST_001513,بيت البيتزا,restaurant,Unknown,26.3273711,43.9522093,King Abdullah City Stadium,4.605381954824378,Close,95,2034-06-05 11:00:00,2034,6,5,11,0,False,95,High,100.0,False,False,False,3,100.0,Medium
REST_000332,Kudu,restaurant,Unknown,24.7993375,46.7402288,Prince Faisal bin Fahd Stadium,4.244374307500756,Close,95,2034-06-08 16:00:00,2034,6,8,16,3,False,95,High,100.0,False,False,False,3,100.0,Medium
REST_000264,Vendor Coffee - مقهى فيندور,cafe,Unknown,24.7558162,46.7718623,Prince Faisal bin Fahd Stadium,6.4001987570527925,Moderate,58,2034-07-01 16:00:00,2034,7,1,16,5,True,37,Medium,63.793103448275865,False,False,False,2,63.793103448275865,Medium
REST_000305,مطعم بيتزاكم,fast_food,Unknown,26.3935046,43.9282015,King Abdullah City Stadium,4.857083326267404,Close,52,2034-07-05 13:00:00,2034,7,5,13,2,False,43,High,82.6923076923077,True,False,True,3,82.6923076923077,Medium
REST_000844,دانكن دونتس,fast_food,Unknown,24.8346375,46.7354588,Prince Faisal bin Fahd Stadium,7.4000600489304045,Moderate,61,2034-07-15 14:00:00,2034,7,15,14,5,True,50,High,81.9672131147541,True,False,True,2,81.9672131147541,Medium
REST_000644,Hardees,fast_food,Unknown,24.7117224,46.6970049,King Fahd International Stadium,3.256294190088511,Close,35,2034-06-17 18:00:00,2034,6,17,18,5,True,35,High,100.0,False,False,False,3,100.0,Small
REST_001110,كانتون,fast_food,Unknown,24.808371,46.6698492,Prince Faisal bin Fahd Stadium,5.805407420939589,Moderate,64,2034-06-10 18:00:00,2034,6,10,18,5,True,38,Medium,59.375,False,False,False,2,59.375,Medium
REST_001459,مايسترو بيتزا,fast_food,Unknown,26.3940382,43.9258729,King Abdullah City Stadium,5.0775390276442876,Moderate,32,2034-06-17 20:00:00,2034,6,17,20,5,True,17,Medium,53.125,False,True,True,2,53.125,Small
REST_000915,Dhahia Juice,fast_food,Unknown,24.8393628,46.732541,Prince Faisal bin Fahd Stadium,7.810262697915714,Moderate,69,2034-07-05 22:00:00,2034,7,5,22,2,False,35,Medium,50.72463768115942,False,True,True,2,50.72463768115942,Medium
REST_000344,,restaurant,Unknown,24.7799522,46.6939272,Prince Faisal bin Fahd Stadium,1.942345146229976,Very Close,57,2034-06-18 12:00:00,2034,6,18,12,6,False,57,High,100.0,True,False,True,4,100.0,Medium
REST_000176,,restaurant,Unknown,26.4104127,50.0341182,Prince Mohammed bin Fahd Stadium,5.5643445776893,Moderate,98,2034-07-01 22:00:00,2034,7,1,22,5,True,98,High,100.0,False,True,True,2,100.0,Medium
REST_001305,ماكدونالدز,fast_food,Unknown,24.7608687,46.6952563,Prince Faisal bin Fahd Stadium,2.007846447499641,Close,71,2034-07-05 10:00:00,2034,7,5,10,2,False,45,Medium,63.38028169014085,False,False,False,3,63.38028169014085,Medium
REST_000672,Chuck E. Cheese,restaurant,Unknown,21.6244626,39.1530151,King Abdullah Sports City,4.127451007911805,Close,140,2034-07-04 19:00:00,2034,7,4,19,1,False,140,High,100.0,False,True,True,3,100.0,Large
REST_001247,Nevermind,fast_food,Unknown,24.7049025,46.6846816,King Fahd International Stadium,2.3189036566434207,Close,72,2034-07-11 21:00:00,2034,7,11,21,1,False,72,High,100.0,False,True,True,3,100.0,Medium
REST_001263,,fast_food,Unknown,24.7854912,46.6456646,Prince Faisal bin Fahd Stadium,6.767018148103183,Moderate,60,2034-06-21 20:00:00,2034,6,21,20,2,False,60,High,100.0,False,True,True,2,100.0,Medium
REST_000950,سالدوتش,fast_food,Unknown,24.7449215,46.7560798,Prince Faisal bin Fahd Stadium,5.451508723546728,Moderate,49,2034-07-09 12:00:00,2034,7,9,12,6,False,49,High,100.0,True,False,True,2,100.0,Small
REST_001041,مايسترو,restaurant,Unknown,21.5991497,39.1446547,King Abdullah Sports City,4.689150418406639,Close,61,2034-06-17 17:00:00,2034,6,17,17,5,True,61,High,100.0,False,False,False,3,100.0,Medium
REST_001093,كانتون,fast_food,Unknown,26.4549221,50.1213564,Prince Mohammed bin Fahd Stadium,4.998786870689678,Close,39,2034-06-03 17:00:00,2034,6,3,17,5,True,35,High,89.74358974358975,False,False,False,3,89.74358974358975,Small
REST_001307,جافا تايم,cafe,Unknown,24.6828568,46.69716,King Fahd International Stadium,1.105912715294937,Very Close,88,2034-06-23 17:00:00,2034,6,23,17,4,True,52,Medium,59.09090909090909,False,False,False,4,59.09090909090909,Medium
REST_001460,مطاعم ومطابخ مضياف,restaurant,Unknown,26.404773,43.9141945,King Abdullah City Stadium,6.728810304967679,Moderate,114,2034-07-05 08:00:00,2034,7,5,8,2,False,100,High,87.71929824561403,False,False,False,2,87.71929824561403,Large
REST_000405,Chkn,fast_food,Unknown,24.7052437,46.6856344,King Fahd International Stadium,2.3520335760972437,Close,70,2034-06-25 14:00:00,2034,6,25,14,6,False,70,High,100.0,True,False,True,3,100.0,Medium
REST_001201,Rose Restaurant,restaurant,Unknown,26.4367344,50.1060511,Prince Mohammed bin Fahd Stadium,2.4757990144658746,Close,50,2034-06-19 17:00:00,2034,6,19,17,0,False,27,Medium,54.0,False,False,False,3,54.0,Medium
REST_000145,مطعم كبساتي,restaurant,Unknown,26.3599523,50.0659502,Prince Mohammed bin Fahd Stadium,7.127971664043465,Moderate,172,2034-06-03 09:00:00,2034,6,3,9,5,True,171,High,99.4186046511628,False,False,False,2,99.4186046511628,Large
REST_000803,Goodies,restaurant,Unknown,21.573008,39.1273857,King Abdullah Sports City,6.476101290694813,Moderate,152,2034-07-12 20:00:00,2034,7,12,20,2,False,88,Medium,57.89473684210527,False,True,True,2,57.89473684210527,Large
REST_000179,مطابخ الانصار,restaurant,Unknown,26.3941641,50.0277195,Prince Mohammed bin Fahd Stadium,6.760989474154515,Moderate,124,2034-06-03 19:00:00,2034,6,3,19,5,True,124,High,100.0,False,True,True,2,100.0,Large
REST_001287,بوفية لذيذة,fast_food,Unknown,24.789891,46.6516004,Prince Faisal bin Fahd Stadium,6.321617562001353,Moderate,71,2034-06-15 16:00:00,2034,6,15,16,3,False,47,Medium,66.19718309859155,False,False,False,2,66.19718309859155,Medium
REST_001457,ديل برجر,restaurant,Unknown,26.3926371,43.9203766,King Abdullah City Stadium,5.441693716202213,Moderate,167,2034-06-24 10:00:00,2034,6,24,10,5,True,74,Low,44.31137724550898,False,False,False,2,44.31137724550898,Large
REST_000281,فطيرة الفلافل,restaurant,Unknown,26.3291475,43.9607734,King Abdullah City Stadium,4.2172002362013945,Close,64,2034-07-14 16:00:00,2034,7,14,16,4,True,64,High,100.0,False,False,False,3,100.0,Medium
REST_001513,بيت البيتزا,restaurant,Unknown,26.3273711,43.9522093,King Abdullah City Stadium,4.605381954824378,Close,95,2034-06-02 11:00:00,2034,6,2,11,4,True,95,High,100.0,False,False,False,3,100.0,Medium
REST_000116,Phd55,restaurant,Unknown,26.4140411,50.1193958,Prince Mohammed bin Fahd Stadium,3.13551917326331,Close,94,2034-06-18 21:00:00,2034,6,18,21,6,False,94,High,100.0,False,True,True,3,100.0,Medium
REST_000756,Le Comptoir de Nicole,restaurant,Unknown,21.6534671,39.1025296,King Abdullah Sports City,2.8655347182268214,Close,79,2034-07-05 15:00:00,2034,7,5,15,2,False,71,High,89.87341772151899,False,False,False,3,89.87341772151899,Medium
REST_000048,Cinnabon,fast_food,Unknown,24.7375941,46.7978042,Prince Faisal bin Fahd Stadium,9.5593299885977,Moderate,58,2034-06-27 08:00:00,2034,6,27,8,1,False,47,High,81.03448275862068,False,False,False,2,81.03448275862068,Medium
REST_000682,ستاربكس,cafe,Unknown,21.5768392,39.1091898,King Abdullah Sports City,5.905807231835083,Moderate,24,2034-06-09 13:00:00,2034,6,9,13,4,True,24,High,100.0,True,False,True,2,100.0,Small
REST_000140,مطعم خاروف الشيف,restaurant,Unknown,26.4553987,50.0968831,Prince Mohammed bin Fahd Stadium,3.941361623330932,Close,165,2034-06-28 15:00:00,2034,6,28,15,2,False,165,High,100.0,False,False,False,3,100.0,Large
REST_001384,مطعم السقالة,restaurant,Unknown,21.7179366,39.1039789,King Abdullah Sports City,9.84960291038882,Moderate,94,2034-06-13 20:00:00,2034,6,13,20,1,False,76,High,80.85106382978722,False,True,True,2,80.85106382978722,Medium
REST_001113,كانتون,fast_food,Unknown,24.601063,46.698922,King Fahd International Stadium,9.321001131896013,Moderate,44,2034-07-04 10:00:00,2034,7,4,10,1,False,30,Medium,68.18181818181817,False,False,False,2,68.18181818181817,Small
REST_001263,,fast_food,Unknown,24.7854912,46.6456646,Prince Faisal bin Fahd Stadium,6.767018148103183,Moderate,60,2034-07-06 11:00:00,2034,7,6,11,3,False,42,Medium,70.0,False,False,False,2,70.0,Medium
REST_000431,,restaurant,Unknown,21.5934705,39.1460582,King Abdullah Sports City,5.258085772146678,Moderate,107,2034-07-15 11:00:00,2034,7,15,11,5,True,107,High,100.0,False,False,False,2,100.0,Large
REST_000166,برجر فيول,restaurant,Unknown,26.454483,50.1202934,Prince Mohammed bin Fahd Stadium,4.893234584296099,Close,174,2034-07-10 18:00:00,2034,7,10,18,0,False,71,Low,40.804597701149426,False,False,False,3,40.804597701149426,Large
REST_000814,KFC,fast_food,Unknown,21.6402961,39.1307083,King Abdullah Sports City,2.1274003299759787,Close,44,2034-06-21 21:00:00,2034,6,21,21,2,False,44,High,100.0,False,True,True,3,100.0,Small
REST_000145,مطعم كبساتي,restaurant,Unknown,26.3599523,50.0659502,Prince Mohammed bin Fahd Stadium,7.127971664043465,Moderate,172,2034-06-09 08:00:00,2034,6,9,8,4,True,141,High,81.97674418604652,False,False,False,2,81.97674418604652,Large
REST_000654,Lebanon Al Kabeer,restaurant,Unknown,24.7104422,46.6924391,King Fahd International Stadium,2.994057367977562,Close,188,2034-06-03 19:00:00,2034,6,3,19,5,True,152,High,80.85106382978722,False,True,True,3,80.85106382978722,Large
REST_001217,Pizza Hut,fast_food,Unknown,21.5737554,39.1105204,King Abdullah Sports City,6.239484026388619,Moderate,70,2034-06-27 20:00:00,2034,6,27,20,1,False,60,High,85.71428571428571,False,True,True,2,85.71428571428571,Medium
REST_000167,Kudu,restaurant,Unknown,26.4508454,50.118796,Prince Mohammed bin Fahd Stadium,4.489541804088695,Close,64,2034-06-11 08:00:00,2034,6,11,8,6,False,26,Low,40.625,False,False,False,3,40.625,Medium
REST_000345,بول,restaurant,Unknown,24.7808456,46.6974026,Prince Faisal bin Fahd Stadium,1.695282012478964,Very Close,98,2034-07-12 18:00:00,2034,7,12,18,2,False,57,Medium,58.16326530612245,False,False,False,4,58.16326530612245,Medium
REST_001277,,cafe,Unknown,24.8327713,46.7676109,Prince Faisal bin Fahd Stadium,8.858096344878021,Moderate,97,2034-06-20 12:00:00,2034,6,20,12,1,False,57,Medium,58.76288659793815,True,False,True,2,58.76288659793815,Medium
REST_001305,ماكدونالدز,fast_food,Unknown,24.7608687,46.6952563,Prince Faisal bin Fahd Stadium,2.007846447499641,Close,71,2034-07-14 22:00:00,2034,7,14,22,4,True,71,High,100.0,False,True,True,3,100.0,Medium
REST_001565,,restaurant,Unknown,24.767318,46.6594862,Prince Faisal bin Fahd Stadium,5.225984830982848,Moderate,72,2034-06-28 09:00:00,2034,6,28,9,2,False,43,Medium,59.72222222222222,False,False,False,2,59.72222222222222,Medium
REST_000126,Hardee's,fast_food,Unknown,26.3998014,50.0416004,Prince Mohammed bin Fahd Stadium,5.243638033258615,Moderate,62,2034-06-05 22:00:00,2034,6,5,22,0,False,33,Medium,53.2258064516129,False,True,True,2,53.2258064516129,Medium
REST_001110,كانتون,fast_food,Unknown,24.808371,46.6698492,Prince Faisal bin Fahd Stadium,5.805407420939589,Moderate,64,2034-06-30 16:00:00,2034,6,30,16,4,True,25,Low,39.0625,False,False,False,2,39.0625,Medium
REST_000033,arocaria,cafe,Unknown,24.7089154,46.6630009,King Fahd International Stadium,3.6268795046125923,Close,52,2034-06-27 16:00:00,2034,6,27,16,1,False,52,High,100.0,False,False,False,3,100.0,Medium
REST_000307,مطعم بيت السندباد,restaurant,Unknown,26.3570557,43.9522896,King Abdullah City Stadium,1.792025346765346,Very Close,50,2034-06-19 11:00:00,2034,6,19,11,0,False,42,High,84.0,False,False,False,4,84.0,Medium
REST_000921,كاريبو كافيه,cafe,Unknown,24.748431,46.7452618,Prince Faisal bin Fahd Stadium,4.333400688992022,Close,29,2034-06-12 08:00:00,2034,6,12,8,0,False,18,Medium,62.06896551724138,False,False,False,3,62.06896551724138,Small
REST_000113,jofrys cafe,cafe,Unknown,26.4555158,50.1213443,Prince Mohammed bin Fahd Stadium,5.048444618094335,Moderate,94,2034-06-07 08:00:00,2034,6,7,8,2,False,58,Medium,61.702127659574465,False,False,False,2,61.702127659574465,Medium
REST_000914,One Million,restaurant,Unknown,24.8417852,46.7331393,Prince Faisal bin Fahd Stadium,8.085796849499769,Moderate,136,2034-06-11 14:00:00,2034,6,11,14,6,False,68,Medium,50.0,True,False,True,2,50.0,Large
REST_001093,كانتون,fast_food,Unknown,26.4549221,50.1213564,Prince Mohammed bin Fahd Stadium,4.998786870689678,Close,39,2034-06-27 09:00:00,2034,6,27,9,1,False,15,Low,38.46153846153847,False,False,False,3,38.46153846153847,Small
REST_001079,Urth Caffe,cafe,Unknown,21.5668615,39.1248304,King Abdullah Sports City,7.095803038786741,Moderate,80,2034-06-12 15:00:00,2034,6,12,15,0,False,63,Medium,78.75,False,False,False,2,78.75,Medium
REST_000357,Meaty  Buns,restaurant,Unknown,26.408365,43.9110596,King Abdullah City Stadium,7.22365829818569,Moderate,63,2034-07-05 17:00:00,2034,7,5,17,2,False,51,High,80.95238095238095,False,False,False,2,80.95238095238095,Medium
REST_000763,دونربير,restaurant,Unknown,24.8183863,46.6426174,Prince Faisal bin Fahd Stadium,8.623688215721925,Moderate,62,2034-06-25 16:00:00,2034,6,25,16,6,False,38,Medium,61.29032258064516,False,False,False,2,61.29032258064516,Medium
REST_001422,,restaurant,Unknown,24.6983833,46.6873862,King Fahd International Stadium,1.5920170775778464,Very Close,84,2034-06-25 15:00:00,2034,6,25,15,6,False,58,Medium,69.04761904761905,False,False,False,4,69.04761904761905,Medium
REST_000843,The Coffee Address,cafe,Unknown,24.8344179,46.7353315,Prince Faisal bin Fahd Stadium,7.372755619428699,Moderate,58,2034-07-02 21:00:00,2034,7,2,21,6,False,30,Medium,51.724137931034484,False,True,True,2,51.724137931034484,Medium
REST_000038,مطعم السانية,restaurant,Unknown,26.4204967,50.0263476,Prince Mohammed bin Fahd Stadium,6.2191023829578125,Moderate,79,2034-06-12 08:00:00,2034,6,12,8,0,False,33,Low,41.77215189873418,False,False,False,2,41.77215189873418,Medium
REST_000519,ارببكا,cafe,Unknown,24.6372046,46.6931329,King Fahd International Stadium,5.260047735977853,Moderate,28,2034-06-28 13:00:00,2034,6,28,13,2,False,26,High,92.85714285714286,True,False,True,2,92.85714285714286,Small
REST_000606,شواية الحرازي,restaurant,Unknown,21.5918202,39.16888,King Abdullah Sports City,7.1142112353585825,Moderate,130,2034-06-09 16:00:00,2034,6,9,16,4,True,60,Low,46.15384615384615,False,False,False,2,46.15384615384615,Large
REST_000167,Kudu,restaurant,Unknown,26.4508454,50.118796,Prince Mohammed bin Fahd Stadium,4.489541804088695,Close,64,2034-06-18 09:00:00,2034,6,18,9,6,False,54,High,84.375,False,False,False,3,84.375,Medium
REST_000405,Chkn,fast_food,Unknown,24.7052437,46.6856344,King Fahd International Stadium,2.3520335760972437,Close,70,2034-06-07 10:00:00,2034,6,7,10,2,False,52,Medium,74.28571428571429,False,False,False,3,74.28571428571429,Medium
REST_000646,,fast_food,Unknown,24.6900265,46.6863838,King Fahd International Stadium,0.6590511171992249,Very Close,62,2034-07-05 08:00:00,2034,7,5,8,2,False,57,High,91.93548387096774,False,False,False,4,91.93548387096774,Medium
REST_000748,ذوق الحجازي,restaurant,Unknown,24.812489,46.6285748,Prince Faisal bin Fahd Stadium,9.46579312144128,Moderate,126,2034-06-30 19:00:00,2034,6,30,19,4,True,126,High,100.0,False,True,True,2,100.0,Large
REST_001332,Forchetta Italian Grill,restaurant,Unknown,24.724413,46.778962,Prince Faisal bin Fahd Stadium,8.659215681615436,Moderate,124,2034-07-07 16:00:00,2034,7,7,16,4,True,96,Medium,77.41935483870968,False,False,False,2,77.41935483870968,Large
REST_000339,كاشو,fast_food,Unknown,24.7804606,46.6633466,Prince Faisal bin Fahd Stadium,4.904334415073274,Close,54,2034-06-04 12:00:00,2034,6,4,12,6,False,54,High,100.0,True,False,True,3,100.0,Medium
REST_001221,,cafe,Unknown,21.5977979,39.1410153,King Abdullah Sports City,4.555605332306803,Close,90,2034-07-08 17:00:00,2034,7,8,17,5,True,71,Medium,78.88888888888889,False,False,False,3,78.88888888888889,Medium
REST_001192,Coya,restaurant,Unknown,24.7045628,46.7057789,King Fahd International Stadium,3.0082888484263424,Close,83,2034-06-28 22:00:00,2034,6,28,22,2,False,83,High,100.0,False,True,True,3,100.0,Medium
REST_000264,Vendor Coffee - مقهى فيندور,cafe,Unknown,24.7558162,46.7718623,Prince Faisal bin Fahd Stadium,6.4001987570527925,Moderate,58,2034-07-14 17:00:00,2034,7,14,17,4,True,28,Low,48.275862068965516,False,False,False,2,48.275862068965516,Medium
REST_000684,ماكدونالدز,fast_food,Unknown,21.6011471,39.1708865,King Abdullah Sports City,6.733776259059553,Moderate,46,2034-06-25 08:00:00,2034,6,25,8,6,False,34,Medium,73.91304347826086,False,False,False,2,73.91304347826086,Small
REST_000069,cloud9coffee,cafe,Unknown,21.5595812,39.1333432,King Abdullah Sports City,8.073010297782776,Moderate,59,2034-06-01 19:00:00,2034,6,1,19,3,False,59,High,100.0,False,True,True,2,100.0,Medium
REST_000672,Chuck E. Cheese,restaurant,Unknown,21.6244626,39.1530151,King Abdullah Sports City,4.127451007911805,Close,140,2034-06-28 14:00:00,2034,6,28,14,2,False,98,Medium,70.0,True,False,True,3,70.0,Large
REST_000300,قهوة باش المختصة,cafe,Unknown,26.4083543,43.9279608,King Abdullah City Stadium,6.028541712294963,Moderate,62,2034-06-21 20:00:00,2034,6,21,20,2,False,62,High,100.0,False,True,True,2,100.0,Medium
REST_000852,McDonald's,fast_food,Unknown,24.7616003,46.6734739,Prince Faisal bin Fahd Stadium,3.958217349628823,Close,57,2034-06-24 10:00:00,2034,6,24,10,5,True,45,Medium,78.94736842105263,False,False,False,3,78.94736842105263,Medium
REST_001224,ghaze alhesane,fast_food,Unknown,21.6526591,39.1258937,King Abdullah Sports City,2.8463529612627196,Close,60,2034-06-17 20:00:00,2034,6,17,20,5,True,60,High,100.0,False,True,True,3,100.0,Medium
REST_000336,شاورمر,fast_food,Unknown,24.8114498,46.6261347,Prince Faisal bin Fahd Stadium,9.629738008464582,Moderate,36,2034-07-07 16:00:00,2034,7,7,16,4,True,30,High,83.33333333333334,False,False,False,2,83.33333333333334,Small
REST_001495,,restaurant,Unknown,26.3877205,43.9540534,King Abdullah City Stadium,2.6552758290148737,Close,168,2034-06-01 17:00:00,2034,6,1,17,3,False,148,High,88.09523809523809,False,False,False,3,88.09523809523809,Large
REST_001208,ركن الفلافل,restaurant,Unknown,21.6093627,39.1350133,King Abdullah Sports City,3.1796253596077135,Close,164,2034-06-19 19:00:00,2034,6,19,19,0,False,164,High,100.0,False,True,True,3,100.0,Large
REST_001040,كفتيريا صاري,restaurant,Unknown,21.5760017,39.1485623,King Abdullah Sports City,6.994665584351821,Moderate,60,2034-07-08 21:00:00,2034,7,8,21,5,True,42,Medium,70.0,False,True,True,2,70.0,Medium
REST_000840,ميلانا كافيه,cafe,Unknown,24.8336702,46.7334612,Prince Faisal bin Fahd Stadium,7.233041214872869,Moderate,64,2034-06-28 10:00:00,2034,6,28,10,2,False,42,Medium,65.625,False,False,False,2,65.625,Medium
REST_000115,مطعم راعيها للاسماك,restaurant,Unknown,26.4212605,50.1162703,Prince Mohammed bin Fahd Stadium,2.7362159034590707,Close,56,2034-06-22 12:00:00,2034,6,22,12,3,False,41,Medium,73.21428571428571,True,False,True,3,73.21428571428571,Medium
REST_000796,دانكن دونتس,fast_food,Unknown,21.5886282,39.1435931,King Abdullah Sports City,5.535106240925386,Moderate,78,2034-06-28 16:00:00,2034,6,28,16,2,False,45,Medium,57.692307692307686,False,False,False,2,57.692307692307686,Medium
REST_000292,كوب القهوة,cafe,Unknown,26.3180939,44.0372088,King Abdullah City Stadium,8.864373847296573,Moderate,80,2034-07-09 10:00:00,2034,7,9,10,6,False,31,Low,38.75,False,False,False,2,38.75,Medium
REST_000920,,restaurant,Unknown,24.7457208,46.6196273,King Fahd International Stadium,9.607457209008999,Moderate,154,2034-06-05 20:00:00,2034,6,5,20,0,False,154,High,100.0,False,True,True,2,100.0,Large
REST_000913,Bateel El'an,restaurant,Unknown,24.8426989,46.7339669,Prince Faisal bin Fahd Stadium,8.206687960489587,Moderate,128,2034-07-03 14:00:00,2034,7,3,14,0,False,128,High,100.0,True,False,True,2,100.0,Large
REST_000127,Various,fast_food,Unknown,26.40382,50.0573913,Prince Mohammed bin Fahd Stadium,3.6478713725823533,Close,61,2034-06-10 08:00:00,2034,6,10,8,5,True,43,Medium,70.49180327868852,False,False,False,3,70.49180327868852,Medium
REST_000114,بلاسا اكيل,fast_food,Unknown,26.4349258,50.1172852,Prince Mohammed bin Fahd Stadium,3.247673740338062,Close,69,2034-06-13 15:00:00,2034,6,13,15,1,False,29,Low,42.028985507246375,False,False,False,3,42.028985507246375,Medium
REST_001408,Fairouz Garden,restaurant,Unknown,24.7080046,46.675289,King Fahd International Stadium,2.8814463899272456,Close,150,2034-06-17 19:00:00,2034,6,17,19,5,True,119,Medium,79.33333333333333,False,True,True,3,79.33333333333333,Large
REST_001448,رست كافيه,cafe,Unknown,26.3620002,43.9504049,King Abdullah City Stadium,1.7055086601993323,Very Close,53,2034-07-05 13:00:00,2034,7,5,13,2,False,35,Medium,66.0377358490566,True,False,True,4,66.0377358490566,Medium
REST_001345,Applebee's,restaurant,Unknown,21.6467484,39.1310317,King Abdullah Sports City,2.614419369990409,Close,192,2034-06-18 15:00:00,2034,6,18,15,6,False,171,High,89.0625,False,False,False,3,89.0625,Large
REST_000142,,restaurant,Unknown,26.4433236,50.09398,Prince Mohammed bin Fahd Stadium,2.5679599914778457,Close,138,2034-06-13 22:00:00,2034,6,13,22,1,False,114,High,82.6086956521739,False,True,True,3,82.6086956521739,Large
REST_001049,اوشيانا,cafe,Unknown,26.478559,50.1176721,Prince Mohammed bin Fahd Stadium,7.046533740788223,Moderate,72,2034-06-30 17:00:00,2034,6,30,17,4,True,46,Medium,63.888888888888886,False,False,False,2,63.888888888888886,Medium
REST_000752,اليجرو,cafe,Unknown,24.8105987,46.6473842,Prince Faisal bin Fahd Stadium,7.7302515093621835,Moderate,84,2034-06-10 22:00:00,2034,6,10,22,5,True,84,High,100.0,False,True,True,2,100.0,Medium
REST_000702,Kaman Lounge,cafe,Unknown,24.8318742,46.7325524,Prince Faisal bin Fahd Stadium,7.014693590946382,Moderate,76,2034-06-10 21:00:00,2034,6,10,21,5,True,76,High,100.0,False,True,True,2,100.0,Medium
REST_001309,دوار السعادة,restaurant,Unknown,24.7582768,46.674634,Prince Faisal bin Fahd Stadium,3.9720294278051407,Close,165,2034-06-02 10:00:00,2034,6,2,10,4,True,165,High,100.0,False,False,False,3,100.0,Large
REST_001378,Chinese restaurant,restaurant,Unknown,24.6941334,46.6852727,King Fahd International Stadium,1.120480418058852,Very Close,91,2034-07-03 15:00:00,2034,7,3,15,0,False,57,Medium,62.637362637362635,False,False,False,4,62.637362637362635,Medium
REST_000124,ماكدونالدز,restaurant,Unknown,26.4041626,50.0576601,Prince Mohammed bin Fahd Stadium,3.6053616022522577,Close,157,2034-06-30 14:00:00,2034,6,30,14,4,True,157,High,100.0,True,False,True,3,100.0,Large
REST_001146,الاكلة الفاخرة,restaurant,Unknown,26.3570008,43.9522254,King Abdullah City Stadium,1.8008036970602852,Very Close,166,2034-07-01 11:00:00,2034,7,1,11,5,True,140,High,84.33734939759037,False,False,False,4,84.33734939759037,Large
REST_000935,محمصة الدار,cafe,Unknown,24.6514046,46.7066725,King Fahd International Stadium,4.177932531041271,Close,71,2034-06-02 12:00:00,2034,6,2,12,4,True,71,High,100.0,True,False,True,3,100.0,Medium
REST_000189,Steakhouse,restaurant,Unknown,26.4603168,50.1209655,Prince Mohammed bin Fahd Stadium,5.446261784337334,Moderate,101,2034-07-06 15:00:00,2034,7,6,15,3,False,65,Medium,64.35643564356435,False,False,False,2,64.35643564356435,Large
REST_000686,هارديز,fast_food,Unknown,24.5960543,46.6815841,King Fahd International Stadium,9.801830764937293,Moderate,43,2034-06-24 13:00:00,2034,6,24,13,5,True,43,High,100.0,True,False,True,2,100.0,Small
REST_001263,,fast_food,Unknown,24.7854912,46.6456646,Prince Faisal bin Fahd Stadium,6.767018148103183,Moderate,60,2034-07-01 11:00:00,2034,7,1,11,5,True,60,High,100.0,False,False,False,2,100.0,Medium
REST_001111,كانتون,fast_food,Unknown,24.6863651,46.6475898,King Fahd International Stadium,3.919127586994456,Close,37,2034-06-21 13:00:00,2034,6,21,13,2,False,23,Medium,62.16216216216216,True,False,True,3,62.16216216216216,Small
REST_000505,ساف,fast_food,Unknown,26.3310818,43.9592924,King Abdullah City Stadium,4.028755533640447,Close,47,2034-06-10 20:00:00,2034,6,10,20,5,True,47,High,100.0,False,True,True,3,100.0,Small
REST_001496,ماكدونالدز,fast_food,Unknown,26.3867527,43.9634966,King Abdullah City Stadium,2.252478544125855,Close,77,2034-06-06 12:00:00,2034,6,6,12,1,False,77,High,100.0,True,False,True,3,100.0,Medium
REST_000120,طيف ماضينا,restaurant,Unknown,26.40684,50.107802,Prince Mohammed bin Fahd Stadium,2.4405236711242657,Close,78,2034-06-12 11:00:00,2034,6,12,11,0,False,54,Medium,69.23076923076923,False,False,False,3,69.23076923076923,Medium
REST_001304,دجاج كنتاكي,fast_food,Unknown,24.770343,46.7123114,Prince Faisal bin Fahd Stadium,0.2179563060506945,Very Close,77,2034-06-01 20:00:00,2034,6,1,20,3,False,77,High,100.0,False,True,True,4,100.0,Medium
REST_000645,,restaurant,Unknown,24.6552535,46.7440452,King Fahd International Stadium,6.6584500373935125,Moderate,164,2034-06-01 11:00:00,2034,6,1,11,3,False,140,High,85.36585365853658,False,False,False,2,85.36585365853658,Large
REST_001226,Shawarma House,fast_food,Unknown,24.756185,46.6568924,Prince Faisal bin Fahd Stadium,5.735873860566751,Moderate,44,2034-06-12 16:00:00,2034,6,12,16,0,False,35,Medium,79.54545454545455,False,False,False,2,79.54545454545455,Small
REST_001291,,cafe,Unknown,24.7857326,46.6336383,Prince Faisal bin Fahd Stadium,7.9602568484893155,Moderate,57,2034-07-11 10:00:00,2034,7,11,10,1,False,18,Low,31.57894736842105,False,False,False,2,31.57894736842105,Medium
REST_000765,كوفليت,restaurant,Unknown,24.8131505,46.6460734,Prince Faisal bin Fahd Stadium,7.999713221320555,Moderate,70,2034-06-12 14:00:00,2034,6,12,14,0,False,70,High,100.0,True,False,True,2,100.0,Medium
REST_001143,الشام شامك,restaurant,Unknown,26.3960741,43.9496506,King Abdullah City Stadium,3.6814203848002136,Close,105,2034-07-09 21:00:00,2034,7,9,21,6,False,105,High,100.0,False,True,True,3,100.0,Large
REST_000596,دانكن دونتس,fast_food,Unknown,24.8185961,46.6866878,Prince Faisal bin Fahd Stadium,5.743140914582132,Moderate,48,2034-06-04 19:00:00,2034,6,4,19,6,False,22,Low,45.83333333333333,False,True,True,2,45.83333333333333,Small
REST_000670,Starbucks,cafe,Unknown,21.7020283,39.1053149,King Abdullah Sports City,8.075838318376288,Moderate,99,2034-07-15 11:00:00,2034,7,15,11,5,True,91,High,91.91919191919192,False,False,False,2,91.91919191919192,Medium
REST_001107,كانتون,fast_food,Unknown,24.684872,46.7751744,King Fahd International Stadium,8.979753197045342,Moderate,76,2034-06-02 20:00:00,2034,6,2,20,4,True,67,High,88.1578947368421,False,True,True,2,88.1578947368421,Medium
REST_000743,ماكدونالدز,fast_food,Unknown,26.4344964,50.085207,Prince Mohammed bin Fahd Stadium,1.5752561988810607,Very Close,75,2034-06-08 11:00:00,2034,6,8,11,3,False,61,High,81.33333333333333,False,False,False,4,81.33333333333333,Medium
REST_000635,,cafe,Unknown,21.5723976,39.1433779,King Abdullah Sports City,7.09101064382348,Moderate,83,2034-07-03 11:00:00,2034,7,3,11,0,False,38,Low,45.78313253012048,False,False,False,2,45.78313253012048,Medium
REST_000001,مايسترو,restaurant,Unknown,24.6611514,46.7011863,King Fahd International Stadium,2.9621000416153795,Close,103,2034-07-05 09:00:00,2034,7,5,9,2,False,39,Low,37.86407766990291,False,False,False,3,37.86407766990291,Large
REST_000539,Pizza Hut,fast_food,Unknown,26.46027,50.092427,Prince Mohammed bin Fahd Stadium,4.4147772647908265,Close,58,2034-06-14 20:00:00,2034,6,14,20,2,False,58,High,100.0,False,True,True,3,100.0,Medium
REST_000404,Ulb,fast_food,Unknown,24.7444149,46.6206874,King Fahd International Stadium,9.428894084691638,Moderate,35,2034-07-14 17:00:00,2034,7,14,17,4,True,13,Low,37.142857142857146,False,False,False,2,37.142857142857146,Small
REST_001225,alforn,cafe,Unknown,21.6522453,39.1260439,King Abdullah Sports City,2.8124633312896465,Close,60,2034-06-22 19:00:00,2034,6,22,19,3,False,43,Medium,71.66666666666667,False,True,True,3,71.66666666666667,Medium
REST_000615,دانكن دونتس,fast_food,Unknown,24.8469814,46.7334068,Prince Faisal bin Fahd Stadium,8.649568040622029,Moderate,69,2034-06-21 21:00:00,2034,6,21,21,2,False,59,High,85.5072463768116,False,True,True,2,85.5072463768116,Medium
REST_001335,,restaurant,Unknown,24.7987557,46.6663059,Prince Faisal bin Fahd Stadium,5.410669423428039,Moderate,70,2034-06-01 17:00:00,2034,6,1,17,3,False,61,High,87.14285714285714,False,False,False,2,87.14285714285714,Medium
REST_000291,كوب القهوة,cafe,Unknown,26.3188473,44.0378809,King Abdullah City Stadium,8.867009934236398,Moderate,63,2034-06-21 13:00:00,2034,6,21,13,2,False,26,Low,41.269841269841265,True,False,True,2,41.269841269841265,Medium
REST_000166,برجر فيول,restaurant,Unknown,26.454483,50.1202934,Prince Mohammed bin Fahd Stadium,4.893234584296099,Close,174,2034-07-03 17:00:00,2034,7,3,17,0,False,133,Medium,76.4367816091954,False,False,False,3,76.4367816091954,Large
REST_001422,,restaurant,Unknown,24.6983833,46.6873862,King Fahd International Stadium,1.5920170775778464,Very Close,84,2034-06-12 18:00:00,2034,6,12,18,0,False,67,Medium,79.76190476190477,False,False,False,4,79.76190476190477,Medium
REST_001345,Applebee's,restaurant,Unknown,21.6467484,39.1310317,King Abdullah Sports City,2.614419369990409,Close,192,2034-06-04 15:00:00,2034,6,4,15,6,False,87,Low,45.3125,False,False,False,3,45.3125,Large
REST_000405,Chkn,fast_food,Unknown,24.7052437,46.6856344,King Fahd International Stadium,2.3520335760972437,Close,70,2034-06-26 13:00:00,2034,6,26,13,0,False,70,High,100.0,True,False,True,3,100.0,Medium
REST_001290,Shuwa Express شوا اكسبرس,restaurant,Unknown,24.7855994,46.6340773,Prince Faisal bin Fahd Stadium,7.913916210770655,Moderate,90,2034-07-14 19:00:00,2034,7,14,19,4,True,63,Medium,70.0,False,True,True,2,70.0,Medium
REST_001286,,cafe,Unknown,24.7680715,46.7152814,Prince Faisal bin Fahd Stadium,0.6067011476263072,Very Close,66,2034-07-06 20:00:00,2034,7,6,20,3,False,66,High,100.0,False,True,True,4,100.0,Medium
REST_001264,,cafe,Unknown,24.7856045,46.6457319,Prince Faisal bin Fahd Stadium,6.763220039975659,Moderate,27,2034-06-13 10:00:00,2034,6,13,10,1,False,10,Low,37.03703703703704,False,False,False,2,37.03703703703704,Small
REST_000308,ليون كافيه,cafe,Unknown,26.3542632,43.9540151,King Abdullah City Stadium,1.873420729208515,Very Close,71,2034-07-03 10:00:00,2034,7,3,10,0,False,71,High,100.0,False,False,False,4,100.0,Medium
REST_000774,جافا كافيه,cafe,Unknown,24.8110417,46.6473017,Prince Faisal bin Fahd Stadium,7.76466590353739,Moderate,26,2034-06-16 15:00:00,2034,6,16,15,4,True,10,Low,38.46153846153847,False,False,False,2,38.46153846153847,Small
REST_000689,بروست تشيليز,fast_food,Unknown,21.5939486,39.1662543,King Abdullah Sports City,6.755310660145509,Moderate,70,2034-06-22 13:00:00,2034,6,22,13,3,False,70,High,100.0,True,False,True,2,100.0,Medium
REST_000347,,cafe,Unknown,24.7787495,46.7118329,Prince Faisal bin Fahd Stadium,0.7662576771674339,Very Close,30,2034-06-05 22:00:00,2034,6,5,22,0,False,30,High,100.0,False,True,True,4,100.0,Small
REST_000967,شاورما جساس,fast_food,Unknown,21.6325188,39.1551692,King Abdullah Sports City,4.317698316997511,Close,31,2034-07-11 12:00:00,2034,7,11,12,1,False,20,Medium,64.51612903225806,True,False,True,3,64.51612903225806,Small
REST_001448,رست كافيه,cafe,Unknown,26.3620002,43.9504049,King Abdullah City Stadium,1.7055086601993323,Very Close,53,2034-06-08 21:00:00,2034,6,8,21,3,False,52,High,98.11320754716981,False,True,True,4,98.11320754716981,Medium
REST_000291,كوب القهوة,cafe,Unknown,26.3188473,44.0378809,King Abdullah City Stadium,8.867009934236398,Moderate,63,2034-07-03 11:00:00,2034,7,3,11,0,False,28,Low,44.44444444444444,False,False,False,2,44.44444444444444,Medium
REST_000167,Kudu,restaurant,Unknown,26.4508454,50.118796,Prince Mohammed bin Fahd Stadium,4.489541804088695,Close,64,2034-06-21 10:00:00,2034,6,21,10,2,False,63,High,98.4375,False,False,False,3,98.4375,Medium
REST_000323,مطعم فينور,restaurant,Unknown,26.3963787,43.9190606,King Abdullah City Stadium,5.780250129844871,Moderate,99,2034-07-01 09:00:00,2034,7,1,9,5,True,48,Low,48.484848484848484,False,False,False,2,48.484848484848484,Medium
REST_001266,,cafe,Unknown,24.7938053,46.6451279,Prince Faisal bin Fahd Stadium,7.082110327484095,Moderate,91,2034-07-07 22:00:00,2034,7,7,22,4,True,91,High,100.0,False,True,True,2,100.0,Medium
REST_001378,Chinese restaurant,restaurant,Unknown,24.6941334,46.6852727,King Fahd International Stadium,1.120480418058852,Very Close,91,2034-06-15 18:00:00,2034,6,15,18,3,False,40,Low,43.956043956043956,False,False,False,4,43.956043956043956,Medium
REST_000033,arocaria,cafe,Unknown,24.7089154,46.6630009,King Fahd International Stadium,3.6268795046125923,Close,52,2034-06-14 15:00:00,2034,6,14,15,2,False,52,High,100.0,False,False,False,3,100.0,Medium
REST_000796,دانكن دونتس,fast_food,Unknown,21.5886282,39.1435931,King Abdullah Sports City,5.535106240925386,Moderate,78,2034-06-10 15:00:00,2034,6,10,15,5,True,67,High,85.8974358974359,False,False,False,2,85.8974358974359,Medium
REST_001337,,restaurant,Unknown,24.7678767,46.7155281,Prince Faisal bin Fahd Stadium,0.6396503472173186,Very Close,152,2034-07-04 20:00:00,2034,7,4,20,1,False,148,High,97.36842105263158,False,True,True,4,97.36842105263158,Large
REST_000691,Lahore Restaurent,restaurant,Unknown,24.6743841,46.7445923,King Fahd International Stadium,5.988021878283662,Moderate,101,2034-07-01 20:00:00,2034,7,1,20,5,True,101,High,100.0,False,True,True,2,100.0,Large
REST_001047,مطاعم الباهر,restaurant,Unknown,21.5850807,39.1597016,King Abdullah Sports City,6.894931529153274,Moderate,75,2034-07-05 14:00:00,2034,7,5,14,2,False,58,Medium,77.33333333333333,True,False,True,2,77.33333333333333,Medium
REST_001023,Agio,restaurant,Unknown,24.7521049,46.624429,Prince Faisal bin Fahd Stadium,9.014046215456707,Moderate,109,2034-06-14 08:00:00,2034,6,14,8,2,False,68,Medium,62.38532110091744,False,False,False,2,62.38532110091744,Large
REST_001384,مطعم السقالة,restaurant,Unknown,21.7179366,39.1039789,King Abdullah Sports City,9.84960291038882,Moderate,94,2034-07-07 11:00:00,2034,7,7,11,4,True,68,Medium,72.3404255319149,False,False,False,2,72.3404255319149,Medium
REST_000078,,restaurant,Unknown,24.8172304,46.7756146,Prince Faisal bin Fahd Stadium,8.243163488733538,Moderate,154,2034-06-06 11:00:00,2034,6,6,11,1,False,116,Medium,75.32467532467533,False,False,False,2,75.32467532467533,Large
REST_001026,Crazy Pizza,restaurant,Unknown,24.7057895,46.7053592,King Fahd International Stadium,3.086101290809832,Close,75,2034-06-08 18:00:00,2034,6,8,18,3,False,52,Medium,69.33333333333334,False,False,False,3,69.33333333333334,Medium
REST_000685,مطعم تاكسي,fast_food,Unknown,24.5977115,46.6843568,King Fahd International Stadium,9.607970430368933,Moderate,45,2034-06-18 10:00:00,2034,6,18,10,6,False,35,Medium,77.77777777777779,False,False,False,2,77.77777777777779,Small
REST_000755,Mashi No Mashi,restaurant,Unknown,21.6531959,39.1005238,King Abdullah Sports City,2.9268734872086792,Close,99,2034-06-09 17:00:00,2034,6,9,17,4,True,48,Low,48.484848484848484,False,False,False,3,48.484848484848484,Medium
REST_000504,مطبغ الضيافة,restaurant,Unknown,21.5813302,39.1601843,King Abdullah Sports City,7.234726941392608,Moderate,138,2034-06-09 10:00:00,2034,6,9,10,4,True,117,High,84.78260869565217,False,False,False,2,84.78260869565217,Large
REST_001494,فلافل عرفة,restaurant,Unknown,26.3565213,43.9529245,King Abdullah City Stadium,1.7789626297867553,Very Close,161,2034-06-05 21:00:00,2034,6,5,21,0,False,139,High,86.33540372670807,False,True,True,4,86.33540372670807,Large
REST_001408,Fairouz Garden,restaurant,Unknown,24.7080046,46.675289,King Fahd International Stadium,2.8814463899272456,Close,150,2034-07-06 20:00:00,2034,7,6,20,3,False,149,High,99.33333333333333,False,True,True,3,99.33333333333333,Large
REST_000956,Juice World,restaurant,Unknown,21.5772448,39.1570649,King Abdullah Sports City,7.378078091203072,Moderate,187,2034-06-30 15:00:00,2034,6,30,15,4,True,163,High,87.16577540106952,False,False,False,2,87.16577540106952,Large
REST_000796,دانكن دونتس,fast_food,Unknown,21.5886282,39.1435931,King Abdullah Sports City,5.535106240925386,Moderate,78,2034-07-04 19:00:00,2034,7,4,19,1,False,78,High,100.0,False,True,True,2,100.0,Medium
REST_000775,أبو جبارة,restaurant,Unknown,24.7976486,46.6413662,Prince Faisal bin Fahd Stadium,7.590410045113112,Moderate,87,2034-06-11 12:00:00,2034,6,11,12,6,False,87,High,100.0,True,False,True,2,100.0,Medium
REST_000770,,restaurant,Unknown,24.815748,46.6372085,Prince Faisal bin Fahd Stadium,8.902716683396301,Moderate,103,2034-06-06 10:00:00,2034,6,6,10,1,False,64,Medium,62.13592233009708,False,False,False,2,62.13592233009708,Large
REST_000645,,restaurant,Unknown,24.6552535,46.7440452,King Fahd International Stadium,6.6584500373935125,Moderate,164,2034-07-12 10:00:00,2034,7,12,10,2,False,80,Low,48.78048780487805,False,False,False,2,48.78048780487805,Large
REST_000033,arocaria,cafe,Unknown,24.7089154,46.6630009,King Fahd International Stadium,3.6268795046125923,Close,52,2034-06-16 14:00:00,2034,6,16,14,4,True,32,Medium,61.53846153846154,True,False,True,3,61.53846153846154,Medium
REST_001289,الوجه الذهبي,cafe,Unknown,24.7919336,46.6254011,Prince Faisal bin Fahd Stadium,8.924135294064044,Moderate,20,2034-06-01 11:00:00,2034,6,1,11,3,False,8,Low,40.0,False,False,False,2,40.0,Small
REST_001434,Hardee's,restaurant,Unknown,24.7042627,46.6651055,King Fahd International Stadium,3.1002027463570068,Close,144,2034-06-27 21:00:00,2034,6,27,21,1,False,144,High,100.0,False,True,True,3,100.0,Large
REST_000142,,restaurant,Unknown,26.4433236,50.09398,Prince Mohammed bin Fahd Stadium,2.5679599914778457,Close,138,2034-06-11 09:00:00,2034,6,11,9,6,False,138,High,100.0,False,False,False,3,100.0,Large
REST_000911,ستاربكس,cafe,Unknown,24.838724,46.7318325,Prince Faisal bin Fahd Stadium,7.72228756712405,Moderate,70,2034-06-22 08:00:00,2034,6,22,8,3,False,46,Medium,65.71428571428571,False,False,False,2,65.71428571428571,Medium
REST_001035,San Carlo Cicchetti,restaurant,Unknown,24.7012182,46.705378,King Fahd International Stadium,2.7088790925678645,Close,155,2034-06-19 20:00:00,2034,6,19,20,0,False,149,High,96.12903225806451,False,True,True,3,96.12903225806451,Large
REST_000938,Kudu,restaurant,Unknown,21.6664279,39.1098748,King Abdullah Sports City,4.090033900752487,Close,51,2034-06-09 13:00:00,2034,6,9,13,4,True,51,High,100.0,True,False,True,3,100.0,Medium
REST_000109,بوابة الخرطوم,restaurant,Unknown,26.43616,50.1000586,Prince Mohammed bin Fahd Stadium,2.052315647427722,Close,186,2034-06-11 14:00:00,2034,6,11,14,6,False,156,High,83.87096774193549,True,False,True,3,83.87096774193549,Large
REST_000698,بيت الدونات,fast_food,Unknown,21.5768762,39.1497784,King Abdullah Sports City,6.978438990022302,Moderate,36,2034-07-07 10:00:00,2034,7,7,10,4,True,32,High,88.88888888888889,False,False,False,2,88.88888888888889,Small
REST_001469,ماكدونالدز,fast_food,Unknown,26.3643605,43.9361055,King Abdullah City Stadium,3.0591597290519763,Close,34,2034-06-24 11:00:00,2034,6,24,11,5,True,31,High,91.17647058823529,False,False,False,3,91.17647058823529,Small
REST_000564,zonice | زونايس,restaurant,Unknown,26.3777652,43.9502001,King Abdullah City Stadium,2.053247099597085,Close,165,2034-07-14 15:00:00,2034,7,14,15,4,True,120,Medium,72.72727272727273,False,False,False,3,72.72727272727273,Large
REST_001114,كانتون,fast_food,Unknown,26.4621818,50.0643558,Prince Mohammed bin Fahd Stadium,5.215248827445351,Moderate,36,2034-07-11 22:00:00,2034,7,11,22,1,False,36,High,100.0,False,True,True,2,100.0,Small
REST_000301,بيت البيتزا,restaurant,Unknown,26.3764941,43.9298523,King Abdullah City Stadium,3.8290226560374574,Close,130,2034-06-09 18:00:00,2034,6,9,18,4,True,127,High,97.6923076923077,False,False,False,3,97.6923076923077,Large
REST_000523,Be Karam بي كرم,restaurant,Unknown,24.7413004,46.6463797,Prince Faisal bin Fahd Stadium,7.3589187295888925,Moderate,159,2034-06-04 21:00:00,2034,6,4,21,6,False,159,High,100.0,False,True,True,2,100.0,Large
REST_001408,Fairouz Garden,restaurant,Unknown,24.7080046,46.675289,King Fahd International Stadium,2.8814463899272456,Close,150,2034-07-13 11:00:00,2034,7,13,11,3,False,135,High,90.0,False,False,False,3,90.0,Large
REST_000639,Seatle's Best,cafe,Unknown,24.7672177,46.7557637,Prince Faisal bin Fahd Stadium,4.5494578002282235,Close,55,2034-07-14 19:00:00,2034,7,14,19,4,True,55,High,100.0,False,True,True,3,100.0,Medium
REST_000698,بيت الدونات,fast_food,Unknown,21.5768762,39.1497784,King Abdullah Sports City,6.978438990022302,Moderate,36,2034-07-10 09:00:00,2034,7,10,9,0,False,15,Low,41.66666666666667,False,False,False,2,41.66666666666667,Small
REST_001100,كانتون,fast_food,Unknown,21.6279694,39.1115847,King Abdullah Sports City,0.2839519065689463,Very Close,30,2034-06-25 14:00:00,2034,6,25,14,6,False,29,High,96.66666666666667,True,False,True,4,96.66666666666667,Small
REST_000616,د.كيف,cafe,Unknown,24.847569,46.7336478,Prince Faisal bin Fahd Stadium,8.718994264118326,Moderate,80,2034-07-11 16:00:00,2034,7,11,16,1,False,59,Medium,73.75,False,False,False,2,73.75,Medium
REST_000807,Al Fairwz,restaurant,Unknown,21.609459,39.1304878,King Abdullah Sports City,2.863492992019402,Close,141,2034-06-12 15:00:00,2034,6,12,15,0,False,124,High,87.94326241134752,False,False,False,3,87.94326241134752,Large
REST_001291,,cafe,Unknown,24.7857326,46.6336383,Prince Faisal bin Fahd Stadium,7.9602568484893155,Moderate,57,2034-06-06 17:00:00,2034,6,6,17,1,False,23,Low,40.35087719298245,False,False,False,2,40.35087719298245,Medium
REST_000765,كوفليت,restaurant,Unknown,24.8131505,46.6460734,Prince Faisal bin Fahd Stadium,7.999713221320555,Moderate,70,2034-06-27 11:00:00,2034,6,27,11,1,False,26,Low,37.142857142857146,False,False,False,2,37.142857142857146,Medium
REST_001412,,cafe,Unknown,24.7078801,46.6747489,King Fahd International Stadium,2.890276620829415,Close,47,2034-06-21 18:00:00,2034,6,21,18,2,False,36,Medium,76.59574468085107,False,False,False,3,76.59574468085107,Small
REST_001105,كانتون,fast_food,Unknown,24.758633,46.7144332,Prince Faisal bin Fahd Stadium,1.5154029092945864,Very Close,42,2034-07-04 22:00:00,2034,7,4,22,1,False,42,High,100.0,False,True,True,4,100.0,Small
REST_001496,ماكدونالدز,fast_food,Unknown,26.3867527,43.9634966,King Abdullah City Stadium,2.252478544125855,Close,77,2034-07-15 09:00:00,2034,7,15,9,5,True,77,High,100.0,False,False,False,3,100.0,Medium
REST_000920,,restaurant,Unknown,24.7457208,46.6196273,King Fahd International Stadium,9.607457209008999,Moderate,154,2034-06-21 14:00:00,2034,6,21,14,2,False,134,High,87.01298701298701,True,False,True,2,87.01298701298701,Large
REST_000384,,cafe,Unknown,21.5977041,39.1461551,King Abdullah Sports City,4.912524856984208,Close,37,2034-07-03 09:00:00,2034,7,3,9,0,False,14,Low,37.83783783783784,False,False,False,3,37.83783783783784,Small
REST_001420,,cafe,Unknown,24.6984321,46.6893818,King Fahd International Stadium,1.6237859376843085,Very Close,70,2034-06-17 13:00:00,2034,6,17,13,5,True,70,High,100.0,True,False,True,4,100.0,Medium
REST_001263,,fast_food,Unknown,24.7854912,46.6456646,Prince Faisal bin Fahd Stadium,6.767018148103183,Moderate,60,2034-07-07 22:00:00,2034,7,7,22,4,True,60,High,100.0,False,True,True,2,100.0,Medium
REST_000533,,restaurant,Unknown,26.4436666,50.1130733,Prince Mohammed bin Fahd Stadium,3.5161346767299198,Close,99,2034-07-13 15:00:00,2034,7,13,15,3,False,45,Low,45.45454545454545,False,False,False,3,45.45454545454545,Medium
REST_000300,قهوة باش المختصة,cafe,Unknown,26.4083543,43.9279608,King Abdullah City Stadium,6.028541712294963,Moderate,62,2034-07-15 21:00:00,2034,7,15,21,5,True,62,High,100.0,False,True,True,2,100.0,Medium
REST_000678,هرفي,fast_food,Unknown,24.5980523,46.684862,King Fahd International Stadium,9.569171453582342,Moderate,35,2034-07-01 15:00:00,2034,7,1,15,5,True,20,Medium,57.14285714285714,False,False,False,2,57.14285714285714,Small
REST_000616,د.كيف,cafe,Unknown,24.847569,46.7336478,Prince Faisal bin Fahd Stadium,8.718994264118326,Moderate,80,2034-06-17 15:00:00,2034,6,17,15,5,True,30,Low,37.5,False,False,False,2,37.5,Medium
REST_001333,,restaurant,Unknown,24.7023914,46.6968701,King Fahd International Stadium,2.297200393125573,Close,146,2034-07-08 21:00:00,2034,7,8,21,5,True,146,High,100.0,False,True,True,3,100.0,Large
REST_000752,اليجرو,cafe,Unknown,24.8105987,46.6473842,Prince Faisal bin Fahd Stadium,7.7302515093621835,Moderate,84,2034-06-02 09:00:00,2034,6,2,9,4,True,38,Low,45.23809523809524,False,False,False,2,45.23809523809524,Medium
REST_001266,,cafe,Unknown,24.7938053,46.6451279,Prince Faisal bin Fahd Stadium,7.082110327484095,Moderate,91,2034-07-02 16:00:00,2034,7,2,16,6,False,80,High,87.91208791208791,False,False,False,2,87.91208791208791,Medium
REST_001026,Crazy Pizza,restaurant,Unknown,24.7057895,46.7053592,King Fahd International Stadium,3.086101290809832,Close,75,2034-06-24 22:00:00,2034,6,24,22,5,True,75,High,100.0,False,True,True,3,100.0,Medium
REST_001230,Cacti Cafe,cafe,Unknown,24.8340533,46.7355671,Prince Faisal bin Fahd Stadium,7.342540294067072,Moderate,43,2034-07-05 16:00:00,2034,7,5,16,2,False,13,Low,30.23255813953488,False,False,False,2,30.23255813953488,Small
REST_000413,مطعم هرفي,fast_food,Unknown,26.4158129,43.9151372,King Abdullah City Stadium,7.4967909735605245,Moderate,77,2034-06-24 09:00:00,2034,6,24,9,5,True,39,Medium,50.649350649350644,False,False,False,2,50.649350649350644,Medium
REST_001417,,restaurant,Unknown,24.697574,46.687515,King Fahd International Stadium,1.503260463121365,Very Close,59,2034-07-03 11:00:00,2034,7,3,11,0,False,59,High,100.0,False,False,False,4,100.0,Medium
REST_000315,,restaurant,Unknown,24.8129579,46.6472593,Prince Faisal bin Fahd Stadium,7.889523934515827,Moderate,175,2034-07-04 08:00:00,2034,7,4,8,1,False,68,Low,38.857142857142854,False,False,False,2,38.857142857142854,Large
REST_000080,,restaurant,Unknown,24.8130073,46.7776531,Prince Faisal bin Fahd Stadium,8.134160472995248,Moderate,155,2034-07-01 20:00:00,2034,7,1,20,5,True,155,High,100.0,False,True,True,2,100.0,Large
REST_000075,Century Burger,restaurant,Unknown,21.5547775,39.142988,King Abdullah Sports City,8.8817959472975,Moderate,176,2034-07-11 15:00:00,2034,7,11,15,1,False,124,Medium,70.45454545454545,False,False,False,2,70.45454545454545,Large
REST_000369,بيت الدونات,cafe,Unknown,21.5845758,39.159072,King Abdullah Sports City,6.890871683076867,Moderate,51,2034-06-16 09:00:00,2034,6,16,9,4,True,31,Medium,60.78431372549019,False,False,False,2,60.78431372549019,Medium
REST_000337,مندي الرياض,restaurant,Unknown,24.8124136,46.6263538,Prince Faisal bin Fahd Stadium,9.65955032779429,Moderate,195,2034-06-19 11:00:00,2034,6,19,11,0,False,144,Medium,73.84615384615385,False,False,False,2,73.84615384615385,Large
REST_001438,Kudu,fast_food,Unknown,24.7008015,46.6767139,King Fahd International Stadium,2.094473404330583,Close,64,2034-06-14 22:00:00,2034,6,14,22,2,False,64,High,100.0,False,True,True,3,100.0,Medium
REST_000965,Nano Kitchen,restaurant,Unknown,24.7340037,46.6974471,Prince Faisal bin Fahd Stadium,4.43054027730751,Close,112,2034-06-11 14:00:00,2034,6,11,14,6,False,112,High,100.0,True,False,True,3,100.0,Large
REST_000919,,fast_food,Unknown,24.7616932,46.7985908,Prince Faisal bin Fahd Stadium,8.916330619529694,Moderate,69,2034-07-02 09:00:00,2034,7,2,9,6,False,24,Low,34.78260869565217,False,False,False,2,34.78260869565217,Medium
REST_000403,Tiko,fast_food,Unknown,24.7439764,46.6214222,King Fahd International Stadium,9.342068256175649,Moderate,68,2034-06-26 22:00:00,2034,6,26,22,0,False,54,Medium,79.41176470588235,False,True,True,2,79.41176470588235,Medium
REST_000655,Gulf Royal Chinese Restaurant,restaurant,Unknown,24.7028885,46.6811631,King Fahd International Stadium,2.1526778037766414,Close,102,2034-06-10 19:00:00,2034,6,10,19,5,True,99,High,97.05882352941177,False,True,True,3,97.05882352941177,Large
REST_001334,bof - بوف,restaurant,Unknown,24.7501152,46.722583,Prince Faisal bin Fahd Stadium,2.689923954504478,Close,66,2034-06-07 18:00:00,2034,6,7,18,2,False,63,High,95.45454545454545,False,False,False,3,95.45454545454545,Medium
REST_001381,Abu zaid,restaurant,Unknown,21.7087895,39.1030025,King Abdullah Sports City,8.849966247534358,Moderate,60,2034-06-21 22:00:00,2034,6,21,22,2,False,38,Medium,63.33333333333333,False,True,True,2,63.33333333333333,Medium
REST_001495,,restaurant,Unknown,26.3877205,43.9540534,King Abdullah City Stadium,2.6552758290148737,Close,168,2034-07-07 19:00:00,2034,7,7,19,4,True,168,High,100.0,False,True,True,3,100.0,Large
REST_000859,واحة المرباع,restaurant,Unknown,26.3941797,43.9288784,King Abdullah City Stadium,4.85094280500056,Close,124,2034-07-06 22:00:00,2034,7,6,22,3,False,124,High,100.0,False,True,True,3,100.0,Large
REST_000476,بروستد بونواس,restaurant,Unknown,26.4493532,50.1185439,Prince Mohammed bin Fahd Stadium,4.349937758093283,Close,149,2034-06-20 18:00:00,2034,6,20,18,1,False,106,Medium,71.14093959731544,False,False,False,3,71.14093959731544,Large
REST_001413,The Pancake House,restaurant,Unknown,24.7079737,46.6751704,King Fahd International Stadium,2.8829289311906243,Close,100,2034-07-10 16:00:00,2034,7,10,16,0,False,89,High,89.0,False,False,False,3,89.0,Large
REST_000749,عريشة أوراق العنب,restaurant,Unknown,24.8127717,46.6292445,Prince Faisal bin Fahd Stadium,9.421538539008969,Moderate,89,2034-06-06 12:00:00,2034,6,6,12,1,False,89,High,100.0,True,False,True,2,100.0,Medium
REST_000320,,fast_food,Unknown,24.7616639,46.6733369,Prince Faisal bin Fahd Stadium,3.9694256632844938,Close,38,2034-06-01 13:00:00,2034,6,1,13,3,False,38,High,100.0,True,False,True,3,100.0,Small
REST_001306,سالدوتش,fast_food,Unknown,24.8116846,46.6241848,Prince Faisal bin Fahd Stadium,9.816991936518281,Moderate,42,2034-06-28 16:00:00,2034,6,28,16,2,False,16,Low,38.095238095238095,False,False,False,2,38.095238095238095,Small
REST_000049,كودو,fast_food,Unknown,24.781792,46.7316492,Prince Faisal bin Fahd Stadium,2.3571051007927797,Close,69,2034-06-03 09:00:00,2034,6,3,9,5,True,69,High,100.0,False,False,False,3,100.0,Medium
REST_001285,منتو يغمش,restaurant,Unknown,24.8005739,46.7829763,Prince Faisal bin Fahd Stadium,7.934873923007209,Moderate,126,2034-06-05 08:00:00,2034,6,5,8,0,False,101,High,80.15873015873017,False,False,False,2,80.15873015873017,Large
REST_001077,Urth Caffe,cafe,Unknown,21.6483406,39.1121231,King Abdullah Sports City,2.066526819270073,Close,58,2034-06-14 15:00:00,2034,6,14,15,2,False,58,High,100.0,False,False,False,3,100.0,Medium
REST_000369,بيت الدونات,cafe,Unknown,21.5845758,39.159072,King Abdullah Sports City,6.890871683076867,Moderate,51,2034-07-04 15:00:00,2034,7,4,15,1,False,18,Low,35.294117647058826,False,False,False,2,35.294117647058826,Medium
REST_001083,كانتون,fast_food,Unknown,24.742659,46.658732,Prince Faisal bin Fahd Stadium,6.198926894188108,Moderate,54,2034-06-01 10:00:00,2034,6,1,10,3,False,23,Low,42.592592592592595,False,False,False,2,42.592592592592595,Medium
REST_000404,Ulb,fast_food,Unknown,24.7444149,46.6206874,King Fahd International Stadium,9.428894084691638,Moderate,35,2034-07-10 22:00:00,2034,7,10,22,0,False,33,High,94.28571428571428,False,True,True,2,94.28571428571428,Small
REST_001194,ODD cafe,cafe,Unknown,24.7735044,46.6889856,Prince Faisal bin Fahd Stadium,2.2297762450163434,Close,65,2034-06-01 20:00:00,2034,6,1,20,3,False,65,High,100.0,False,True,True,3,100.0,Medium
REST_000039,Pishawri Kabab,restaurant,Unknown,26.43663,50.107813,Prince Mohammed bin Fahd Stadium,2.592648428991508,Close,104,2034-06-11 15:00:00,2034,6,11,15,6,False,53,Medium,50.96153846153846,False,False,False,3,50.96153846153846,Large
REST_000786,Ziyada Toum,restaurant,Unknown,21.5726539,39.1292852,King Abdullah Sports City,6.560574943644657,Moderate,79,2034-07-14 18:00:00,2034,7,14,18,4,True,60,Medium,75.9493670886076,False,False,False,2,75.9493670886076,Medium
REST_000919,,fast_food,Unknown,24.7616932,46.7985908,Prince Faisal bin Fahd Stadium,8.916330619529694,Moderate,69,2034-06-04 22:00:00,2034,6,4,22,6,False,65,High,94.20289855072464,False,True,True,2,94.20289855072464,Medium
REST_000616,د.كيف,cafe,Unknown,24.847569,46.7336478,Prince Faisal bin Fahd Stadium,8.718994264118326,Moderate,80,2034-07-05 15:00:00,2034,7,5,15,2,False,48,Medium,60.0,False,False,False,2,60.0,Medium
REST_001212,Urth Caffe,cafe,Unknown,24.6749932,46.6246864,King Fahd International Stadium,6.3071408996924445,Moderate,45,2034-06-02 21:00:00,2034,6,2,21,4,True,44,High,97.77777777777777,False,True,True,2,97.77777777777777,Small
REST_000340,,restaurant,Unknown,24.7673823,46.6597538,Prince Faisal bin Fahd Stadium,5.198398854591871,Moderate,160,2034-06-03 18:00:00,2034,6,3,18,5,True,111,Medium,69.375,False,False,False,2,69.375,Large
REST_001104,كانتون,fast_food,Unknown,24.7432578,46.6792533,Prince Faisal bin Fahd Stadium,4.518777338009789,Close,63,2034-06-13 20:00:00,2034,6,13,20,1,False,63,High,100.0,False,True,True,3,100.0,Medium
REST_000116,Phd55,restaurant,Unknown,26.4140411,50.1193958,Prince Mohammed bin Fahd Stadium,3.13551917326331,Close,94,2034-06-08 19:00:00,2034,6,8,19,3,False,94,High,100.0,False,True,True,3,100.0,Medium
REST_001220,المذاق المغربي,cafe,Unknown,21.5917093,39.1376792,King Abdullah Sports City,4.918076229707055,Close,74,2034-06-22 14:00:00,2034,6,22,14,3,False,74,High,100.0,True,False,True,3,100.0,Medium
REST_000301,بيت البيتزا,restaurant,Unknown,26.3764941,43.9298523,King Abdullah City Stadium,3.8290226560374574,Close,130,2034-06-14 13:00:00,2034,6,14,13,2,False,130,High,100.0,True,False,True,3,100.0,Large
REST_000395,Ulb,fast_food,Unknown,24.8445257,46.7571205,Prince Faisal bin Fahd Stadium,9.321237992116538,Moderate,66,2034-06-07 09:00:00,2034,6,7,9,2,False,19,Low,28.78787878787879,False,False,False,2,28.78787878787879,Medium
REST_000140,مطعم خاروف الشيف,restaurant,Unknown,26.4553987,50.0968831,Prince Mohammed bin Fahd Stadium,3.941361623330932,Close,165,2034-07-11 10:00:00,2034,7,11,10,1,False,140,High,84.84848484848484,False,False,False,3,84.84848484848484,Large
REST_000340,,restaurant,Unknown,24.7673823,46.6597538,Prince Faisal bin Fahd Stadium,5.198398854591871,Moderate,160,2034-06-10 12:00:00,2034,6,10,12,5,True,160,High,100.0,True,False,True,2,100.0,Large
REST_001413,The Pancake House,restaurant,Unknown,24.7079737,46.6751704,King Fahd International Stadium,2.8829289311906243,Close,100,2034-06-12 19:00:00,2034,6,12,19,0,False,100,High,100.0,False,True,True,3,100.0,Large
REST_000183,Golden Corner,restaurant,Unknown,26.4112319,50.0801591,Prince Mohammed bin Fahd Stadium,1.359728737700047,Very Close,134,2034-06-10 19:00:00,2034,6,10,19,5,True,134,High,100.0,False,True,True,4,100.0,Large
REST_000119,,fast_food,Unknown,26.4141354,50.1200705,Prince Mohammed bin Fahd Stadium,3.1984367415473387,Close,69,2034-06-02 11:00:00,2034,6,2,11,4,True,69,High,100.0,False,False,False,3,100.0,Medium
REST_000110,,cafe,Unknown,26.4360953,50.1000639,Prince Mohammed bin Fahd Stadium,2.0465826208359315,Close,55,2034-07-07 09:00:00,2034,7,7,9,4,True,34,Medium,61.81818181818181,False,False,False,3,61.81818181818181,Medium
REST_001383,Mocaccino,cafe,Unknown,21.708482,39.1024248,King Abdullah Sports City,8.823577256598817,Moderate,37,2034-06-21 15:00:00,2034,6,21,15,2,False,21,Medium,56.75675675675676,False,False,False,2,56.75675675675676,Small
REST_001422,,restaurant,Unknown,24.6983833,46.6873862,King Fahd International Stadium,1.5920170775778464,Very Close,84,2034-07-13 13:00:00,2034,7,13,13,3,False,81,High,96.42857142857143,True,False,True,4,96.42857142857143,Medium
REST_000345,بول,restaurant,Unknown,24.7808456,46.6974026,Prince Faisal bin Fahd Stadium,1.695282012478964,Very Close,98,2034-06-11 17:00:00,2034,6,11,17,6,False,51,Medium,52.04081632653062,False,False,False,4,52.04081632653062,Medium
REST_000755,Mashi No Mashi,restaurant,Unknown,21.6531959,39.1005238,King Abdullah Sports City,2.9268734872086792,Close,99,2034-06-01 20:00:00,2034,6,1,20,3,False,99,High,100.0,False,True,True,3,100.0,Medium
REST_000911,ستاربكس,cafe,Unknown,24.838724,46.7318325,Prince Faisal bin Fahd Stadium,7.72228756712405,Moderate,70,2034-06-08 18:00:00,2034,6,8,18,3,False,33,Low,47.14285714285714,False,False,False,2,47.14285714285714,Medium
REST_000476,بروستد بونواس,restaurant,Unknown,26.4493532,50.1185439,Prince Mohammed bin Fahd Stadium,4.349937758093283,Close,149,2034-06-26 10:00:00,2034,6,26,10,0,False,91,Medium,61.07382550335571,False,False,False,3,61.07382550335571,Large
REST_000956,Juice World,restaurant,Unknown,21.5772448,39.1570649,King Abdullah Sports City,7.378078091203072,Moderate,187,2034-07-14 09:00:00,2034,7,14,9,4,True,116,Medium,62.03208556149733,False,False,False,2,62.03208556149733,Large
REST_000539,Pizza Hut,fast_food,Unknown,26.46027,50.092427,Prince Mohammed bin Fahd Stadium,4.4147772647908265,Close,58,2034-07-11 22:00:00,2034,7,11,22,1,False,58,High,100.0,False,True,True,3,100.0,Medium
REST_000862,المذاق المغربي,cafe,Unknown,21.6060343,39.1067035,King Abdullah Sports City,2.7344259551684136,Close,43,2034-06-12 20:00:00,2034,6,12,20,0,False,43,High,100.0,False,True,True,3,100.0,Small
REST_000431,,restaurant,Unknown,21.5934705,39.1460582,King Abdullah Sports City,5.258085772146678,Moderate,107,2034-06-03 19:00:00,2034,6,3,19,5,True,107,High,100.0,False,True,True,2,100.0,Large
REST_001148,بروست زهرتي,fast_food,Unknown,26.3571976,43.9530467,King Abdullah City Stadium,1.7224554020216554,Very Close,66,2034-07-08 22:00:00,2034,7,8,22,5,True,66,High,100.0,False,True,True,4,100.0,Medium
REST_000143,Kudu,restaurant,Unknown,26.4283716,50.0969946,Prince Mohammed bin Fahd Stadium,1.1804802812989057,Very Close,50,2034-06-09 21:00:00,2034,6,9,21,4,True,48,High,96.0,False,True,True,4,96.0,Medium
REST_000118,,fast_food,Unknown,26.4142195,50.1199565,Prince Mohammed bin Fahd Stadium,3.185255167118252,Close,31,2034-07-13 11:00:00,2034,7,13,11,3,False,19,Medium,61.29032258064516,False,False,False,3,61.29032258064516,Small
REST_001134,كانتون,fast_food,Unknown,24.7616196,46.6732453,Prince Faisal bin Fahd Stadium,3.97969955798032,Close,49,2034-06-09 12:00:00,2034,6,9,12,4,True,49,High,100.0,True,False,True,3,100.0,Small
REST_000616,د.كيف,cafe,Unknown,24.847569,46.7336478,Prince Faisal bin Fahd Stadium,8.718994264118326,Moderate,80,2034-07-01 13:00:00,2034,7,1,13,5,True,80,High,100.0,True,False,True,2,100.0,Medium
REST_000336,شاورمر,fast_food,Unknown,24.8114498,46.6261347,Prince Faisal bin Fahd Stadium,9.629738008464582,Moderate,36,2034-07-10 09:00:00,2034,7,10,9,0,False,28,Medium,77.77777777777779,False,False,False,2,77.77777777777779,Small
REST_001416,,cafe,Unknown,24.6987722,46.6900044,King Fahd International Stadium,1.6738491454561468,Very Close,61,2034-06-25 22:00:00,2034,6,25,22,6,False,61,High,100.0,False,True,True,4,100.0,Medium
REST_000472,Kudu,fast_food,Unknown,24.5987299,46.6894311,King Fahd International Stadium,9.497995373537016,Moderate,31,2034-06-11 20:00:00,2034,6,11,20,6,False,17,Medium,54.83870967741935,False,True,True,2,54.83870967741935,Small
REST_000704,,cafe,Unknown,24.7422447,46.6561242,Prince Faisal bin Fahd Stadium,6.44804943666966,Moderate,84,2034-06-30 15:00:00,2034,6,30,15,4,True,68,High,80.95238095238095,False,False,False,2,80.95238095238095,Medium
REST_000039,Pishawri Kabab,restaurant,Unknown,26.43663,50.107813,Prince Mohammed bin Fahd Stadium,2.592648428991508,Close,104,2034-07-04 10:00:00,2034,7,4,10,1,False,75,Medium,72.11538461538461,False,False,False,3,72.11538461538461,Large
REST_000641,Steak House,restaurant,Unknown,21.5749298,39.1273211,King Abdullah Sports City,6.26637393661906,Moderate,199,2034-07-15 09:00:00,2034,7,15,9,5,True,90,Low,45.22613065326633,False,False,False,2,45.22613065326633,Large
REST_000738,,restaurant,Unknown,24.6833207,46.7184462,King Fahd International Stadium,3.249037641162283,Close,172,2034-07-07 09:00:00,2034,7,7,9,4,True,172,High,100.0,False,False,False,3,100.0,Large
REST_001470,عالم البيتزا,restaurant,Unknown,26.3735217,43.9304679,King Abdullah City Stadium,3.6884409469073103,Close,149,2034-06-16 14:00:00,2034,6,16,14,4,True,149,High,100.0,True,False,True,3,100.0,Large
REST_000123,KFC,fast_food,Unknown,26.3999225,50.0415142,Prince Mohammed bin Fahd Stadium,5.245387849801892,Moderate,76,2034-06-27 10:00:00,2034,6,27,10,1,False,48,Medium,63.1578947368421,False,False,False,2,63.1578947368421,Medium
REST_001285,منتو يغمش,restaurant,Unknown,24.8005739,46.7829763,Prince Faisal bin Fahd Stadium,7.934873923007209,Moderate,126,2034-07-09 18:00:00,2034,7,9,18,6,False,42,Low,33.33333333333333,False,False,False,2,33.33333333333333,Large
REST_000145,مطعم كبساتي,restaurant,Unknown,26.3599523,50.0659502,Prince Mohammed bin Fahd Stadium,7.127971664043465,Moderate,172,2034-07-04 16:00:00,2034,7,4,16,1,False,73,Low,42.44186046511628,False,False,False,2,42.44186046511628,Large
REST_001040,كفتيريا صاري,restaurant,Unknown,21.5760017,39.1485623,King Abdullah Sports City,6.994665584351821,Moderate,60,2034-07-14 10:00:00,2034,7,14,10,4,True,57,High,95.0,False,False,False,2,95.0,Medium
REST_000594,ستاربكس,cafe,Unknown,24.8178723,46.6870169,Prince Faisal bin Fahd Stadium,5.656185142465266,Moderate,59,2034-06-28 22:00:00,2034,6,28,22,2,False,48,High,81.35593220338984,False,True,True,2,81.35593220338984,Medium
REST_000477,Italian,restaurant,Unknown,24.7707353,46.6720081,Prince Faisal bin Fahd Stadium,3.938891701818023,Close,79,2034-07-11 21:00:00,2034,7,11,21,1,False,79,High,100.0,False,True,True,3,100.0,Medium
REST_001468,اكلات جدودنا,restaurant,Unknown,26.3707036,43.923929,King Abdullah City Stadium,4.284278486583965,Close,140,2034-07-12 13:00:00,2034,7,12,13,2,False,140,High,100.0,True,False,True,3,100.0,Large
REST_000323,مطعم فينور,restaurant,Unknown,26.3963787,43.9190606,King Abdullah City Stadium,5.780250129844871,Moderate,99,2034-06-08 09:00:00,2034,6,8,9,3,False,30,Low,30.303030303030305,False,False,False,2,30.303030303030305,Medium
REST_001277,,cafe,Unknown,24.8327713,46.7676109,Prince Faisal bin Fahd Stadium,8.858096344878021,Moderate,97,2034-06-24 14:00:00,2034,6,24,14,5,True,52,Medium,53.608247422680414,True,False,True,2,53.608247422680414,Medium
REST_000384,,cafe,Unknown,21.5977041,39.1461551,King Abdullah Sports City,4.912524856984208,Close,37,2034-06-10 13:00:00,2034,6,10,13,5,True,37,High,100.0,True,False,True,3,100.0,Small
REST_001408,Fairouz Garden,restaurant,Unknown,24.7080046,46.675289,King Fahd International Stadium,2.8814463899272456,Close,150,2034-07-05 13:00:00,2034,7,5,13,2,False,150,High,100.0,True,False,True,3,100.0,Large
REST_000049,كودو,fast_food,Unknown,24.781792,46.7316492,Prince Faisal bin Fahd Stadium,2.3571051007927797,Close,69,2034-07-15 10:00:00,2034,7,15,10,5,True,69,High,100.0,False,False,False,3,100.0,Medium
REST_000807,Al Fairwz,restaurant,Unknown,21.609459,39.1304878,King Abdullah Sports City,2.863492992019402,Close,141,2034-06-19 16:00:00,2034,6,19,16,0,False,89,Medium,63.12056737588653,False,False,False,3,63.12056737588653,Large
REST_000835,alromansia restaurant مطعم الرومانسية,restaurant,Unknown,26.4556722,50.1136773,Prince Mohammed bin Fahd Stadium,4.610572941998937,Close,71,2034-07-15 15:00:00,2034,7,15,15,5,True,43,Medium,60.56338028169014,False,False,False,3,60.56338028169014,Medium
REST_000846,Ranosh,fast_food,Unknown,24.8336759,46.733879,Prince Faisal bin Fahd Stadium,7.246971349091567,Moderate,49,2034-07-09 22:00:00,2034,7,9,22,6,False,49,High,100.0,False,True,True,2,100.0,Small
REST_000456,Hardee's,fast_food,Unknown,21.6094159,39.1336547,King Abdullah Sports City,3.0786744244796305,Close,46,2034-06-26 08:00:00,2034,6,26,8,0,False,19,Low,41.30434782608695,False,False,False,3,41.30434782608695,Small
REST_000755,Mashi No Mashi,restaurant,Unknown,21.6531959,39.1005238,King Abdullah Sports City,2.9268734872086792,Close,99,2034-07-09 14:00:00,2034,7,9,14,6,False,74,Medium,74.74747474747475,True,False,True,3,74.74747474747475,Medium
REST_001292,رغيف وجبنة,restaurant,Unknown,24.7952936,46.6350728,Prince Faisal bin Fahd Stadium,8.094481090029316,Moderate,110,2034-06-28 22:00:00,2034,6,28,22,2,False,107,High,97.27272727272728,False,True,True,2,97.27272727272728,Large
REST_001570,,cafe,Unknown,24.7941063,46.6554261,Prince Faisal bin Fahd Stadium,6.1297478461302,Moderate,22,2034-06-23 22:00:00,2034,6,23,22,4,True,19,High,86.36363636363636,False,True,True,2,86.36363636363636,Small
REST_000407,Chkn,fast_food,Unknown,24.8453094,46.7582844,Prince Faisal bin Fahd Stadium,9.455576825942822,Moderate,50,2034-07-08 11:00:00,2034,7,8,11,5,True,38,Medium,76.0,False,False,False,2,76.0,Medium
REST_000651,Domino's Pizza,fast_food,Unknown,24.7009672,46.6765959,King Fahd International Stadium,2.1163233808426667,Close,79,2034-07-06 13:00:00,2034,7,6,13,3,False,79,High,100.0,True,False,True,3,100.0,Medium
REST_000802,فوال الخرطوم,restaurant,Unknown,24.6887974,46.764801,King Fahd International Stadium,7.948332152832165,Moderate,127,2034-06-23 17:00:00,2034,6,23,17,4,True,56,Low,44.09448818897638,False,False,False,2,44.09448818897638,Large
REST_001042,مطعم شناشيل,restaurant,Unknown,21.5982477,39.1405734,King Abdullah Sports City,4.48801369964674,Close,137,2034-07-03 10:00:00,2034,7,3,10,0,False,137,High,100.0,False,False,False,3,100.0,Large
REST_000652,Pizza Hut,restaurant,Unknown,24.6878167,46.6878047,King Fahd International Stadium,0.4403523689977305,Very Close,126,2034-06-05 12:00:00,2034,6,5,12,0,False,126,High,100.0,True,False,True,4,100.0,Large
REST_000568,Pasto Caldo,restaurant,Unknown,21.6270033,39.1107051,King Abdullah Sports City,0.4244642384363657,Very Close,102,2034-06-10 16:00:00,2034,6,10,16,5,True,73,Medium,71.56862745098039,False,False,False,4,71.56862745098039,Large
REST_000950,سالدوتش,fast_food,Unknown,24.7449215,46.7560798,Prince Faisal bin Fahd Stadium,5.451508723546728,Moderate,49,2034-06-29 10:00:00,2034,6,29,10,3,False,18,Low,36.734693877551024,False,False,False,2,36.734693877551024,Small
REST_001497,فيشون,restaurant,Unknown,26.3961832,43.9496378,King Abdullah City Stadium,3.692774209613721,Close,157,2034-06-22 17:00:00,2034,6,22,17,3,False,76,Low,48.40764331210191,False,False,False,3,48.40764331210191,Large
REST_000639,Seatle's Best,cafe,Unknown,24.7672177,46.7557637,Prince Faisal bin Fahd Stadium,4.5494578002282235,Close,55,2034-07-04 08:00:00,2034,7,4,8,1,False,36,Medium,65.45454545454545,False,False,False,3,65.45454545454545,Medium
REST_001227,Mood Master Specialty Coffee Roasters and Cafe,cafe,Unknown,24.8013936,46.7071438,Prince Faisal bin Fahd Stadium,3.3025624772767106,Close,75,2034-06-05 22:00:00,2034,6,5,22,0,False,56,Medium,74.66666666666667,False,True,True,3,74.66666666666667,Medium
REST_000750,شريمبلس,restaurant,Unknown,24.8182369,46.6422566,Prince Faisal bin Fahd Stadium,8.642958312867966,Moderate,110,2034-06-15 10:00:00,2034,6,15,10,3,False,48,Low,43.63636363636363,False,False,False,2,43.63636363636363,Large
REST_000119,,fast_food,Unknown,26.4141354,50.1200705,Prince Mohammed bin Fahd Stadium,3.1984367415473387,Close,69,2034-07-08 20:00:00,2034,7,8,20,5,True,69,High,100.0,False,True,True,3,100.0,Medium
REST_000502,سمكة حرة,restaurant,Unknown,21.5809069,39.1603235,King Abdullah Sports City,7.279425720687104,Moderate,72,2034-06-24 10:00:00,2034,6,24,10,5,True,66,High,91.66666666666666,False,False,False,2,91.66666666666666,Medium
REST_000656,Al Mansaf,restaurant,Unknown,24.711061,46.6977886,King Fahd International Stadium,3.2147468402165744,Close,90,2034-07-05 17:00:00,2034,7,5,17,2,False,83,High,92.22222222222223,False,False,False,3,92.22222222222223,Medium
REST_000408,Ulb,fast_food,Unknown,24.7668209,46.7066941,Prince Faisal bin Fahd Stadium,0.7127197008308248,Very Close,57,2034-06-21 13:00:00,2034,6,21,13,2,False,57,High,100.0,True,False,True,4,100.0,Medium
REST_000606,شواية الحرازي,restaurant,Unknown,21.5918202,39.16888,King Abdullah Sports City,7.1142112353585825,Moderate,130,2034-06-19 17:00:00,2034,6,19,17,0,False,79,Medium,60.76923076923077,False,False,False,2,60.76923076923077,Large
REST_001418,Shikara Restaurant,restaurant,Unknown,24.7128171,46.6711407,King Fahd International Stadium,3.541438994349068,Close,119,2034-06-28 13:00:00,2034,6,28,13,2,False,112,High,94.11764705882352,True,False,True,3,94.11764705882352,Large
REST_000403,Tiko,fast_food,Unknown,24.7439764,46.6214222,King Fahd International Stadium,9.342068256175649,Moderate,68,2034-06-28 13:00:00,2034,6,28,13,2,False,40,Medium,58.82352941176471,True,False,True,2,58.82352941176471,Medium
REST_000347,,cafe,Unknown,24.7787495,46.7118329,Prince Faisal bin Fahd Stadium,0.7662576771674339,Very Close,30,2034-07-07 10:00:00,2034,7,7,10,4,True,27,High,90.0,False,False,False,4,90.0,Small
REST_000595,دانكن دونتس,fast_food,Unknown,24.8177774,46.6862018,Prince Faisal bin Fahd Stadium,5.682413507376354,Moderate,30,2034-06-20 11:00:00,2034,6,20,11,1,False,13,Low,43.333333333333336,False,False,False,2,43.333333333333336,Small
REST_001436,,fast_food,Unknown,24.6998806,46.6823339,King Fahd International Stadium,1.7998893815554278,Very Close,55,2034-06-22 12:00:00,2034,6,22,12,3,False,55,High,100.0,True,False,True,4,100.0,Medium
REST_000565,zonice | زونايس,restaurant,Unknown,26.375623,43.9359581,King Abdullah City Stadium,3.219325361091538,Close,134,2034-06-25 09:00:00,2034,6,25,9,6,False,128,High,95.52238805970148,False,False,False,3,95.52238805970148,Large
REST_000772,مطعم القصر للمشويات العراقية,restaurant,Unknown,24.8171188,46.6442025,Prince Faisal bin Fahd Stadium,8.411176395526743,Moderate,144,2034-06-04 11:00:00,2034,6,4,11,6,False,117,High,81.25,False,False,False,2,81.25,Large
REST_000840,ميلانا كافيه,cafe,Unknown,24.8336702,46.7334612,Prince Faisal bin Fahd Stadium,7.233041214872869,Moderate,64,2034-06-19 14:00:00,2034,6,19,14,0,False,54,High,84.375,True,False,True,2,84.375,Medium
REST_000045,Golden Palace Chinese Restaurant,restaurant,Unknown,21.5566055,39.1691506,King Abdullah Sports City,9.96729911629322,Moderate,98,2034-06-28 14:00:00,2034,6,28,14,2,False,81,High,82.6530612244898,True,False,True,2,82.6530612244898,Medium
REST_000371,Habrat Restaurant,restaurant,Unknown,21.6268475,39.1353485,King Abdullah Sports City,2.2821339382086694,Close,72,2034-06-02 13:00:00,2034,6,2,13,4,True,72,High,100.0,True,False,True,3,100.0,Medium
REST_001105,كانتون,fast_food,Unknown,24.758633,46.7144332,Prince Faisal bin Fahd Stadium,1.5154029092945864,Very Close,42,2034-07-08 09:00:00,2034,7,8,9,5,True,42,High,100.0,False,False,False,4,100.0,Small
REST_000145,مطعم كبساتي,restaurant,Unknown,26.3599523,50.0659502,Prince Mohammed bin Fahd Stadium,7.127971664043465,Moderate,172,2034-06-24 22:00:00,2034,6,24,22,5,True,172,High,100.0,False,True,True,2,100.0,Large
REST_000768,ديب فرايز,restaurant,Unknown,24.8151974,46.6354608,Prince Faisal bin Fahd Stadium,9.018025347370818,Moderate,86,2034-06-17 15:00:00,2034,6,17,15,5,True,58,Medium,67.44186046511628,False,False,False,2,67.44186046511628,Medium
REST_000758,بارولي كافيه,cafe,Unknown,24.8173852,46.644058,Prince Faisal bin Fahd Stadium,8.440585172298908,Moderate,53,2034-06-02 13:00:00,2034,6,2,13,4,True,53,High,100.0,True,False,True,2,100.0,Medium
REST_001337,,restaurant,Unknown,24.7678767,46.7155281,Prince Faisal bin Fahd Stadium,0.6396503472173186,Very Close,152,2034-07-01 21:00:00,2034,7,1,21,5,True,152,High,100.0,False,True,True,4,100.0,Large
REST_000935,محمصة الدار,cafe,Unknown,24.6514046,46.7066725,King Fahd International Stadium,4.177932531041271,Close,71,2034-06-26 16:00:00,2034,6,26,16,0,False,68,High,95.77464788732394,False,False,False,3,95.77464788732394,Medium
REST_000954,البيك,fast_food,Unknown,21.628698,39.1355166,King Abdullah Sports City,2.2790538446903583,Close,57,2034-06-02 21:00:00,2034,6,2,21,4,True,57,High,100.0,False,True,True,3,100.0,Medium
REST_000292,كوب القهوة,cafe,Unknown,26.3180939,44.0372088,King Abdullah City Stadium,8.864373847296573,Moderate,80,2034-06-26 11:00:00,2034,6,26,11,0,False,59,Medium,73.75,False,False,False,2,73.75,Medium
REST_001434,Hardee's,restaurant,Unknown,24.7042627,46.6651055,King Fahd International Stadium,3.1002027463570068,Close,144,2034-06-07 10:00:00,2034,6,7,10,2,False,137,High,95.13888888888889,False,False,False,3,95.13888888888889,Large
REST_000699,,cafe,Unknown,21.5967854,39.1574669,King Abdullah Sports City,5.842530175364363,Moderate,49,2034-06-21 15:00:00,2034,6,21,15,2,False,23,Low,46.93877551020408,False,False,False,2,46.93877551020408,Small
REST_000282,كودو,restaurant,Unknown,26.3573865,43.9661676,King Abdullah City Stadium,1.0369714984039948,Very Close,122,2034-06-20 22:00:00,2034,6,20,22,1,False,122,High,100.0,False,True,True,4,100.0,Large
REST_000345,بول,restaurant,Unknown,24.7808456,46.6974026,Prince Faisal bin Fahd Stadium,1.695282012478964,Very Close,98,2034-07-01 09:00:00,2034,7,1,9,5,True,98,High,100.0,False,False,False,4,100.0,Medium
REST_001079,Urth Caffe,cafe,Unknown,21.5668615,39.1248304,King Abdullah Sports City,7.095803038786741,Moderate,80,2034-06-18 17:00:00,2034,6,18,17,6,False,69,High,86.25,False,False,False,2,86.25,Medium
REST_001570,,cafe,Unknown,24.7941063,46.6554261,Prince Faisal bin Fahd Stadium,6.1297478461302,Moderate,22,2034-07-06 21:00:00,2034,7,6,21,3,False,11,Medium,50.0,False,True,True,2,50.0,Small
REST_000338,نقطة | قهوة مختصة,cafe,Unknown,24.7795758,46.6826275,Prince Faisal bin Fahd Stadium,2.988940800144785,Close,49,2034-06-21 22:00:00,2034,6,21,22,2,False,37,Medium,75.51020408163265,False,True,True,3,75.51020408163265,Small
REST_000977,مطعم حنيذ الجنوب-طيبة,restaurant,Unknown,26.359091,50.0437992,Prince Mohammed bin Fahd Stadium,8.186746687833677,Moderate,74,2034-06-18 08:00:00,2034,6,18,8,6,False,51,Medium,68.91891891891892,False,False,False,2,68.91891891891892,Medium
REST_001224,ghaze alhesane,fast_food,Unknown,21.6526591,39.1258937,King Abdullah Sports City,2.8463529612627196,Close,60,2034-06-08 18:00:00,2034,6,8,18,3,False,37,Medium,61.66666666666667,False,False,False,3,61.66666666666667,Medium
REST_000283,al fares,restaurant,Unknown,26.3373754,43.9662608,King Abdullah City Stadium,3.261040392550364,Close,165,2034-06-22 11:00:00,2034,6,22,11,3,False,156,High,94.54545454545455,False,False,False,3,94.54545454545455,Large
REST_000764,شاورمر Shawarmer,restaurant,Unknown,24.81146,46.6261625,Prince Faisal bin Fahd Stadium,9.627759340618688,Moderate,151,2034-06-05 22:00:00,2034,6,5,22,0,False,86,Medium,56.95364238410596,False,True,True,2,56.95364238410596,Large
REST_000764,شاورمر Shawarmer,restaurant,Unknown,24.81146,46.6261625,Prince Faisal bin Fahd Stadium,9.627759340618688,Moderate,151,2034-06-09 21:00:00,2034,6,9,21,4,True,88,Medium,58.27814569536424,False,True,True,2,58.27814569536424,Large
REST_001114,كانتون,fast_food,Unknown,26.4621818,50.0643558,Prince Mohammed bin Fahd Stadium,5.215248827445351,Moderate,36,2034-07-04 11:00:00,2034,7,4,11,1,False,13,Low,36.11111111111111,False,False,False,2,36.11111111111111,Small
REST_001384,مطعم السقالة,restaurant,Unknown,21.7179366,39.1039789,King Abdullah Sports City,9.84960291038882,Moderate,94,2034-07-04 17:00:00,2034,7,4,17,1,False,75,Medium,79.7872340425532,False,False,False,2,79.7872340425532,Medium
REST_000701,Vero | فيرو,cafe,Unknown,24.787034,46.6472064,Prince Faisal bin Fahd Stadium,6.656631907640486,Moderate,57,2034-06-20 16:00:00,2034,6,20,16,1,False,40,Medium,70.17543859649122,False,False,False,2,70.17543859649122,Medium
REST_001277,,cafe,Unknown,24.8327713,46.7676109,Prince Faisal bin Fahd Stadium,8.858096344878021,Moderate,97,2034-07-08 19:00:00,2034,7,8,19,5,True,94,High,96.90721649484536,False,True,True,2,96.90721649484536,Medium
REST_000301,بيت البيتزا,restaurant,Unknown,26.3764941,43.9298523,King Abdullah City Stadium,3.8290226560374574,Close,130,2034-06-23 14:00:00,2034,6,23,14,4,True,122,High,93.84615384615384,True,False,True,3,93.84615384615384,Large
REST_000037,Ghawar,restaurant,Unknown,24.6697399,46.7315827,King Fahd International Stadium,4.846000136590066,Close,57,2034-06-07 09:00:00,2034,6,7,9,2,False,52,High,91.22807017543859,False,False,False,3,91.22807017543859,Medium
REST_000862,المذاق المغربي,cafe,Unknown,21.6060343,39.1067035,King Abdullah Sports City,2.7344259551684136,Close,43,2034-06-15 11:00:00,2034,6,15,11,3,False,40,High,93.02325581395348,False,False,False,3,93.02325581395348,Small
REST_000333,بيتزا هت,restaurant,Unknown,24.8004341,46.7399092,Prince Faisal bin Fahd Stadium,4.310936884667517,Close,139,2034-07-14 16:00:00,2034,7,14,16,4,True,131,High,94.24460431654677,False,False,False,3,94.24460431654677,Large
REST_001331,,restaurant,Unknown,24.8072019,46.7805878,Prince Faisal bin Fahd Stadium,8.047144803866747,Moderate,87,2034-07-05 10:00:00,2034,7,5,10,2,False,58,Medium,66.66666666666666,False,False,False,2,66.66666666666666,Medium
REST_000811,Al Nakheel,restaurant,Unknown,21.5643739,39.1116299,King Abdullah Sports City,7.277619197092621,Moderate,68,2034-06-11 12:00:00,2034,6,11,12,6,False,68,High,100.0,True,False,True,2,100.0,Medium
REST_001216,Beefbar,restaurant,Unknown,24.7043323,46.7059386,King Fahd International Stadium,2.999598031405568,Close,120,2034-06-05 21:00:00,2034,6,5,21,0,False,120,High,100.0,False,True,True,3,100.0,Large
REST_000843,The Coffee Address,cafe,Unknown,24.8344179,46.7353315,Prince Faisal bin Fahd Stadium,7.372755619428699,Moderate,58,2034-06-21 14:00:00,2034,6,21,14,2,False,26,Low,44.827586206896555,True,False,True,2,44.827586206896555,Medium
REST_000332,Kudu,restaurant,Unknown,24.7993375,46.7402288,Prince Faisal bin Fahd Stadium,4.244374307500756,Close,95,2034-07-09 16:00:00,2034,7,9,16,6,False,55,Medium,57.89473684210527,False,False,False,3,57.89473684210527,Medium
REST_000738,,restaurant,Unknown,24.6833207,46.7184462,King Fahd International Stadium,3.249037641162283,Close,172,2034-07-11 22:00:00,2034,7,11,22,1,False,172,High,100.0,False,True,True,3,100.0,Large
REST_001212,Urth Caffe,cafe,Unknown,24.6749932,46.6246864,King Fahd International Stadium,6.3071408996924445,Moderate,45,2034-06-20 12:00:00,2034,6,20,12,1,False,42,High,93.33333333333333,True,False,True,2,93.33333333333333,Small
REST_000377,,cafe,Unknown,26.458763,50.0890652,Prince Mohammed bin Fahd Stadium,4.23249485585094,Close,65,2034-06-15 11:00:00,2034,6,15,11,3,False,42,Medium,64.61538461538461,False,False,False,3,64.61538461538461,Medium
REST_000441,Starbucks,cafe,Unknown,26.4539347,50.1205844,Prince Mohammed bin Fahd Stadium,4.865387943686088,Close,27,2034-06-12 17:00:00,2034,6,12,17,0,False,27,High,100.0,False,False,False,3,100.0,Small
REST_001127,كانتون,fast_food,Unknown,21.5496814,39.1476104,King Abdullah Sports City,9.581478278878778,Moderate,64,2034-06-29 10:00:00,2034,6,29,10,3,False,22,Low,34.375,False,False,False,2,34.375,Medium
REST_000404,Ulb,fast_food,Unknown,24.7444149,46.6206874,King Fahd International Stadium,9.428894084691638,Moderate,35,2034-07-09 09:00:00,2034,7,9,9,6,False,12,Low,34.285714285714285,False,False,False,2,34.285714285714285,Small
REST_001497,فيشون,restaurant,Unknown,26.3961832,43.9496378,King Abdullah City Stadium,3.692774209613721,Close,157,2034-07-12 11:00:00,2034,7,12,11,2,False,146,High,92.99363057324841,False,False,False,3,92.99363057324841,Large
REST_000539,Pizza Hut,fast_food,Unknown,26.46027,50.092427,Prince Mohammed bin Fahd Stadium,4.4147772647908265,Close,58,2034-07-15 14:00:00,2034,7,15,14,5,True,45,Medium,77.58620689655173,True,False,True,3,77.58620689655173,Medium
REST_001337,,restaurant,Unknown,24.7678767,46.7155281,Prince Faisal bin Fahd Stadium,0.6396503472173186,Very Close,152,2034-06-27 18:00:00,2034,6,27,18,1,False,127,High,83.55263157894737,False,False,False,4,83.55263157894737,Large
REST_001042,مطعم شناشيل,restaurant,Unknown,21.5982477,39.1405734,King Abdullah Sports City,4.48801369964674,Close,137,2034-06-15 14:00:00,2034,6,15,14,3,False,137,High,100.0,True,False,True,3,100.0,Large
REST_000110,,cafe,Unknown,26.4360953,50.1000639,Prince Mohammed bin Fahd Stadium,2.0465826208359315,Close,55,2034-07-12 16:00:00,2034,7,12,16,2,False,24,Low,43.63636363636363,False,False,False,3,43.63636363636363,Medium
REST_001383,Mocaccino,cafe,Unknown,21.708482,39.1024248,King Abdullah Sports City,8.823577256598817,Moderate,37,2034-06-09 19:00:00,2034,6,9,19,4,True,37,High,100.0,False,True,True,2,100.0,Small
REST_000315,,restaurant,Unknown,24.8129579,46.6472593,Prince Faisal bin Fahd Stadium,7.889523934515827,Moderate,175,2034-06-06 08:00:00,2034,6,6,8,1,False,97,Medium,55.42857142857143,False,False,False,2,55.42857142857143,Large
REST_001408,Fairouz Garden,restaurant,Unknown,24.7080046,46.675289,King Fahd International Stadium,2.8814463899272456,Close,150,2034-06-30 14:00:00,2034,6,30,14,4,True,150,High,100.0,True,False,True,3,100.0,Large
REST_001284,Mensa,restaurant,Unknown,24.8095361,46.7072218,Prince Faisal bin Fahd Stadium,4.202287209804109,Close,131,2034-06-21 19:00:00,2034,6,21,19,2,False,131,High,100.0,False,True,True,3,100.0,Large
REST_000748,ذوق الحجازي,restaurant,Unknown,24.812489,46.6285748,Prince Faisal bin Fahd Stadium,9.46579312144128,Moderate,126,2034-07-02 13:00:00,2034,7,2,13,6,False,81,Medium,64.28571428571429,True,False,True,2,64.28571428571429,Large
REST_001499,مندي صالح,restaurant,Unknown,26.324595,43.9612958,King Abdullah City Stadium,4.712729775299977,Close,93,2034-06-19 21:00:00,2034,6,19,21,0,False,70,Medium,75.26881720430107,False,True,True,3,75.26881720430107,Medium
REST_001466,الرومانسية,restaurant,Unknown,26.366117,43.9424868,King Abdullah City Stadium,2.413173240425537,Close,99,2034-06-13 13:00:00,2034,6,13,13,1,False,99,High,100.0,True,False,True,3,100.0,Medium
REST_000630,NOOR CAFE | نور كافيه,cafe,Unknown,24.7739257,46.7093414,Prince Faisal bin Fahd Stadium,0.2806741776903812,Very Close,85,2034-07-01 10:00:00,2034,7,1,10,5,True,85,High,100.0,False,False,False,4,100.0,Medium
REST_000542,,cafe,Unknown,26.4729058,50.0862236,Prince Mohammed bin Fahd Stadium,5.810684253519465,Moderate,92,2034-06-22 09:00:00,2034,6,22,9,3,False,62,Medium,67.3913043478261,False,False,False,2,67.3913043478261,Medium
REST_001285,منتو يغمش,restaurant,Unknown,24.8005739,46.7829763,Prince Faisal bin Fahd Stadium,7.934873923007209,Moderate,126,2034-06-13 16:00:00,2034,6,13,16,1,False,42,Low,33.33333333333333,False,False,False,2,33.33333333333333,Large
REST_001457,ديل برجر,restaurant,Unknown,26.3926371,43.9203766,King Abdullah City Stadium,5.441693716202213,Moderate,167,2034-07-09 12:00:00,2034,7,9,12,6,False,92,Medium,55.08982035928144,True,False,True,2,55.08982035928144,Large
REST_000318,درافت كافيه,cafe,Unknown,24.8036447,46.6742323,Prince Faisal bin Fahd Stadium,5.122167928149393,Moderate,38,2034-06-13 13:00:00,2034,6,13,13,1,False,16,Low,42.10526315789473,True,False,True,2,42.10526315789473,Small
REST_000053,ماكدونالز,fast_food,Unknown,24.811728,46.7691345,Prince Faisal bin Fahd Stadium,7.35203380959969,Moderate,61,2034-06-07 18:00:00,2034,6,7,18,2,False,31,Medium,50.81967213114754,False,False,False,2,50.81967213114754,Medium
REST_000956,Juice World,restaurant,Unknown,21.5772448,39.1570649,King Abdullah Sports City,7.378078091203072,Moderate,187,2034-06-03 18:00:00,2034,6,3,18,5,True,78,Low,41.711229946524064,False,False,False,2,41.711229946524064,Large
REST_000122,دلع بطنك الدمام,restaurant,Unknown,26.4369935,50.084037,Prince Mohammed bin Fahd Stadium,1.8728016672082712,Very Close,121,2034-06-21 20:00:00,2034,6,21,20,2,False,88,Medium,72.72727272727273,False,True,True,4,72.72727272727273,Large
REST_001226,Shawarma House,fast_food,Unknown,24.756185,46.6568924,Prince Faisal bin Fahd Stadium,5.735873860566751,Moderate,44,2034-06-22 10:00:00,2034,6,22,10,3,False,15,Low,34.090909090909086,False,False,False,2,34.090909090909086,Small
REST_000925,جافا تايم,cafe,Unknown,24.7468121,46.6549157,Prince Faisal bin Fahd Stadium,6.312835867432516,Moderate,44,2034-07-04 10:00:00,2034,7,4,10,1,False,16,Low,36.36363636363637,False,False,False,2,36.36363636363637,Small
REST_000769,مكشكش,restaurant,Unknown,24.8152251,46.6355218,Prince Faisal bin Fahd Stadium,9.01446420038041,Moderate,89,2034-06-20 18:00:00,2034,6,20,18,1,False,67,Medium,75.28089887640449,False,False,False,2,75.28089887640449,Medium
REST_001048,,restaurant,Unknown,24.7672552,46.6592807,Prince Faisal bin Fahd Stadium,5.247318715547358,Moderate,182,2034-06-27 18:00:00,2034,6,27,18,1,False,66,Low,36.26373626373626,False,False,False,2,36.26373626373626,Large
REST_000378,marrsm,cafe,Unknown,21.6103849,39.125339,King Abdullah Sports City,2.4816162492231526,Close,36,2034-06-21 12:00:00,2034,6,21,12,2,False,36,High,100.0,True,False,True,3,100.0,Small
REST_000538,Chkn,fast_food,Unknown,24.7389047,46.7596526,Prince Faisal bin Fahd Stadium,6.131575014450844,Moderate,51,2034-06-19 18:00:00,2034,6,19,18,0,False,25,Low,49.01960784313725,False,False,False,2,49.01960784313725,Medium
REST_000690,دانكن دونتس,fast_food,Unknown,21.5724549,39.1586974,King Abdullah Sports City,7.905330247035989,Moderate,53,2034-07-10 18:00:00,2034,7,10,18,0,False,34,Medium,64.15094339622641,False,False,False,2,64.15094339622641,Medium
REST_001283,,cafe,Unknown,24.7821629,46.7063921,Prince Faisal bin Fahd Stadium,1.2323621339488111,Very Close,85,2034-07-09 21:00:00,2034,7,9,21,6,False,85,High,100.0,False,True,True,4,100.0,Medium
REST_001146,الاكلة الفاخرة,restaurant,Unknown,26.3570008,43.9522254,King Abdullah City Stadium,1.8008036970602852,Very Close,166,2034-06-14 22:00:00,2034,6,14,22,2,False,166,High,100.0,False,True,True,4,100.0,Large
REST_000967,شاورما جساس,fast_food,Unknown,21.6325188,39.1551692,King Abdullah Sports City,4.317698316997511,Close,31,2034-07-05 18:00:00,2034,7,5,18,2,False,31,High,100.0,False,False,False,3,100.0,Small
REST_000638,Fish & Chips,fast_food,Unknown,24.7006869,46.6928923,King Fahd International Stadium,1.9609427883677322,Very Close,31,2034-06-17 22:00:00,2034,6,17,22,5,True,31,High,100.0,False,True,True,4,100.0,Small
REST_000840,ميلانا كافيه,cafe,Unknown,24.8336702,46.7334612,Prince Faisal bin Fahd Stadium,7.233041214872869,Moderate,64,2034-06-10 13:00:00,2034,6,10,13,5,True,42,Medium,65.625,True,False,True,2,65.625,Medium
REST_000176,,restaurant,Unknown,26.4104127,50.0341182,Prince Mohammed bin Fahd Stadium,5.5643445776893,Moderate,98,2034-07-09 16:00:00,2034,7,9,16,6,False,80,High,81.63265306122449,False,False,False,2,81.63265306122449,Medium
REST_000188,بيت الربيان,restaurant,Unknown,26.4592864,50.0869988,Prince Mohammed bin Fahd Stadium,4.294358112095671,Close,50,2034-07-05 13:00:00,2034,7,5,13,2,False,50,High,100.0,True,False,True,3,100.0,Medium
REST_001020,كانتون,fast_food,Unknown,26.4036565,50.0573132,Prince Mohammed bin Fahd Stadium,3.663915326926866,Close,73,2034-06-29 13:00:00,2034,6,29,13,3,False,73,High,100.0,True,False,True,3,100.0,Medium
REST_000114,بلاسا اكيل,fast_food,Unknown,26.4349258,50.1172852,Prince Mohammed bin Fahd Stadium,3.247673740338062,Close,69,2034-07-01 15:00:00,2034,7,1,15,5,True,54,Medium,78.26086956521739,False,False,False,3,78.26086956521739,Medium
REST_000371,Habrat Restaurant,restaurant,Unknown,21.6268475,39.1353485,King Abdullah Sports City,2.2821339382086694,Close,72,2034-06-08 19:00:00,2034,6,8,19,3,False,49,Medium,68.05555555555556,False,True,True,3,68.05555555555556,Medium
REST_000347,,cafe,Unknown,24.7787495,46.7118329,Prince Faisal bin Fahd Stadium,0.7662576771674339,Very Close,30,2034-06-06 11:00:00,2034,6,6,11,1,False,30,High,100.0,False,False,False,4,100.0,Small
REST_000852,McDonald's,fast_food,Unknown,24.7616003,46.6734739,Prince Faisal bin Fahd Stadium,3.958217349628823,Close,57,2034-07-15 12:00:00,2034,7,15,12,5,True,45,Medium,78.94736842105263,True,False,True,3,78.94736842105263,Medium
REST_000339,كاشو,fast_food,Unknown,24.7804606,46.6633466,Prince Faisal bin Fahd Stadium,4.904334415073274,Close,54,2034-07-03 14:00:00,2034,7,3,14,0,False,54,High,100.0,True,False,True,3,100.0,Medium
REST_001469,ماكدونالدز,fast_food,Unknown,26.3643605,43.9361055,King Abdullah City Stadium,3.0591597290519763,Close,34,2034-07-06 17:00:00,2034,7,6,17,3,False,31,High,91.17647058823529,False,False,False,3,91.17647058823529,Small
REST_000387,ليفاني كوفي - Leivani coffee,cafe,Unknown,24.747746,46.7018094,Prince Faisal bin Fahd Stadium,2.841605378077961,Close,77,2034-06-23 10:00:00,2034,6,23,10,4,True,77,High,100.0,False,False,False,3,100.0,Medium
REST_001228,الطازج,fast_food,Unknown,24.7561287,46.6561546,Prince Faisal bin Fahd Stadium,5.8087604809389175,Moderate,46,2034-07-15 17:00:00,2034,7,15,17,5,True,46,High,100.0,False,False,False,2,100.0,Small
REST_000177,مطعم الجود,restaurant,Unknown,26.4018463,50.0286218,Prince Mohammed bin Fahd Stadium,6.3491763003360795,Moderate,117,2034-06-24 22:00:00,2034,6,24,22,5,True,117,High,100.0,False,True,True,2,100.0,Large
REST_000286,كودو,fast_food,Unknown,26.3963971,43.9255495,King Abdullah City Stadium,5.263804879077784,Moderate,74,2034-06-25 14:00:00,2034,6,25,14,6,False,60,High,81.08108108108108,True,False,True,2,81.08108108108108,Medium
REST_000663,برغر فيول,fast_food,Unknown,24.8106225,46.7344265,Prince Faisal bin Fahd Stadium,4.912425939962434,Close,39,2034-07-08 10:00:00,2034,7,8,10,5,True,26,Medium,66.66666666666666,False,False,False,3,66.66666666666666,Small
REST_001148,بروست زهرتي,fast_food,Unknown,26.3571976,43.9530467,King Abdullah City Stadium,1.7224554020216554,Very Close,66,2034-07-12 17:00:00,2034,7,12,17,2,False,31,Low,46.96969696969697,False,False,False,4,46.96969696969697,Medium
REST_000315,,restaurant,Unknown,24.8129579,46.6472593,Prince Faisal bin Fahd Stadium,7.889523934515827,Moderate,175,2034-06-03 18:00:00,2034,6,3,18,5,True,146,High,83.42857142857143,False,False,False,2,83.42857142857143,Large
REST_000347,,cafe,Unknown,24.7787495,46.7118329,Prince Faisal bin Fahd Stadium,0.7662576771674339,Very Close,30,2034-07-11 08:00:00,2034,7,11,8,1,False,30,High,100.0,False,False,False,4,100.0,Small
REST_000045,Golden Palace Chinese Restaurant,restaurant,Unknown,21.5566055,39.1691506,King Abdullah Sports City,9.96729911629322,Moderate,98,2034-06-05 19:00:00,2034,6,5,19,0,False,98,High,100.0,False,True,True,2,100.0,Medium
REST_001247,Nevermind,fast_food,Unknown,24.7049025,46.6846816,King Fahd International Stadium,2.3189036566434207,Close,72,2034-06-01 08:00:00,2034,6,1,8,3,False,72,High,100.0,False,False,False,3,100.0,Medium
REST_000606,شواية الحرازي,restaurant,Unknown,21.5918202,39.16888,King Abdullah Sports City,7.1142112353585825,Moderate,130,2034-07-14 12:00:00,2034,7,14,12,4,True,127,High,97.6923076923077,True,False,True,2,97.6923076923077,Large
REST_000366,Sushi Yoshi,restaurant,Unknown,21.615271,39.108149,King Abdullah Sports City,1.7076191574256798,Very Close,85,2034-06-03 17:00:00,2034,6,3,17,5,True,72,High,84.70588235294117,False,False,False,4,84.70588235294117,Medium
REST_001146,الاكلة الفاخرة,restaurant,Unknown,26.3570008,43.9522254,King Abdullah City Stadium,1.8008036970602852,Very Close,166,2034-07-13 16:00:00,2034,7,13,16,3,False,166,High,100.0,False,False,False,4,100.0,Large
REST_001498,فرحات,restaurant,Unknown,26.396264,43.9496302,King Abdullah City Stadium,3.7011003387809818,Close,149,2034-06-13 11:00:00,2034,6,13,11,1,False,119,Medium,79.86577181208054,False,False,False,3,79.86577181208054,Large
REST_000678,هرفي,fast_food,Unknown,24.5980523,46.684862,King Fahd International Stadium,9.569171453582342,Moderate,35,2034-06-14 14:00:00,2034,6,14,14,2,False,32,High,91.42857142857143,True,False,True,2,91.42857142857143,Small
REST_001495,,restaurant,Unknown,26.3877205,43.9540534,King Abdullah City Stadium,2.6552758290148737,Close,168,2034-06-06 10:00:00,2034,6,6,10,1,False,149,High,88.69047619047619,False,False,False,3,88.69047619047619,Large
REST_000755,Mashi No Mashi,restaurant,Unknown,21.6531959,39.1005238,King Abdullah Sports City,2.9268734872086792,Close,99,2034-07-04 16:00:00,2034,7,4,16,1,False,71,Medium,71.71717171717171,False,False,False,3,71.71717171717171,Medium
REST_001208,ركن الفلافل,restaurant,Unknown,21.6093627,39.1350133,King Abdullah Sports City,3.1796253596077135,Close,164,2034-06-17 21:00:00,2034,6,17,21,5,True,164,High,100.0,False,True,True,3,100.0,Large
REST_000747,Obo Beach House,restaurant,Unknown,21.6516243,39.1026142,King Abdullah Sports City,2.67488942711563,Close,125,2034-07-11 15:00:00,2034,7,11,15,1,False,125,High,100.0,False,False,False,3,100.0,Large
REST_001380,,restaurant,Unknown,21.7077244,39.1020064,King Abdullah Sports City,8.745821526203569,Moderate,102,2034-06-21 18:00:00,2034,6,21,18,2,False,69,Medium,67.64705882352942,False,False,False,2,67.64705882352942,Large
REST_000698,بيت الدونات,fast_food,Unknown,21.5768762,39.1497784,King Abdullah Sports City,6.978438990022302,Moderate,36,2034-07-04 15:00:00,2034,7,4,15,1,False,27,Medium,75.0,False,False,False,2,75.0,Small
REST_000687,ماكدونالدز,fast_food,Unknown,24.5957426,46.6811264,King Fahd International Stadium,9.838799464628133,Moderate,63,2034-06-22 17:00:00,2034,6,22,17,3,False,28,Low,44.44444444444444,False,False,False,2,44.44444444444444,Medium
REST_001110,كانتون,fast_food,Unknown,24.808371,46.6698492,Prince Faisal bin Fahd Stadium,5.805407420939589,Moderate,64,2034-07-07 16:00:00,2034,7,7,16,4,True,64,High,100.0,False,False,False,2,100.0,Medium
REST_000384,,cafe,Unknown,21.5977041,39.1461551,King Abdullah Sports City,4.912524856984208,Close,37,2034-06-22 15:00:00,2034,6,22,15,3,False,19,Medium,51.35135135135135,False,False,False,3,51.35135135135135,Small
REST_001147,Tony Roma's,restaurant,Unknown,24.7027286,46.6801722,King Fahd International Stadium,2.161937210848951,Close,137,2034-06-07 13:00:00,2034,6,7,13,2,False,96,Medium,70.07299270072993,True,False,True,3,70.07299270072993,Large
REST_000112,السيف لاونج,cafe,Unknown,26.4568159,50.1307542,Prince Mohammed bin Fahd Stadium,5.794504884134874,Moderate,72,2034-07-12 12:00:00,2034,7,12,12,2,False,72,High,100.0,True,False,True,2,100.0,Medium
REST_000747,Obo Beach House,restaurant,Unknown,21.6516243,39.1026142,King Abdullah Sports City,2.67488942711563,Close,125,2034-06-29 13:00:00,2034,6,29,13,3,False,123,High,98.4,True,False,True,3,98.4,Large
REST_000323,مطعم فينور,restaurant,Unknown,26.3963787,43.9190606,King Abdullah City Stadium,5.780250129844871,Moderate,99,2034-06-18 12:00:00,2034,6,18,12,6,False,89,High,89.8989898989899,True,False,True,2,89.8989898989899,Medium
REST_000845,Barn's,restaurant,Unknown,24.8334509,46.733426,Prince Faisal bin Fahd Stadium,7.208773253950492,Moderate,119,2034-07-06 22:00:00,2034,7,6,22,3,False,119,High,100.0,False,True,True,2,100.0,Large
REST_001460,مطاعم ومطابخ مضياف,restaurant,Unknown,26.404773,43.9141945,King Abdullah City Stadium,6.728810304967679,Moderate,114,2034-07-13 22:00:00,2034,7,13,22,3,False,108,High,94.73684210526315,False,True,True,2,94.73684210526315,Large
REST_000308,ليون كافيه,cafe,Unknown,26.3542632,43.9540151,King Abdullah City Stadium,1.873420729208515,Very Close,71,2034-07-07 17:00:00,2034,7,7,17,4,True,71,High,100.0,False,False,False,4,100.0,Medium
REST_000348,,restaurant,Unknown,24.7671892,46.7170346,Prince Faisal bin Fahd Stadium,0.8034990755507266,Very Close,103,2034-06-30 21:00:00,2034,6,30,21,4,True,103,High,100.0,False,True,True,4,100.0,Large
REST_000640,Al Rabe'a,restaurant,Unknown,24.6975196,46.7805034,King Fahd International Stadium,9.63353899962464,Moderate,118,2034-06-26 22:00:00,2034,6,26,22,0,False,118,High,100.0,False,True,True,2,100.0,Large
REST_001408,Fairouz Garden,restaurant,Unknown,24.7080046,46.675289,King Fahd International Stadium,2.8814463899272456,Close,150,2034-06-01 19:00:00,2034,6,1,19,3,False,139,High,92.66666666666666,False,True,True,3,92.66666666666666,Large
REST_001066,جاردن لاونج مطعم وكافيه,restaurant,Unknown,24.6823089,46.7778529,King Fahd International Stadium,9.252201535974685,Moderate,154,2034-06-14 13:00:00,2034,6,14,13,2,False,134,High,87.01298701298701,True,False,True,2,87.01298701298701,Large
REST_000573,LITE AND DELIGHT,cafe,Unknown,21.568907,39.165085,King Abdullah Sports City,8.619135423414782,Moderate,66,2034-06-12 08:00:00,2034,6,12,8,0,False,20,Low,30.303030303030305,False,False,False,2,30.303030303030305,Medium
REST_000653,,restaurant,Unknown,24.6989019,46.6886304,King Fahd International Stadium,1.662649880674677,Very Close,122,2034-06-17 21:00:00,2034,6,17,21,5,True,122,High,100.0,False,True,True,4,100.0,Large
REST_001415,Kudu,fast_food,Unknown,24.6987643,46.6901893,King Fahd International Stadium,1.677270544022254,Very Close,59,2034-06-25 08:00:00,2034,6,25,8,6,False,39,Medium,66.10169491525424,False,False,False,4,66.10169491525424,Medium
REST_001026,Crazy Pizza,restaurant,Unknown,24.7057895,46.7053592,King Fahd International Stadium,3.086101290809832,Close,75,2034-07-11 10:00:00,2034,7,11,10,1,False,71,High,94.66666666666667,False,False,False,3,94.66666666666667,Medium
REST_000978,Piccolo Roasters,cafe,Unknown,24.7967938,46.6761147,Prince Faisal bin Fahd Stadium,4.479406277618962,Close,46,2034-06-08 18:00:00,2034,6,8,18,3,False,46,High,100.0,False,False,False,3,100.0,Small
REST_000338,نقطة | قهوة مختصة,cafe,Unknown,24.7795758,46.6826275,Prince Faisal bin Fahd Stadium,2.988940800144785,Close,49,2034-07-05 08:00:00,2034,7,5,8,2,False,22,Low,44.89795918367347,False,False,False,3,44.89795918367347,Small
REST_001026,Crazy Pizza,restaurant,Unknown,24.7057895,46.7053592,King Fahd International Stadium,3.086101290809832,Close,75,2034-06-01 09:00:00,2034,6,1,9,3,False,63,High,84.0,False,False,False,3,84.0,Medium
REST_001032,Kayzo,restaurant,Unknown,24.7039425,46.7064966,King Fahd International Stadium,3.0052158624346768,Close,143,2034-06-13 14:00:00,2034,6,13,14,1,False,143,High,100.0,True,False,True,3,100.0,Large
REST_000118,,fast_food,Unknown,26.4142195,50.1199565,Prince Mohammed bin Fahd Stadium,3.185255167118252,Close,31,2034-06-02 08:00:00,2034,6,2,8,4,True,18,Medium,58.06451612903226,False,False,False,3,58.06451612903226,Small
REST_000845,Barn's,restaurant,Unknown,24.8334509,46.733426,Prince Faisal bin Fahd Stadium,7.208773253950492,Moderate,119,2034-06-30 13:00:00,2034,6,30,13,4,True,92,Medium,77.31092436974791,True,False,True,2,77.31092436974791,Large
REST_000938,Kudu,restaurant,Unknown,21.6664279,39.1098748,King Abdullah Sports City,4.090033900752487,Close,51,2034-06-18 10:00:00,2034,6,18,10,6,False,24,Low,47.05882352941176,False,False,False,3,47.05882352941176,Medium
REST_000038,مطعم السانية,restaurant,Unknown,26.4204967,50.0263476,Prince Mohammed bin Fahd Stadium,6.2191023829578125,Moderate,79,2034-06-15 21:00:00,2034,6,15,21,3,False,60,Medium,75.9493670886076,False,True,True,2,75.9493670886076,Medium
REST_001237,ماكدونالدز,fast_food,Unknown,21.6135637,39.1072174,King Abdullah Sports City,1.9186500867305076,Very Close,65,2034-07-13 14:00:00,2034,7,13,14,3,False,54,High,83.07692307692308,True,False,True,4,83.07692307692308,Medium
REST_000788,رونه للقهوة المختصة | الشاطئ,cafe,Unknown,21.6023188,39.1083762,King Abdullah Sports City,3.1013357493641704,Close,38,2034-06-22 13:00:00,2034,6,22,13,3,False,36,High,94.73684210526315,True,False,True,3,94.73684210526315,Small
REST_000702,Kaman Lounge,cafe,Unknown,24.8318742,46.7325524,Prince Faisal bin Fahd Stadium,7.014693590946382,Moderate,76,2034-06-27 18:00:00,2034,6,27,18,1,False,43,Medium,56.57894736842105,False,False,False,2,56.57894736842105,Medium
REST_000914,One Million,restaurant,Unknown,24.8417852,46.7331393,Prince Faisal bin Fahd Stadium,8.085796849499769,Moderate,136,2034-07-12 08:00:00,2034,7,12,8,2,False,56,Low,41.17647058823529,False,False,False,2,41.17647058823529,Large
REST_000683,بارنز,cafe,Unknown,21.6013229,39.1712084,King Abdullah Sports City,6.753920525841267,Moderate,39,2034-06-27 10:00:00,2034,6,27,10,1,False,12,Low,30.76923076923077,False,False,False,2,30.76923076923077,Small
REST_001209,نان,restaurant,Unknown,21.5773289,39.1272551,King Abdullah Sports City,6.005319889508415,Moderate,155,2034-07-13 22:00:00,2034,7,13,22,3,False,150,High,96.7741935483871,False,True,True,2,96.7741935483871,Large
REST_000938,Kudu,restaurant,Unknown,21.6664279,39.1098748,King Abdullah Sports City,4.090033900752487,Close,51,2034-06-29 21:00:00,2034,6,29,21,3,False,47,High,92.15686274509804,False,True,True,3,92.15686274509804,Medium
REST_000344,,restaurant,Unknown,24.7799522,46.6939272,Prince Faisal bin Fahd Stadium,1.942345146229976,Very Close,57,2034-06-15 21:00:00,2034,6,15,21,3,False,57,High,100.0,False,True,True,4,100.0,Medium
REST_000927,د.كيف,cafe,Unknown,24.6746514,46.7799945,King Fahd International Stadium,9.52484767466136,Moderate,54,2034-07-12 15:00:00,2034,7,12,15,2,False,26,Low,48.148148148148145,False,False,False,2,48.148148148148145,Medium
REST_001384,مطعم السقالة,restaurant,Unknown,21.7179366,39.1039789,King Abdullah Sports City,9.84960291038882,Moderate,94,2034-07-14 13:00:00,2034,7,14,13,4,True,70,Medium,74.46808510638297,True,False,True,2,74.46808510638297,Medium
REST_000502,سمكة حرة,restaurant,Unknown,21.5809069,39.1603235,King Abdullah Sports City,7.279425720687104,Moderate,72,2034-06-02 21:00:00,2034,6,2,21,4,True,72,High,100.0,False,True,True,2,100.0,Medium
REST_001466,الرومانسية,restaurant,Unknown,26.366117,43.9424868,King Abdullah City Stadium,2.413173240425537,Close,99,2034-07-12 09:00:00,2034,7,12,9,2,False,83,High,83.83838383838383,False,False,False,3,83.83838383838383,Medium
REST_000775,أبو جبارة,restaurant,Unknown,24.7976486,46.6413662,Prince Faisal bin Fahd Stadium,7.590410045113112,Moderate,87,2034-07-04 22:00:00,2034,7,4,22,1,False,73,High,83.9080459770115,False,True,True,2,83.9080459770115,Medium
REST_000333,بيتزا هت,restaurant,Unknown,24.8004341,46.7399092,Prince Faisal bin Fahd Stadium,4.310936884667517,Close,139,2034-06-18 16:00:00,2034,6,18,16,6,False,80,Medium,57.55395683453237,False,False,False,3,57.55395683453237,Large
REST_000348,,restaurant,Unknown,24.7671892,46.7170346,Prince Faisal bin Fahd Stadium,0.8034990755507266,Very Close,103,2034-06-04 21:00:00,2034,6,4,21,6,False,76,Medium,73.7864077669903,False,True,True,4,73.7864077669903,Large
REST_000655,Gulf Royal Chinese Restaurant,restaurant,Unknown,24.7028885,46.6811631,King Fahd International Stadium,2.1526778037766414,Close,102,2034-06-25 08:00:00,2034,6,25,8,6,False,81,Medium,79.41176470588235,False,False,False,3,79.41176470588235,Large
REST_001105,كانتون,fast_food,Unknown,24.758633,46.7144332,Prince Faisal bin Fahd Stadium,1.5154029092945864,Very Close,42,2034-06-27 14:00:00,2034,6,27,14,1,False,42,High,100.0,True,False,True,4,100.0,Small
REST_000559,Indonesian,restaurant,Unknown,24.7098964,46.6909907,King Fahd International Stadium,2.9073079296459525,Close,154,2034-06-09 20:00:00,2034,6,9,20,4,True,154,High,100.0,False,True,True,3,100.0,Large
REST_000477,Italian,restaurant,Unknown,24.7707353,46.6720081,Prince Faisal bin Fahd Stadium,3.938891701818023,Close,79,2034-06-04 14:00:00,2034,6,4,14,6,False,79,High,100.0,True,False,True,3,100.0,Medium
REST_001113,كانتون,fast_food,Unknown,24.601063,46.698922,King Fahd International Stadium,9.321001131896013,Moderate,44,2034-07-02 21:00:00,2034,7,2,21,6,False,44,High,100.0,False,True,True,2,100.0,Small
REST_000760,خبز ونواشف,restaurant,Unknown,24.8119102,46.6460917,Prince Faisal bin Fahd Stadium,7.919940631004301,Moderate,126,2034-06-02 12:00:00,2034,6,2,12,4,True,126,High,100.0,True,False,True,2,100.0,Large
REST_001035,San Carlo Cicchetti,restaurant,Unknown,24.7012182,46.705378,King Fahd International Stadium,2.7088790925678645,Close,155,2034-06-25 21:00:00,2034,6,25,21,6,False,97,Medium,62.58064516129033,False,True,True,3,62.58064516129033,Large
REST_001230,Cacti Cafe,cafe,Unknown,24.8340533,46.7355671,Prince Faisal bin Fahd Stadium,7.342540294067072,Moderate,43,2034-06-24 16:00:00,2034,6,24,16,5,True,25,Medium,58.139534883720934,False,False,False,2,58.139534883720934,Small
REST_000653,,restaurant,Unknown,24.6989019,46.6886304,King Fahd International Stadium,1.662649880674677,Very Close,122,2034-06-10 19:00:00,2034,6,10,19,5,True,122,High,100.0,False,True,True,4,100.0,Large
REST_000504,مطبغ الضيافة,restaurant,Unknown,21.5813302,39.1601843,King Abdullah Sports City,7.234726941392608,Moderate,138,2034-07-15 11:00:00,2034,7,15,11,5,True,108,Medium,78.26086956521739,False,False,False,2,78.26086956521739,Large
REST_000113,jofrys cafe,cafe,Unknown,26.4555158,50.1213443,Prince Mohammed bin Fahd Stadium,5.048444618094335,Moderate,94,2034-06-16 21:00:00,2034,6,16,21,4,True,69,Medium,73.40425531914893,False,True,True,2,73.40425531914893,Medium
REST_000342,,restaurant,Unknown,24.7938651,46.6548152,Prince Faisal bin Fahd Stadium,6.175594203497771,Moderate,96,2034-06-26 14:00:00,2034,6,26,14,0,False,96,High,100.0,True,False,True,2,100.0,Medium
REST_000949,سالدوتش,fast_food,Unknown,24.6914219,46.7007083,King Fahd International Stadium,1.667899849851937,Very Close,45,2034-07-09 14:00:00,2034,7,9,14,6,False,45,High,100.0,True,False,True,4,100.0,Small
REST_000441,Starbucks,cafe,Unknown,26.4539347,50.1205844,Prince Mohammed bin Fahd Stadium,4.865387943686088,Close,27,2034-07-02 15:00:00,2034,7,2,15,6,False,10,Low,37.03703703703704,False,False,False,3,37.03703703703704,Small
REST_000770,,restaurant,Unknown,24.815748,46.6372085,Prince Faisal bin Fahd Stadium,8.902716683396301,Moderate,103,2034-07-06 08:00:00,2034,7,6,8,3,False,56,Medium,54.36893203883495,False,False,False,2,54.36893203883495,Large
REST_000693,Bharath Restaurant,restaurant,Unknown,24.6747018,46.7444784,King Fahd International Stadium,5.970410854236347,Moderate,135,2034-07-07 20:00:00,2034,7,7,20,4,True,92,Medium,68.14814814814815,False,True,True,2,68.14814814814815,Large
REST_000305,مطعم بيتزاكم,fast_food,Unknown,26.3935046,43.9282015,King Abdullah City Stadium,4.857083326267404,Close,52,2034-06-14 10:00:00,2034,6,14,10,2,False,40,Medium,76.92307692307693,False,False,False,3,76.92307692307693,Medium
REST_000682,ستاربكس,cafe,Unknown,21.5768392,39.1091898,King Abdullah Sports City,5.905807231835083,Moderate,24,2034-06-28 09:00:00,2034,6,28,9,2,False,17,Medium,70.83333333333334,False,False,False,2,70.83333333333334,Small
REST_000765,كوفليت,restaurant,Unknown,24.8131505,46.6460734,Prince Faisal bin Fahd Stadium,7.999713221320555,Moderate,70,2034-06-25 19:00:00,2034,6,25,19,6,False,70,High,100.0,False,True,True,2,100.0,Medium
REST_001460,مطاعم ومطابخ مضياف,restaurant,Unknown,26.404773,43.9141945,King Abdullah City Stadium,6.728810304967679,Moderate,114,2034-07-14 21:00:00,2034,7,14,21,4,True,114,High,100.0,False,True,True,2,100.0,Large
REST_000738,,restaurant,Unknown,24.6833207,46.7184462,King Fahd International Stadium,3.249037641162283,Close,172,2034-07-10 11:00:00,2034,7,10,11,0,False,172,High,100.0,False,False,False,3,100.0,Large
REST_001031,Myazu,restaurant,Unknown,21.5505271,39.1530848,King Abdullah Sports City,9.71858015376378,Moderate,80,2034-07-07 20:00:00,2034,7,7,20,4,True,80,High,100.0,False,True,True,2,100.0,Medium
REST_000694,دانكن دونتس,fast_food,Unknown,24.664282,46.6825235,King Fahd International Stadium,2.2364548860730262,Close,76,2034-06-19 10:00:00,2034,6,19,10,0,False,39,Medium,51.31578947368421,False,False,False,3,51.31578947368421,Medium
REST_000139,مطعم خاروف الشيف,restaurant,Unknown,26.4559509,50.0967949,Prince Mohammed bin Fahd Stadium,3.9997320537122887,Close,140,2034-06-16 13:00:00,2034,6,16,13,4,True,124,High,88.57142857142857,True,False,True,3,88.57142857142857,Large
REST_001106,كانتون,fast_food,Unknown,24.7813131,46.7311684,Prince Faisal bin Fahd Stadium,2.289457631315299,Close,33,2034-06-08 19:00:00,2034,6,8,19,3,False,33,High,100.0,False,True,True,3,100.0,Small
REST_001265,,fast_food,Unknown,24.7823054,46.649154,Prince Faisal bin Fahd Stadium,6.350199729567215,Moderate,38,2034-06-06 17:00:00,2034,6,6,17,1,False,24,Medium,63.1578947368421,False,False,False,2,63.1578947368421,Small
REST_000658,,fast_food,Unknown,24.699565,46.6922968,King Fahd International Stadium,1.823231871559477,Very Close,43,2034-07-03 13:00:00,2034,7,3,13,0,False,43,High,100.0,True,False,True,4,100.0,Small
REST_000121,مقهي نغم الليالي,cafe,Unknown,26.4586771,50.0835167,Prince Mohammed bin Fahd Stadium,4.255497554130319,Close,77,2034-07-05 18:00:00,2034,7,5,18,2,False,42,Medium,54.54545454545454,False,False,False,3,54.54545454545454,Medium
REST_001276,Kudu,fast_food,Unknown,24.7796537,46.7883129,Prince Faisal bin Fahd Stadium,7.852979221204432,Moderate,34,2034-07-12 18:00:00,2034,7,12,18,2,False,26,Medium,76.47058823529412,False,False,False,2,76.47058823529412,Small
REST_000388,فروت ارت,fast_food,Unknown,24.7257628,46.6846076,King Fahd International Stadium,4.635845454921703,Close,34,2034-06-03 15:00:00,2034,6,3,15,5,True,34,High,100.0,False,False,False,3,100.0,Small
REST_000305,مطعم بيتزاكم,fast_food,Unknown,26.3935046,43.9282015,King Abdullah City Stadium,4.857083326267404,Close,52,2034-06-22 11:00:00,2034,6,22,11,3,False,42,High,80.76923076923077,False,False,False,3,80.76923076923077,Medium
REST_001277,,cafe,Unknown,24.8327713,46.7676109,Prince Faisal bin Fahd Stadium,8.858096344878021,Moderate,97,2034-07-02 12:00:00,2034,7,2,12,6,False,62,Medium,63.91752577319587,True,False,True,2,63.91752577319587,Medium
REST_000435,Vapiano,restaurant,Unknown,24.6988545,46.6907787,King Fahd International Stadium,1.7018773917272554,Very Close,60,2034-07-08 15:00:00,2034,7,8,15,5,True,60,High,100.0,False,False,False,4,100.0,Medium
REST_001067,مطعم حنيذ حمود‭,restaurant,Unknown,24.8404046,46.7486088,Prince Faisal bin Fahd Stadium,8.510831431999422,Moderate,183,2034-07-07 09:00:00,2034,7,7,9,4,True,122,Medium,66.66666666666666,False,False,False,2,66.66666666666666,Large
REST_000177,مطعم الجود,restaurant,Unknown,26.4018463,50.0286218,Prince Mohammed bin Fahd Stadium,6.3491763003360795,Moderate,117,2034-07-02 17:00:00,2034,7,2,17,6,False,102,High,87.17948717948718,False,False,False,2,87.17948717948718,Large
REST_000840,ميلانا كافيه,cafe,Unknown,24.8336702,46.7334612,Prince Faisal bin Fahd Stadium,7.233041214872869,Moderate,64,2034-06-16 12:00:00,2034,6,16,12,4,True,52,High,81.25,True,False,True,2,81.25,Medium
REST_000927,د.كيف,cafe,Unknown,24.6746514,46.7799945,King Fahd International Stadium,9.52484767466136,Moderate,54,2034-07-07 12:00:00,2034,7,7,12,4,True,30,Medium,55.55555555555556,True,False,True,2,55.55555555555556,Medium
REST_001237,ماكدونالدز,fast_food,Unknown,21.6135637,39.1072174,King Abdullah Sports City,1.9186500867305076,Very Close,65,2034-06-18 16:00:00,2034,6,18,16,6,False,55,High,84.61538461538461,False,False,False,4,84.61538461538461,Medium
REST_000497,بيت الدجاج,fast_food,Unknown,26.3618725,43.9583732,King Abdullah City Stadium,0.988116211265392,Very Close,58,2034-06-21 16:00:00,2034,6,21,16,2,False,49,High,84.48275862068965,False,False,False,4,84.48275862068965,Medium
REST_000117,,fast_food,Unknown,26.4141811,50.1200195,Prince Mohammed bin Fahd Stadium,3.1923339300378895,Close,68,2034-07-03 12:00:00,2034,7,3,12,0,False,68,High,100.0,True,False,True,3,100.0,Medium
REST_000286,كودو,fast_food,Unknown,26.3963971,43.9255495,King Abdullah City Stadium,5.263804879077784,Moderate,74,2034-06-08 15:00:00,2034,6,8,15,3,False,51,Medium,68.91891891891892,False,False,False,2,68.91891891891892,Medium
REST_000120,طيف ماضينا,restaurant,Unknown,26.40684,50.107802,Prince Mohammed bin Fahd Stadium,2.4405236711242657,Close,78,2034-06-03 13:00:00,2034,6,3,13,5,True,78,High,100.0,True,False,True,3,100.0,Medium
REST_000413,مطعم هرفي,fast_food,Unknown,26.4158129,43.9151372,King Abdullah City Stadium,7.4967909735605245,Moderate,77,2034-07-13 17:00:00,2034,7,13,17,3,False,56,Medium,72.72727272727273,False,False,False,2,72.72727272727273,Medium
REST_000299,EIGHTY + ثمانين,cafe,Unknown,26.4065469,43.9282725,King Abdullah City Stadium,5.855216754611595,Moderate,63,2034-07-13 19:00:00,2034,7,13,19,3,False,63,High,100.0,False,True,True,2,100.0,Medium
REST_000693,Bharath Restaurant,restaurant,Unknown,24.6747018,46.7444784,King Fahd International Stadium,5.970410854236347,Moderate,135,2034-06-25 10:00:00,2034,6,25,10,6,False,52,Low,38.51851851851852,False,False,False,2,38.51851851851852,Large
REST_000769,مكشكش,restaurant,Unknown,24.8152251,46.6355218,Prince Faisal bin Fahd Stadium,9.01446420038041,Moderate,89,2034-06-09 19:00:00,2034,6,9,19,4,True,89,High,100.0,False,True,True,2,100.0,Medium
REST_000542,,cafe,Unknown,26.4729058,50.0862236,Prince Mohammed bin Fahd Stadium,5.810684253519465,Moderate,92,2034-06-10 22:00:00,2034,6,10,22,5,True,92,High,100.0,False,True,True,2,100.0,Medium
REST_000334,Krispy Kreme,fast_food,Unknown,24.8008561,46.7438247,Prince Faisal bin Fahd Stadium,4.620337375864432,Close,35,2034-06-10 19:00:00,2034,6,10,19,5,True,35,High,100.0,False,True,True,3,100.0,Small
REST_001339,سستوريا,restaurant,Unknown,24.8149496,46.6348677,Prince Faisal bin Fahd Stadium,9.054114943469786,Moderate,141,2034-07-10 14:00:00,2034,7,10,14,0,False,85,Medium,60.28368794326241,True,False,True,2,60.28368794326241,Large
REST_000796,دانكن دونتس,fast_food,Unknown,21.5886282,39.1435931,King Abdullah Sports City,5.535106240925386,Moderate,78,2034-06-09 19:00:00,2034,6,9,19,4,True,78,High,100.0,False,True,True,2,100.0,Medium
REST_001409,Friday's,restaurant,Unknown,24.7044957,46.6646636,King Fahd International Stadium,3.149804203532667,Close,164,2034-07-11 17:00:00,2034,7,11,17,1,False,164,High,100.0,False,False,False,3,100.0,Large
REST_000292,كوب القهوة,cafe,Unknown,26.3180939,44.0372088,King Abdullah City Stadium,8.864373847296573,Moderate,80,2034-07-04 13:00:00,2034,7,4,13,1,False,33,Low,41.25,True,False,True,2,41.25,Medium
REST_000323,مطعم فينور,restaurant,Unknown,26.3963787,43.9190606,King Abdullah City Stadium,5.780250129844871,Moderate,99,2034-06-07 17:00:00,2034,6,7,17,2,False,77,Medium,77.77777777777779,False,False,False,2,77.77777777777779,Medium
REST_001023,Agio,restaurant,Unknown,24.7521049,46.624429,Prince Faisal bin Fahd Stadium,9.014046215456707,Moderate,109,2034-06-08 17:00:00,2034,6,8,17,3,False,77,Medium,70.64220183486239,False,False,False,2,70.64220183486239,Large
REST_001039,,restaurant,Unknown,21.5750808,39.1427883,King Abdullah Sports City,6.796297500888847,Moderate,181,2034-06-01 10:00:00,2034,6,1,10,3,False,126,Medium,69.61325966850829,False,False,False,2,69.61325966850829,Large
REST_001265,,fast_food,Unknown,24.7823054,46.649154,Prince Faisal bin Fahd Stadium,6.350199729567215,Moderate,38,2034-07-04 09:00:00,2034,7,4,9,1,False,16,Low,42.10526315789473,False,False,False,2,42.10526315789473,Small
REST_000824,مقهى بلانو كافيه,cafe,Unknown,24.7379427,46.6889009,Prince Faisal bin Fahd Stadium,4.385983710593129,Close,85,2034-06-08 13:00:00,2034,6,8,13,3,False,60,Medium,70.58823529411765,True,False,True,3,70.58823529411765,Medium
REST_001305,ماكدونالدز,fast_food,Unknown,24.7608687,46.6952563,Prince Faisal bin Fahd Stadium,2.007846447499641,Close,71,2034-07-11 17:00:00,2034,7,11,17,1,False,48,Medium,67.6056338028169,False,False,False,3,67.6056338028169,Medium
REST_000124,ماكدونالدز,restaurant,Unknown,26.4041626,50.0576601,Prince Mohammed bin Fahd Stadium,3.6053616022522577,Close,157,2034-07-09 21:00:00,2034,7,9,21,6,False,157,High,100.0,False,True,True,3,100.0,Large
REST_001496,ماكدونالدز,fast_food,Unknown,26.3867527,43.9634966,King Abdullah City Stadium,2.252478544125855,Close,77,2034-06-10 16:00:00,2034,6,10,16,5,True,77,High,100.0,False,False,False,3,100.0,Medium
REST_001471,كودو,fast_food,Unknown,26.3674717,43.9620048,King Abdullah City Stadium,0.4755740798475391,Very Close,79,2034-06-12 12:00:00,2034,6,12,12,0,False,79,High,100.0,True,False,True,4,100.0,Medium
REST_001436,,fast_food,Unknown,24.6998806,46.6823339,King Fahd International Stadium,1.7998893815554278,Very Close,55,2034-07-12 15:00:00,2034,7,12,15,2,False,39,Medium,70.9090909090909,False,False,False,4,70.9090909090909,Medium
REST_000384,,cafe,Unknown,21.5977041,39.1461551,King Abdullah Sports City,4.912524856984208,Close,37,2034-07-15 15:00:00,2034,7,15,15,5,True,37,High,100.0,False,False,False,3,100.0,Small
REST_001284,Mensa,restaurant,Unknown,24.8095361,46.7072218,Prince Faisal bin Fahd Stadium,4.202287209804109,Close,131,2034-06-02 11:00:00,2034,6,2,11,4,True,131,High,100.0,False,False,False,3,100.0,Large
REST_000693,Bharath Restaurant,restaurant,Unknown,24.6747018,46.7444784,King Fahd International Stadium,5.970410854236347,Moderate,135,2034-06-16 12:00:00,2034,6,16,12,4,True,80,Medium,59.25925925925925,True,False,True,2,59.25925925925925,Large
REST_000407,Chkn,fast_food,Unknown,24.8453094,46.7582844,Prince Faisal bin Fahd Stadium,9.455576825942822,Moderate,50,2034-06-24 18:00:00,2034,6,24,18,5,True,25,Medium,50.0,False,False,False,2,50.0,Medium
REST_000861,,restaurant,Unknown,21.5756022,39.1273377,King Abdullah Sports City,6.193995052923065,Moderate,73,2034-07-02 16:00:00,2034,7,2,16,6,False,39,Medium,53.42465753424658,False,False,False,2,53.42465753424658,Medium
REST_000178,بوفية أسناف,fast_food,Unknown,26.3977266,50.0186487,Prince Mohammed bin Fahd Stadium,7.438788525160079,Moderate,78,2034-06-30 15:00:00,2034,6,30,15,4,True,78,High,100.0,False,False,False,2,100.0,Medium
REST_001450,كافيه ناي نسائي,cafe,Unknown,26.3639518,43.9492486,King Abdullah City Stadium,1.7653075026122027,Very Close,88,2034-07-10 15:00:00,2034,7,10,15,0,False,88,High,100.0,False,False,False,4,100.0,Medium
REST_001085,كانتون,fast_food,Unknown,24.8114338,46.7694112,Prince Faisal bin Fahd Stadium,7.354754705283516,Moderate,36,2034-07-04 08:00:00,2034,7,4,8,1,False,30,High,83.33333333333334,False,False,False,2,83.33333333333334,Small
REST_000538,Chkn,fast_food,Unknown,24.7389047,46.7596526,Prince Faisal bin Fahd Stadium,6.131575014450844,Moderate,51,2034-07-01 16:00:00,2034,7,1,16,5,True,48,High,94.11764705882352,False,False,False,2,94.11764705882352,Medium
REST_001028,Crazy Pizza,restaurant,Unknown,24.6752569,46.6249792,King Fahd International Stadium,6.273273163013817,Moderate,91,2034-06-01 10:00:00,2034,6,1,10,3,False,69,Medium,75.82417582417582,False,False,False,2,75.82417582417582,Medium
REST_000645,,restaurant,Unknown,24.6552535,46.7440452,King Fahd International Stadium,6.6584500373935125,Moderate,164,2034-06-30 10:00:00,2034,6,30,10,4,True,90,Medium,54.87804878048781,False,False,False,2,54.87804878048781,Large
REST_000316,,cafe,Unknown,24.8288808,46.6826866,Prince Faisal bin Fahd Stadium,6.950718142117515,Moderate,88,2034-06-18 12:00:00,2034,6,18,12,6,False,88,High,100.0,True,False,True,2,100.0,Medium
REST_001110,كانتون,fast_food,Unknown,24.808371,46.6698492,Prince Faisal bin Fahd Stadium,5.805407420939589,Moderate,64,2034-06-01 17:00:00,2034,6,1,17,3,False,26,Low,40.625,False,False,False,2,40.625,Medium
REST_001263,,fast_food,Unknown,24.7854912,46.6456646,Prince Faisal bin Fahd Stadium,6.767018148103183,Moderate,60,2034-06-01 17:00:00,2034,6,1,17,3,False,23,Low,38.333333333333336,False,False,False,2,38.333333333333336,Medium
REST_000264,Vendor Coffee - مقهى فيندور,cafe,Unknown,24.7558162,46.7718623,Prince Faisal bin Fahd Stadium,6.4001987570527925,Moderate,58,2034-06-18 18:00:00,2034,6,18,18,6,False,42,Medium,72.41379310344827,False,False,False,2,72.41379310344827,Medium
REST_000573,LITE AND DELIGHT,cafe,Unknown,21.568907,39.165085,King Abdullah Sports City,8.619135423414782,Moderate,66,2034-07-09 11:00:00,2034,7,9,11,6,False,48,Medium,72.72727272727273,False,False,False,2,72.72727272727273,Medium
REST_001564,,restaurant,Unknown,24.7667736,46.6596068,Prince Faisal bin Fahd Stadium,5.220140939662833,Moderate,173,2034-06-13 11:00:00,2034,6,13,11,1,False,74,Low,42.77456647398844,False,False,False,2,42.77456647398844,Large
REST_001288,مزاج العرب,cafe,Unknown,24.7930716,46.6490799,Prince Faisal bin Fahd Stadium,6.679711722770142,Moderate,88,2034-06-13 11:00:00,2034,6,13,11,1,False,68,Medium,77.27272727272727,False,False,False,2,77.27272727272727,Medium
REST_000759,باستليتا,restaurant,Unknown,24.8119912,46.6462956,Prince Faisal bin Fahd Stadium,7.907992504126639,Moderate,145,2034-06-13 16:00:00,2034,6,13,16,1,False,94,Medium,64.82758620689654,False,False,False,2,64.82758620689654,Large
REST_000292,كوب القهوة,cafe,Unknown,26.3180939,44.0372088,King Abdullah City Stadium,8.864373847296573,Moderate,80,2034-07-07 19:00:00,2034,7,7,19,4,True,80,High,100.0,False,True,True,2,100.0,Medium
REST_000145,مطعم كبساتي,restaurant,Unknown,26.3599523,50.0659502,Prince Mohammed bin Fahd Stadium,7.127971664043465,Moderate,172,2034-07-07 19:00:00,2034,7,7,19,4,True,145,High,84.30232558139535,False,True,True,2,84.30232558139535,Large
REST_000178,بوفية أسناف,fast_food,Unknown,26.3977266,50.0186487,Prince Mohammed bin Fahd Stadium,7.438788525160079,Moderate,78,2034-06-09 21:00:00,2034,6,9,21,4,True,78,High,100.0,False,True,True,2,100.0,Medium
REST_000767,العنابي,restaurant,Unknown,24.8148748,46.6347003,Prince Faisal bin Fahd Stadium,9.064077076401924,Moderate,178,2034-06-27 18:00:00,2034,6,27,18,1,False,103,Medium,57.865168539325836,False,False,False,2,57.865168539325836,Large
REST_000323,مطعم فينور,restaurant,Unknown,26.3963787,43.9190606,King Abdullah City Stadium,5.780250129844871,Moderate,99,2034-06-13 15:00:00,2034,6,13,15,1,False,31,Low,31.313131313131315,False,False,False,2,31.313131313131315,Medium
REST_001337,,restaurant,Unknown,24.7678767,46.7155281,Prince Faisal bin Fahd Stadium,0.6396503472173186,Very Close,152,2034-06-18 18:00:00,2034,6,18,18,6,False,152,High,100.0,False,False,False,4,100.0,Large
REST_001211,Chez Sushi,restaurant,Unknown,21.555092,39.1430375,King Abdullah Sports City,8.850721659189874,Moderate,76,2034-06-07 16:00:00,2034,6,7,16,2,False,57,Medium,75.0,False,False,False,2,75.0,Medium
REST_001305,ماكدونالدز,fast_food,Unknown,24.7608687,46.6952563,Prince Faisal bin Fahd Stadium,2.007846447499641,Close,71,2034-06-23 15:00:00,2034,6,23,15,4,True,71,High,100.0,False,False,False,3,100.0,Medium
REST_001292,رغيف وجبنة,restaurant,Unknown,24.7952936,46.6350728,Prince Faisal bin Fahd Stadium,8.094481090029316,Moderate,110,2034-07-04 20:00:00,2034,7,4,20,1,False,110,High,100.0,False,True,True,2,100.0,Large
REST_000702,Kaman Lounge,cafe,Unknown,24.8318742,46.7325524,Prince Faisal bin Fahd Stadium,7.014693590946382,Moderate,76,2034-06-01 22:00:00,2034,6,1,22,3,False,76,High,100.0,False,True,True,2,100.0,Medium
REST_000037,Ghawar,restaurant,Unknown,24.6697399,46.7315827,King Fahd International Stadium,4.846000136590066,Close,57,2034-07-08 20:00:00,2034,7,8,20,5,True,57,High,100.0,False,True,True,3,100.0,Medium
REST_001208,ركن الفلافل,restaurant,Unknown,21.6093627,39.1350133,King Abdullah Sports City,3.1796253596077135,Close,164,2034-06-26 11:00:00,2034,6,26,11,0,False,164,High,100.0,False,False,False,3,100.0,Large
REST_000359,Urth Caffe,cafe,Unknown,24.7562198,46.6302112,Prince Faisal bin Fahd Stadium,8.341460675087477,Moderate,55,2034-06-29 15:00:00,2034,6,29,15,3,False,39,Medium,70.9090909090909,False,False,False,2,70.9090909090909,Medium
REST_001192,Coya,restaurant,Unknown,24.7045628,46.7057789,King Fahd International Stadium,3.0082888484263424,Close,83,2034-06-18 15:00:00,2034,6,18,15,6,False,58,Medium,69.87951807228916,False,False,False,3,69.87951807228916,Medium
REST_001289,الوجه الذهبي,cafe,Unknown,24.7919336,46.6254011,Prince Faisal bin Fahd Stadium,8.924135294064044,Moderate,20,2034-07-06 16:00:00,2034,7,6,16,3,False,16,High,80.0,False,False,False,2,80.0,Small
REST_001039,,restaurant,Unknown,21.5750808,39.1427883,King Abdullah Sports City,6.796297500888847,Moderate,181,2034-06-30 16:00:00,2034,6,30,16,4,True,69,Low,38.12154696132597,False,False,False,2,38.12154696132597,Large
REST_001049,اوشيانا,cafe,Unknown,26.478559,50.1176721,Prince Mohammed bin Fahd Stadium,7.046533740788223,Moderate,72,2034-07-03 16:00:00,2034,7,3,16,0,False,55,Medium,76.38888888888889,False,False,False,2,76.38888888888889,Medium
REST_000652,Pizza Hut,restaurant,Unknown,24.6878167,46.6878047,King Fahd International Stadium,0.4403523689977305,Very Close,126,2034-07-02 21:00:00,2034,7,2,21,6,False,112,High,88.88888888888889,False,True,True,4,88.88888888888889,Large
REST_001288,مزاج العرب,cafe,Unknown,24.7930716,46.6490799,Prince Faisal bin Fahd Stadium,6.679711722770142,Moderate,88,2034-06-10 08:00:00,2034,6,10,8,5,True,88,High,100.0,False,False,False,2,100.0,Medium
REST_000750,شريمبلس,restaurant,Unknown,24.8182369,46.6422566,Prince Faisal bin Fahd Stadium,8.642958312867966,Moderate,110,2034-06-23 12:00:00,2034,6,23,12,4,True,85,Medium,77.27272727272727,True,False,True,2,77.27272727272727,Large
REST_000646,,fast_food,Unknown,24.6900265,46.6863838,King Fahd International Stadium,0.6590511171992249,Very Close,62,2034-06-29 12:00:00,2034,6,29,12,3,False,62,High,100.0,True,False,True,4,100.0,Medium
REST_001087,كانتون,fast_food,Unknown,24.6914305,46.6698724,King Fahd International Stadium,1.8490613927145279,Very Close,77,2034-07-15 16:00:00,2034,7,15,16,5,True,77,High,100.0,False,False,False,4,100.0,Medium
REST_001237,ماكدونالدز,fast_food,Unknown,21.6135637,39.1072174,King Abdullah Sports City,1.9186500867305076,Very Close,65,2034-07-08 16:00:00,2034,7,8,16,5,True,65,High,100.0,False,False,False,4,100.0,Medium
REST_000593,,cafe,Unknown,21.595875,39.1553271,King Abdullah Sports City,5.738194662796841,Moderate,45,2034-07-09 10:00:00,2034,7,9,10,6,False,38,High,84.44444444444444,False,False,False,2,84.44444444444444,Small
REST_000796,دانكن دونتس,fast_food,Unknown,21.5886282,39.1435931,King Abdullah Sports City,5.535106240925386,Moderate,78,2034-06-30 11:00:00,2034,6,30,11,4,True,32,Low,41.02564102564102,False,False,False,2,41.02564102564102,Medium
REST_001227,Mood Master Specialty Coffee Roasters and Cafe,cafe,Unknown,24.8013936,46.7071438,Prince Faisal bin Fahd Stadium,3.3025624772767106,Close,75,2034-06-11 09:00:00,2034,6,11,9,6,False,75,High,100.0,False,False,False,3,100.0,Medium
REST_000674,دومينوز بيتزا,fast_food,Unknown,26.3575068,43.9658404,King Abdullah City Stadium,1.025818514384294,Very Close,35,2034-06-13 11:00:00,2034,6,13,11,1,False,35,High,100.0,False,False,False,4,100.0,Small
REST_000170,الصفصاف مطعم,restaurant,Unknown,26.439842,50.0823,Prince Mohammed bin Fahd Stadium,2.224719924262925,Close,134,2034-06-25 08:00:00,2034,6,25,8,6,False,134,High,100.0,False,False,False,3,100.0,Large
REST_001143,الشام شامك,restaurant,Unknown,26.3960741,43.9496506,King Abdullah City Stadium,3.6814203848002136,Close,105,2034-07-05 08:00:00,2034,7,5,8,2,False,57,Medium,54.285714285714285,False,False,False,3,54.285714285714285,Large
REST_000940,بيتزا وفطائر شامية,restaurant,Unknown,24.6479955,46.7066944,King Fahd International Stadium,4.512687543668715,Close,146,2034-06-25 18:00:00,2034,6,25,18,6,False,102,Medium,69.86301369863014,False,False,False,3,69.86301369863014,Large
REST_001129,كانتون,fast_food,Unknown,21.640553,39.1013235,King Abdullah Sports City,1.735992067913227,Very Close,60,2034-06-02 10:00:00,2034,6,2,10,4,True,41,Medium,68.33333333333333,False,False,False,4,68.33333333333333,Medium
REST_000702,Kaman Lounge,cafe,Unknown,24.8318742,46.7325524,Prince Faisal bin Fahd Stadium,7.014693590946382,Moderate,76,2034-06-20 21:00:00,2034,6,20,21,1,False,59,Medium,77.63157894736842,False,True,True,2,77.63157894736842,Medium
REST_000704,,cafe,Unknown,24.7422447,46.6561242,Prince Faisal bin Fahd Stadium,6.44804943666966,Moderate,84,2034-06-15 12:00:00,2034,6,15,12,3,False,84,High,100.0,True,False,True,2,100.0,Medium
REST_000048,Cinnabon,fast_food,Unknown,24.7375941,46.7978042,Prince Faisal bin Fahd Stadium,9.5593299885977,Moderate,58,2034-06-20 16:00:00,2034,6,20,16,1,False,21,Low,36.206896551724135,False,False,False,2,36.206896551724135,Medium
REST_000460,فلافل عمو باسل,restaurant,Unknown,26.3637343,50.0712777,Prince Mohammed bin Fahd Stadium,6.570345335794803,Moderate,73,2034-07-12 16:00:00,2034,7,12,16,2,False,57,Medium,78.08219178082192,False,False,False,2,78.08219178082192,Medium
REST_001074,,restaurant,Unknown,26.4492315,50.1185042,Prince Mohammed bin Fahd Stadium,4.337340455624325,Close,153,2034-06-01 11:00:00,2034,6,1,11,3,False,80,Medium,52.28758169934641,False,False,False,3,52.28758169934641,Large
REST_001333,,restaurant,Unknown,24.7023914,46.6968701,King Fahd International Stadium,2.297200393125573,Close,146,2034-07-06 15:00:00,2034,7,6,15,3,False,68,Low,46.57534246575342,False,False,False,3,46.57534246575342,Large
REST_000077,,restaurant,Unknown,24.8164903,46.7748421,Prince Faisal bin Fahd Stadium,8.131173254585994,Moderate,95,2034-06-28 22:00:00,2034,6,28,22,2,False,60,Medium,63.1578947368421,False,True,True,2,63.1578947368421,Medium
REST_000768,ديب فرايز,restaurant,Unknown,24.8151974,46.6354608,Prince Faisal bin Fahd Stadium,9.018025347370818,Moderate,86,2034-07-12 10:00:00,2034,7,12,10,2,False,51,Medium,59.30232558139535,False,False,False,2,59.30232558139535,Medium
REST_000536,Chkn,fast_food,Unknown,24.7668817,46.7072939,Prince Faisal bin Fahd Stadium,0.6718559948661714,Very Close,45,2034-06-27 15:00:00,2034,6,27,15,1,False,45,High,100.0,False,False,False,4,100.0,Small
REST_001469,ماكدونالدز,fast_food,Unknown,26.3643605,43.9361055,King Abdullah City Stadium,3.0591597290519763,Close,34,2034-07-13 16:00:00,2034,7,13,16,3,False,22,Medium,64.70588235294117,False,False,False,3,64.70588235294117,Small
REST_000387,ليفاني كوفي - Leivani coffee,cafe,Unknown,24.747746,46.7018094,Prince Faisal bin Fahd Stadium,2.841605378077961,Close,77,2034-06-20 15:00:00,2034,6,20,15,1,False,77,High,100.0,False,False,False,3,100.0,Medium
REST_000178,بوفية أسناف,fast_food,Unknown,26.3977266,50.0186487,Prince Mohammed bin Fahd Stadium,7.438788525160079,Moderate,78,2034-06-27 17:00:00,2034,6,27,17,1,False,69,High,88.46153846153845,False,False,False,2,88.46153846153845,Medium
REST_001067,مطعم حنيذ حمود‭,restaurant,Unknown,24.8404046,46.7486088,Prince Faisal bin Fahd Stadium,8.510831431999422,Moderate,183,2034-07-10 20:00:00,2034,7,10,20,0,False,148,High,80.87431693989072,False,True,True,2,80.87431693989072,Large
REST_000615,دانكن دونتس,fast_food,Unknown,24.8469814,46.7334068,Prince Faisal bin Fahd Stadium,8.649568040622029,Moderate,69,2034-07-07 12:00:00,2034,7,7,12,4,True,57,High,82.6086956521739,True,False,True,2,82.6086956521739,Medium
REST_000502,سمكة حرة,restaurant,Unknown,21.5809069,39.1603235,King Abdullah Sports City,7.279425720687104,Moderate,72,2034-06-15 09:00:00,2034,6,15,9,3,False,34,Low,47.22222222222222,False,False,False,2,47.22222222222222,Medium
REST_001449,خدير,cafe,Unknown,26.3753102,43.982523,King Abdullah City Stadium,1.844314671918282,Very Close,71,2034-07-08 22:00:00,2034,7,8,22,5,True,71,High,100.0,False,True,True,4,100.0,Medium
REST_001384,مطعم السقالة,restaurant,Unknown,21.7179366,39.1039789,King Abdullah Sports City,9.84960291038882,Moderate,94,2034-07-13 22:00:00,2034,7,13,22,3,False,94,High,100.0,False,True,True,2,100.0,Medium
REST_000647,,restaurant,Unknown,24.7072014,46.6901711,King Fahd International Stadium,2.598357578327232,Close,150,2034-06-15 20:00:00,2034,6,15,20,3,False,150,High,100.0,False,True,True,3,100.0,Large
REST_001283,,cafe,Unknown,24.7821629,46.7063921,Prince Faisal bin Fahd Stadium,1.2323621339488111,Very Close,85,2034-07-01 20:00:00,2034,7,1,20,5,True,85,High,100.0,False,True,True,4,100.0,Medium
REST_000595,دانكن دونتس,fast_food,Unknown,24.8177774,46.6862018,Prince Faisal bin Fahd Stadium,5.682413507376354,Moderate,30,2034-06-25 16:00:00,2034,6,25,16,6,False,24,High,80.0,False,False,False,2,80.0,Small
REST_001408,Fairouz Garden,restaurant,Unknown,24.7080046,46.675289,King Fahd International Stadium,2.8814463899272456,Close,150,2034-07-11 10:00:00,2034,7,11,10,1,False,58,Low,38.666666666666664,False,False,False,3,38.666666666666664,Large
REST_000750,شريمبلس,restaurant,Unknown,24.8182369,46.6422566,Prince Faisal bin Fahd Stadium,8.642958312867966,Moderate,110,2034-07-01 16:00:00,2034,7,1,16,5,True,74,Medium,67.27272727272727,False,False,False,2,67.27272727272727,Large
REST_001418,Shikara Restaurant,restaurant,Unknown,24.7128171,46.6711407,King Fahd International Stadium,3.541438994349068,Close,119,2034-06-12 14:00:00,2034,6,12,14,0,False,94,Medium,78.99159663865547,True,False,True,3,78.99159663865547,Large
REST_000424,UMQ Coffee 2.2 قهوة عمق,cafe,Unknown,26.4586931,50.0852868,Prince Mohammed bin Fahd Stadium,4.239096066625124,Close,37,2034-07-09 17:00:00,2034,7,9,17,6,False,28,Medium,75.67567567567568,False,False,False,3,75.67567567567568,Small
REST_000069,cloud9coffee,cafe,Unknown,21.5595812,39.1333432,King Abdullah Sports City,8.073010297782776,Moderate,59,2034-06-04 21:00:00,2034,6,4,21,6,False,36,Medium,61.016949152542374,False,True,True,2,61.016949152542374,Medium
REST_000699,,cafe,Unknown,21.5967854,39.1574669,King Abdullah Sports City,5.842530175364363,Moderate,49,2034-06-24 22:00:00,2034,6,24,22,5,True,49,High,100.0,False,True,True,2,100.0,Small
REST_000840,ميلانا كافيه,cafe,Unknown,24.8336702,46.7334612,Prince Faisal bin Fahd Stadium,7.233041214872869,Moderate,64,2034-06-17 21:00:00,2034,6,17,21,5,True,64,High,100.0,False,True,True,2,100.0,Medium
REST_001345,Applebee's,restaurant,Unknown,21.6467484,39.1310317,King Abdullah Sports City,2.614419369990409,Close,192,2034-06-01 10:00:00,2034,6,1,10,3,False,74,Low,38.54166666666667,False,False,False,3,38.54166666666667,Large
REST_000657,,restaurant,Unknown,24.6996722,46.6924899,King Fahd International Stadium,1.841013688108124,Very Close,80,2034-07-01 15:00:00,2034,7,1,15,5,True,59,Medium,73.75,False,False,False,4,73.75,Medium
REST_000807,Al Fairwz,restaurant,Unknown,21.609459,39.1304878,King Abdullah Sports City,2.863492992019402,Close,141,2034-07-14 17:00:00,2034,7,14,17,4,True,107,Medium,75.88652482269504,False,False,False,3,75.88652482269504,Large
REST_001066,جاردن لاونج مطعم وكافيه,restaurant,Unknown,24.6823089,46.7778529,King Fahd International Stadium,9.252201535974685,Moderate,154,2034-06-28 15:00:00,2034,6,28,15,2,False,135,High,87.66233766233766,False,False,False,2,87.66233766233766,Large
REST_000807,Al Fairwz,restaurant,Unknown,21.609459,39.1304878,King Abdullah Sports City,2.863492992019402,Close,141,2034-06-22 20:00:00,2034,6,22,20,3,False,141,High,100.0,False,True,True,3,100.0,Large
REST_000377,,cafe,Unknown,26.458763,50.0890652,Prince Mohammed bin Fahd Stadium,4.23249485585094,Close,65,2034-07-10 20:00:00,2034,7,10,20,0,False,58,High,89.23076923076924,False,True,True,3,89.23076923076924,Medium
REST_000690,دانكن دونتس,fast_food,Unknown,21.5724549,39.1586974,King Abdullah Sports City,7.905330247035989,Moderate,53,2034-06-02 10:00:00,2034,6,2,10,4,True,34,Medium,64.15094339622641,False,False,False,2,64.15094339622641,Medium
REST_000167,Kudu,restaurant,Unknown,26.4508454,50.118796,Prince Mohammed bin Fahd Stadium,4.489541804088695,Close,64,2034-07-03 16:00:00,2034,7,3,16,0,False,26,Low,40.625,False,False,False,3,40.625,Medium
REST_000497,بيت الدجاج,fast_food,Unknown,26.3618725,43.9583732,King Abdullah City Stadium,0.988116211265392,Very Close,58,2034-06-23 21:00:00,2034,6,23,21,4,True,54,High,93.10344827586206,False,True,True,4,93.10344827586206,Medium
REST_001570,,cafe,Unknown,24.7941063,46.6554261,Prince Faisal bin Fahd Stadium,6.1297478461302,Moderate,22,2034-06-24 10:00:00,2034,6,24,10,5,True,10,Low,45.45454545454545,False,False,False,2,45.45454545454545,Small
REST_000705,,restaurant,Unknown,24.793833,46.6547551,Prince Faisal bin Fahd Stadium,6.179758496862934,Moderate,93,2034-07-09 17:00:00,2034,7,9,17,6,False,56,Medium,60.215053763440864,False,False,False,2,60.215053763440864,Medium
REST_000678,هرفي,fast_food,Unknown,24.5980523,46.684862,King Fahd International Stadium,9.569171453582342,Moderate,35,2034-06-25 18:00:00,2034,6,25,18,6,False,25,Medium,71.42857142857143,False,False,False,2,71.42857142857143,Small
REST_000377,,cafe,Unknown,26.458763,50.0890652,Prince Mohammed bin Fahd Stadium,4.23249485585094,Close,65,2034-06-22 20:00:00,2034,6,22,20,3,False,65,High,100.0,False,True,True,3,100.0,Medium
REST_001265,,fast_food,Unknown,24.7823054,46.649154,Prince Faisal bin Fahd Stadium,6.350199729567215,Moderate,38,2034-06-12 19:00:00,2034,6,12,19,0,False,19,Medium,50.0,False,True,True,2,50.0,Small
REST_001415,Kudu,fast_food,Unknown,24.6987643,46.6901893,King Fahd International Stadium,1.677270544022254,Very Close,59,2034-07-03 17:00:00,2034,7,3,17,0,False,45,Medium,76.27118644067797,False,False,False,4,76.27118644067797,Medium
REST_001420,,cafe,Unknown,24.6984321,46.6893818,King Fahd International Stadium,1.6237859376843085,Very Close,70,2034-07-11 14:00:00,2034,7,11,14,1,False,70,High,100.0,True,False,True,4,100.0,Medium
REST_001469,ماكدونالدز,fast_food,Unknown,26.3643605,43.9361055,King Abdullah City Stadium,3.0591597290519763,Close,34,2034-06-25 16:00:00,2034,6,25,16,6,False,34,High,100.0,False,False,False,3,100.0,Small
REST_000938,Kudu,restaurant,Unknown,21.6664279,39.1098748,King Abdullah Sports City,4.090033900752487,Close,51,2034-07-05 14:00:00,2034,7,5,14,2,False,29,Medium,56.86274509803921,True,False,True,3,56.86274509803921,Medium
REST_001028,Crazy Pizza,restaurant,Unknown,24.6752569,46.6249792,King Fahd International Stadium,6.273273163013817,Moderate,91,2034-06-09 19:00:00,2034,6,9,19,4,True,91,High,100.0,False,True,True,2,100.0,Medium
REST_001374,باسكن روبنز,cafe,Unknown,24.6896202,46.7332326,King Fahd International Stadium,4.781266262286317,Close,64,2034-06-18 22:00:00,2034,6,18,22,6,False,64,High,100.0,False,True,True,3,100.0,Medium
REST_001077,Urth Caffe,cafe,Unknown,21.6483406,39.1121231,King Abdullah Sports City,2.066526819270073,Close,58,2034-06-10 20:00:00,2034,6,10,20,5,True,58,High,100.0,False,True,True,3,100.0,Medium
REST_000333,بيتزا هت,restaurant,Unknown,24.8004341,46.7399092,Prince Faisal bin Fahd Stadium,4.310936884667517,Close,139,2034-07-08 20:00:00,2034,7,8,20,5,True,139,High,100.0,False,True,True,3,100.0,Large
REST_000045,Golden Palace Chinese Restaurant,restaurant,Unknown,21.5566055,39.1691506,King Abdullah Sports City,9.96729911629322,Moderate,98,2034-07-02 17:00:00,2034,7,2,17,6,False,39,Low,39.795918367346935,False,False,False,2,39.795918367346935,Medium
REST_000773,ديوان القرية,cafe,Unknown,24.8170503,46.6442351,Prince Faisal bin Fahd Stadium,8.40398756253882,Moderate,58,2034-06-02 12:00:00,2034,6,2,12,4,True,50,High,86.20689655172413,True,False,True,2,86.20689655172413,Medium
REST_000395,Ulb,fast_food,Unknown,24.8445257,46.7571205,Prince Faisal bin Fahd Stadium,9.321237992116538,Moderate,66,2034-06-21 16:00:00,2034,6,21,16,2,False,33,Medium,50.0,False,False,False,2,50.0,Medium
REST_001285,منتو يغمش,restaurant,Unknown,24.8005739,46.7829763,Prince Faisal bin Fahd Stadium,7.934873923007209,Moderate,126,2034-06-17 08:00:00,2034,6,17,8,5,True,96,Medium,76.19047619047619,False,False,False,2,76.19047619047619,Large
REST_000635,,cafe,Unknown,21.5723976,39.1433779,King Abdullah Sports City,7.09101064382348,Moderate,83,2034-07-10 14:00:00,2034,7,10,14,0,False,67,High,80.72289156626506,True,False,True,2,80.72289156626506,Medium
REST_000965,Nano Kitchen,restaurant,Unknown,24.7340037,46.6974471,Prince Faisal bin Fahd Stadium,4.43054027730751,Close,112,2034-07-06 21:00:00,2034,7,6,21,3,False,112,High,100.0,False,True,True,3,100.0,Large
REST_000080,,restaurant,Unknown,24.8130073,46.7776531,Prince Faisal bin Fahd Stadium,8.134160472995248,Moderate,155,2034-06-06 09:00:00,2034,6,6,9,1,False,93,Medium,60.0,False,False,False,2,60.0,Large
REST_000413,مطعم هرفي,fast_food,Unknown,26.4158129,43.9151372,King Abdullah City Stadium,7.4967909735605245,Moderate,77,2034-06-11 18:00:00,2034,6,11,18,6,False,42,Medium,54.54545454545454,False,False,False,2,54.54545454545454,Medium
REST_001113,كانتون,fast_food,Unknown,24.601063,46.698922,King Fahd International Stadium,9.321001131896013,Moderate,44,2034-06-16 14:00:00,2034,6,16,14,4,True,26,Medium,59.09090909090909,True,False,True,2,59.09090909090909,Small
REST_000919,,fast_food,Unknown,24.7616932,46.7985908,Prince Faisal bin Fahd Stadium,8.916330619529694,Moderate,69,2034-07-15 15:00:00,2034,7,15,15,5,True,38,Medium,55.072463768115945,False,False,False,2,55.072463768115945,Medium
REST_001205,مطعم فلفلة,restaurant,Unknown,26.3506278,50.0511467,Prince Mohammed bin Fahd Stadium,8.64741469840064,Moderate,55,2034-06-30 08:00:00,2034,6,30,8,4,True,36,Medium,65.45454545454545,False,False,False,2,65.45454545454545,Medium
REST_000653,,restaurant,Unknown,24.6989019,46.6886304,King Fahd International Stadium,1.662649880674677,Very Close,122,2034-06-08 10:00:00,2034,6,8,10,3,False,85,Medium,69.67213114754098,False,False,False,4,69.67213114754098,Large
REST_001332,Forchetta Italian Grill,restaurant,Unknown,24.724413,46.778962,Prince Faisal bin Fahd Stadium,8.659215681615436,Moderate,124,2034-07-08 20:00:00,2034,7,8,20,5,True,115,High,92.74193548387096,False,True,True,2,92.74193548387096,Large
REST_001286,,cafe,Unknown,24.7680715,46.7152814,Prince Faisal bin Fahd Stadium,0.6067011476263072,Very Close,66,2034-07-13 22:00:00,2034,7,13,22,3,False,66,High,100.0,False,True,True,4,100.0,Medium
REST_001066,جاردن لاونج مطعم وكافيه,restaurant,Unknown,24.6823089,46.7778529,King Fahd International Stadium,9.252201535974685,Moderate,154,2034-07-02 15:00:00,2034,7,2,15,6,False,101,Medium,65.5844155844156,False,False,False,2,65.5844155844156,Large
REST_000673,,fast_food,Unknown,21.6225219,39.1638091,King Abdullah Sports City,5.262932147840783,Moderate,70,2034-06-11 21:00:00,2034,6,11,21,6,False,70,High,100.0,False,True,True,2,100.0,Medium
REST_000344,,restaurant,Unknown,24.7799522,46.6939272,Prince Faisal bin Fahd Stadium,1.942345146229976,Very Close,57,2034-07-11 08:00:00,2034,7,11,8,1,False,43,Medium,75.43859649122807,False,False,False,4,75.43859649122807,Medium
REST_000834,Blanca,restaurant,Unknown,24.8425484,46.7341221,Prince Faisal bin Fahd Stadium,8.195083748935728,Moderate,152,2034-07-09 09:00:00,2034,7,9,9,6,False,119,Medium,78.28947368421053,False,False,False,2,78.28947368421053,Large
REST_000657,,restaurant,Unknown,24.6996722,46.6924899,King Fahd International Stadium,1.841013688108124,Very Close,80,2034-07-10 10:00:00,2034,7,10,10,0,False,49,Medium,61.25000000000001,False,False,False,4,61.25000000000001,Medium
REST_000179,مطابخ الانصار,restaurant,Unknown,26.3941641,50.0277195,Prince Mohammed bin Fahd Stadium,6.760989474154515,Moderate,124,2034-06-17 11:00:00,2034,6,17,11,5,True,103,High,83.06451612903226,False,False,False,2,83.06451612903226,Large
REST_000029,فلافل ابو بشار مطعم سوري,restaurant,Unknown,24.6476752,46.7067854,King Fahd International Stadium,4.548580223092062,Close,187,2034-06-06 22:00:00,2034,6,6,22,1,False,162,High,86.63101604278076,False,True,True,3,86.63101604278076,Large
REST_001106,كانتون,fast_food,Unknown,24.7813131,46.7311684,Prince Faisal bin Fahd Stadium,2.289457631315299,Close,33,2034-07-11 11:00:00,2034,7,11,11,1,False,27,High,81.81818181818183,False,False,False,3,81.81818181818183,Small
REST_000322,Mahboob,fast_food,Unknown,24.7590745,46.6639915,Prince Faisal bin Fahd Stadium,4.9559935509830595,Close,50,2034-06-04 12:00:00,2034,6,4,12,6,False,50,High,100.0,True,False,True,3,100.0,Medium
REST_000635,,cafe,Unknown,21.5723976,39.1433779,King Abdullah Sports City,7.09101064382348,Moderate,83,2034-07-04 17:00:00,2034,7,4,17,1,False,56,Medium,67.46987951807229,False,False,False,2,67.46987951807229,Medium
REST_000342,,restaurant,Unknown,24.7938651,46.6548152,Prince Faisal bin Fahd Stadium,6.175594203497771,Moderate,96,2034-06-14 16:00:00,2034,6,14,16,2,False,48,Medium,50.0,False,False,False,2,50.0,Medium
REST_000316,,cafe,Unknown,24.8288808,46.6826866,Prince Faisal bin Fahd Stadium,6.950718142117515,Moderate,88,2034-06-10 20:00:00,2034,6,10,20,5,True,88,High,100.0,False,True,True,2,100.0,Medium
REST_000644,Hardees,fast_food,Unknown,24.7117224,46.6970049,King Fahd International Stadium,3.256294190088511,Close,35,2034-06-01 15:00:00,2034,6,1,15,3,False,22,Medium,62.857142857142854,False,False,False,3,62.857142857142854,Small
REST_001148,بروست زهرتي,fast_food,Unknown,26.3571976,43.9530467,King Abdullah City Stadium,1.7224554020216554,Very Close,66,2034-06-26 18:00:00,2034,6,26,18,0,False,66,High,100.0,False,False,False,4,100.0,Medium
REST_000564,zonice | زونايس,restaurant,Unknown,26.3777652,43.9502001,King Abdullah City Stadium,2.053247099597085,Close,165,2034-07-05 15:00:00,2034,7,5,15,2,False,165,High,100.0,False,False,False,3,100.0,Large
REST_000638,Fish & Chips,fast_food,Unknown,24.7006869,46.6928923,King Fahd International Stadium,1.9609427883677322,Very Close,31,2034-06-07 14:00:00,2034,6,7,14,2,False,31,High,100.0,True,False,True,4,100.0,Small
REST_001382,خروف الشيف,restaurant,Unknown,21.7082213,39.1049698,King Abdullah Sports City,8.764490920506644,Moderate,150,2034-07-02 21:00:00,2034,7,2,21,6,False,150,High,100.0,False,True,True,2,100.0,Large
REST_000684,ماكدونالدز,fast_food,Unknown,21.6011471,39.1708865,King Abdullah Sports City,6.733776259059553,Moderate,46,2034-07-04 08:00:00,2034,7,4,8,1,False,36,Medium,78.26086956521739,False,False,False,2,78.26086956521739,Small
REST_001438,Kudu,fast_food,Unknown,24.7008015,46.6767139,King Fahd International Stadium,2.094473404330583,Close,64,2034-07-01 11:00:00,2034,7,1,11,5,True,48,Medium,75.0,False,False,False,3,75.0,Medium
REST_001079,Urth Caffe,cafe,Unknown,21.5668615,39.1248304,King Abdullah Sports City,7.095803038786741,Moderate,80,2034-06-05 08:00:00,2034,6,5,8,0,False,49,Medium,61.25000000000001,False,False,False,2,61.25000000000001,Medium
REST_001032,Kayzo,restaurant,Unknown,24.7039425,46.7064966,King Fahd International Stadium,3.0052158624346768,Close,143,2034-07-06 18:00:00,2034,7,6,18,3,False,136,High,95.1048951048951,False,False,False,3,95.1048951048951,Large
REST_000482,كيان,cafe,Unknown,21.5940752,39.1474478,King Abdullah Sports City,5.300598736968713,Moderate,48,2034-07-08 10:00:00,2034,7,8,10,5,True,30,Medium,62.5,False,False,False,2,62.5,Small
REST_000176,,restaurant,Unknown,26.4104127,50.0341182,Prince Mohammed bin Fahd Stadium,5.5643445776893,Moderate,98,2034-06-07 18:00:00,2034,6,7,18,2,False,84,High,85.71428571428571,False,False,False,2,85.71428571428571,Medium
REST_000321,كنافة تايم,cafe,Unknown,24.7615142,46.6740792,Prince Faisal bin Fahd Stadium,3.9025796922668614,Close,31,2034-07-07 15:00:00,2034,7,7,15,4,True,31,High,100.0,False,False,False,3,100.0,Small
REST_000667,صب واي,fast_food,Unknown,26.357221,43.965995,King Abdullah City Stadium,1.0563545340912888,Very Close,62,2034-06-07 09:00:00,2034,6,7,9,2,False,62,High,100.0,False,False,False,4,100.0,Medium
REST_000346,,cafe,Unknown,24.7776024,46.7075291,Prince Faisal bin Fahd Stadium,0.7244669765230232,Very Close,49,2034-07-02 20:00:00,2034,7,2,20,6,False,49,High,100.0,False,True,True,4,100.0,Small
REST_000342,,restaurant,Unknown,24.7938651,46.6548152,Prince Faisal bin Fahd Stadium,6.175594203497771,Moderate,96,2034-06-23 17:00:00,2034,6,23,17,4,True,96,High,100.0,False,False,False,2,100.0,Medium
REST_000805,19th Century Burger,fast_food,Unknown,21.6419465,39.1300137,King Abdullah Sports City,2.1766029928096278,Close,36,2034-06-27 18:00:00,2034,6,27,18,1,False,29,High,80.55555555555556,False,False,False,3,80.55555555555556,Small
REST_000404,Ulb,fast_food,Unknown,24.7444149,46.6206874,King Fahd International Stadium,9.428894084691638,Moderate,35,2034-06-27 16:00:00,2034,6,27,16,1,False,15,Low,42.857142857142854,False,False,False,2,42.857142857142854,Small
REST_000320,,fast_food,Unknown,24.7616639,46.6733369,Prince Faisal bin Fahd Stadium,3.9694256632844938,Close,38,2034-06-24 15:00:00,2034,6,24,15,5,True,38,High,100.0,False,False,False,3,100.0,Small
REST_001382,خروف الشيف,restaurant,Unknown,21.7082213,39.1049698,King Abdullah Sports City,8.764490920506644,Moderate,150,2034-06-09 15:00:00,2034,6,9,15,4,True,82,Medium,54.666666666666664,False,False,False,2,54.666666666666664,Large
REST_000618,,cafe,Unknown,21.5985513,39.1237252,King Abdullah Sports City,3.631922233509138,Close,95,2034-06-02 22:00:00,2034,6,2,22,4,True,95,High,100.0,False,True,True,3,100.0,Medium
REST_000646,,fast_food,Unknown,24.6900265,46.6863838,King Fahd International Stadium,0.6590511171992249,Very Close,62,2034-06-20 16:00:00,2034,6,20,16,1,False,36,Medium,58.06451612903226,False,False,False,4,58.06451612903226,Medium
REST_000920,,restaurant,Unknown,24.7457208,46.6196273,King Fahd International Stadium,9.607457209008999,Moderate,154,2034-07-07 20:00:00,2034,7,7,20,4,True,154,High,100.0,False,True,True,2,100.0,Large
REST_000805,19th Century Burger,fast_food,Unknown,21.6419465,39.1300137,King Abdullah Sports City,2.1766029928096278,Close,36,2034-07-04 09:00:00,2034,7,4,9,1,False,15,Low,41.66666666666667,False,False,False,3,41.66666666666667,Small
REST_001571,,restaurant,Unknown,24.7933327,46.655822,Prince Faisal bin Fahd Stadium,6.058854710120394,Moderate,55,2034-07-05 20:00:00,2034,7,5,20,2,False,55,High,100.0,False,True,True,2,100.0,Medium
REST_001284,Mensa,restaurant,Unknown,24.8095361,46.7072218,Prince Faisal bin Fahd Stadium,4.202287209804109,Close,131,2034-06-18 11:00:00,2034,6,18,11,6,False,68,Medium,51.908396946564885,False,False,False,3,51.908396946564885,Large
REST_000121,مقهي نغم الليالي,cafe,Unknown,26.4586771,50.0835167,Prince Mohammed bin Fahd Stadium,4.255497554130319,Close,77,2034-06-27 13:00:00,2034,6,27,13,1,False,77,High,100.0,True,False,True,3,100.0,Medium
REST_001006,مطبخ و مطعم همام,restaurant,Unknown,21.6118522,39.1236758,King Abdullah Sports City,2.255948652574545,Close,99,2034-06-02 19:00:00,2034,6,2,19,4,True,99,High,100.0,False,True,True,3,100.0,Medium
REST_001286,,cafe,Unknown,24.7680715,46.7152814,Prince Faisal bin Fahd Stadium,0.6067011476263072,Very Close,66,2034-06-04 21:00:00,2034,6,4,21,6,False,66,High,100.0,False,True,True,4,100.0,Medium
REST_001408,Fairouz Garden,restaurant,Unknown,24.7080046,46.675289,King Fahd International Stadium,2.8814463899272456,Close,150,2034-06-26 19:00:00,2034,6,26,19,0,False,150,High,100.0,False,True,True,3,100.0,Large
REST_000751,مطعم ذوق مغل,restaurant,Unknown,24.8185898,46.6431326,Prince Faisal bin Fahd Stadium,8.595759822282936,Moderate,78,2034-06-16 12:00:00,2034,6,16,12,4,True,40,Medium,51.28205128205128,True,False,True,2,51.28205128205128,Medium
REST_000596,دانكن دونتس,fast_food,Unknown,24.8185961,46.6866878,Prince Faisal bin Fahd Stadium,5.743140914582132,Moderate,48,2034-06-12 10:00:00,2034,6,12,10,0,False,40,High,83.33333333333334,False,False,False,2,83.33333333333334,Small
REST_001438,Kudu,fast_food,Unknown,24.7008015,46.6767139,King Fahd International Stadium,2.094473404330583,Close,64,2034-07-02 18:00:00,2034,7,2,18,6,False,32,Medium,50.0,False,False,False,3,50.0,Medium
REST_000638,Fish & Chips,fast_food,Unknown,24.7006869,46.6928923,King Fahd International Stadium,1.9609427883677322,Very Close,31,2034-06-03 18:00:00,2034,6,3,18,5,True,31,High,100.0,False,False,False,4,100.0,Small
REST_001147,Tony Roma's,restaurant,Unknown,24.7027286,46.6801722,King Fahd International Stadium,2.161937210848951,Close,137,2034-06-29 15:00:00,2034,6,29,15,3,False,131,High,95.62043795620438,False,False,False,3,95.62043795620438,Large
REST_000357,Meaty  Buns,restaurant,Unknown,26.408365,43.9110596,King Abdullah City Stadium,7.22365829818569,Moderate,63,2034-07-01 22:00:00,2034,7,1,22,5,True,63,High,100.0,False,True,True,2,100.0,Medium
REST_000767,العنابي,restaurant,Unknown,24.8148748,46.6347003,Prince Faisal bin Fahd Stadium,9.064077076401924,Moderate,178,2034-06-29 13:00:00,2034,6,29,13,3,False,141,Medium,79.21348314606742,True,False,True,2,79.21348314606742,Large
REST_000811,Al Nakheel,restaurant,Unknown,21.5643739,39.1116299,King Abdullah Sports City,7.277619197092621,Moderate,68,2034-07-07 21:00:00,2034,7,7,21,4,True,57,High,83.82352941176471,False,True,True,2,83.82352941176471,Medium
REST_001074,,restaurant,Unknown,26.4492315,50.1185042,Prince Mohammed bin Fahd Stadium,4.337340455624325,Close,153,2034-06-18 08:00:00,2034,6,18,8,6,False,70,Low,45.751633986928105,False,False,False,3,45.751633986928105,Large
REST_001106,كانتون,fast_food,Unknown,24.7813131,46.7311684,Prince Faisal bin Fahd Stadium,2.289457631315299,Close,33,2034-07-15 13:00:00,2034,7,15,13,5,True,21,Medium,63.63636363636363,True,False,True,3,63.63636363636363,Small
REST_000683,بارنز,cafe,Unknown,21.6013229,39.1712084,King Abdullah Sports City,6.753920525841267,Moderate,39,2034-06-28 08:00:00,2034,6,28,8,2,False,30,Medium,76.92307692307693,False,False,False,2,76.92307692307693,Small
REST_000748,ذوق الحجازي,restaurant,Unknown,24.812489,46.6285748,Prince Faisal bin Fahd Stadium,9.46579312144128,Moderate,126,2034-06-04 15:00:00,2034,6,4,15,6,False,104,High,82.53968253968253,False,False,False,2,82.53968253968253,Large
REST_001496,ماكدونالدز,fast_food,Unknown,26.3867527,43.9634966,King Abdullah City Stadium,2.252478544125855,Close,77,2034-06-02 11:00:00,2034,6,2,11,4,True,51,Medium,66.23376623376623,False,False,False,3,66.23376623376623,Medium
REST_001497,فيشون,restaurant,Unknown,26.3961832,43.9496378,King Abdullah City Stadium,3.692774209613721,Close,157,2034-06-29 16:00:00,2034,6,29,16,3,False,63,Low,40.12738853503185,False,False,False,3,40.12738853503185,Large
REST_000575,Gamu Garden Restaurant and Coffee,restaurant,Unknown,21.5848315,39.1434779,King Abdullah Sports City,5.882807890094533,Moderate,186,2034-07-12 22:00:00,2034,7,12,22,2,False,160,High,86.02150537634408,False,True,True,2,86.02150537634408,Large
REST_001288,مزاج العرب,cafe,Unknown,24.7930716,46.6490799,Prince Faisal bin Fahd Stadium,6.679711722770142,Moderate,88,2034-07-07 18:00:00,2034,7,7,18,4,True,55,Medium,62.5,False,False,False,2,62.5,Medium
REST_000457,دانكن دونتس,fast_food,Unknown,24.6807131,46.6945961,King Fahd International Stadium,0.9189211472499675,Very Close,52,2034-06-21 18:00:00,2034,6,21,18,2,False,52,High,100.0,False,False,False,4,100.0,Medium
REST_001054,Butcher Shop & Grill,restaurant,Unknown,21.5598064,39.1530824,King Abdullah Sports City,8.793294534174183,Moderate,173,2034-06-20 18:00:00,2034,6,20,18,1,False,71,Low,41.040462427745666,False,False,False,2,41.040462427745666,Large
REST_000746,Marina Petit Cafe,restaurant,Unknown,21.6533769,39.1025319,King Abdullah Sports City,2.856232064999067,Close,105,2034-06-18 12:00:00,2034,6,18,12,6,False,96,High,91.42857142857143,True,False,True,3,91.42857142857143,Large
REST_000407,Chkn,fast_food,Unknown,24.8453094,46.7582844,Prince Faisal bin Fahd Stadium,9.455576825942822,Moderate,50,2034-07-13 21:00:00,2034,7,13,21,3,False,50,High,100.0,False,True,True,2,100.0,Medium
REST_001418,Shikara Restaurant,restaurant,Unknown,24.7128171,46.6711407,King Fahd International Stadium,3.541438994349068,Close,119,2034-06-10 15:00:00,2034,6,10,15,5,True,119,High,100.0,False,False,False,3,100.0,Large
REST_000391,Tofarea Restaurant,restaurant,Unknown,21.5966742,39.1436491,King Abdullah Sports City,4.825095711016929,Close,148,2034-06-06 08:00:00,2034,6,6,8,1,False,104,Medium,70.27027027027027,False,False,False,3,70.27027027027027,Large
REST_001305,ماكدونالدز,fast_food,Unknown,24.7608687,46.6952563,Prince Faisal bin Fahd Stadium,2.007846447499641,Close,71,2034-07-07 12:00:00,2034,7,7,12,4,True,71,High,100.0,True,False,True,3,100.0,Medium
REST_000651,Domino's Pizza,fast_food,Unknown,24.7009672,46.6765959,King Fahd International Stadium,2.1163233808426667,Close,79,2034-07-03 17:00:00,2034,7,3,17,0,False,52,Medium,65.82278481012658,False,False,False,3,65.82278481012658,Medium
REST_001383,Mocaccino,cafe,Unknown,21.708482,39.1024248,King Abdullah Sports City,8.823577256598817,Moderate,37,2034-07-12 11:00:00,2034,7,12,11,2,False,17,Low,45.94594594594595,False,False,False,2,45.94594594594595,Small
REST_001467,رشوش,restaurant,Unknown,26.36949,43.9335526,King Abdullah City Stadium,3.3168870227743015,Close,171,2034-07-12 18:00:00,2034,7,12,18,2,False,171,High,100.0,False,False,False,3,100.0,Large
REST_000684,ماكدونالدز,fast_food,Unknown,21.6011471,39.1708865,King Abdullah Sports City,6.733776259059553,Moderate,46,2034-06-19 09:00:00,2034,6,19,9,0,False,24,Medium,52.17391304347826,False,False,False,2,52.17391304347826,Small
REST_000568,Pasto Caldo,restaurant,Unknown,21.6270033,39.1107051,King Abdullah Sports City,0.4244642384363657,Very Close,102,2034-07-02 18:00:00,2034,7,2,18,6,False,79,Medium,77.45098039215686,False,False,False,4,77.45098039215686,Large
REST_001249,Bukhara Alhara,fast_food,Unknown,24.7670622,46.707419,Prince Faisal bin Fahd Stadium,0.6481518912623792,Very Close,73,2034-06-28 10:00:00,2034,6,28,10,2,False,51,Medium,69.86301369863014,False,False,False,4,69.86301369863014,Medium
REST_000946,سالدوتش,fast_food,Unknown,24.666506,46.683194,King Fahd International Stadium,1.9813759557512207,Very Close,43,2034-06-30 13:00:00,2034,6,30,13,4,True,43,High,100.0,True,False,True,4,100.0,Small
REST_000689,بروست تشيليز,fast_food,Unknown,21.5939486,39.1662543,King Abdullah Sports City,6.755310660145509,Moderate,70,2034-07-01 22:00:00,2034,7,1,22,5,True,70,High,100.0,False,True,True,2,100.0,Medium
REST_001083,كانتون,fast_food,Unknown,24.742659,46.658732,Prince Faisal bin Fahd Stadium,6.198926894188108,Moderate,54,2034-06-13 13:00:00,2034,6,13,13,1,False,54,High,100.0,True,False,True,2,100.0,Medium
REST_000341,Shimmers,restaurant,Unknown,24.7670034,46.6593779,Prince Faisal bin Fahd Stadium,5.240392972922303,Moderate,64,2034-06-14 08:00:00,2034,6,14,8,2,False,19,Low,29.6875,False,False,False,2,29.6875,Medium
REST_001361,معصوب القادري,restaurant,Unknown,21.5731975,39.1584622,King Abdullah Sports City,7.824400379123443,Moderate,157,2034-06-06 20:00:00,2034,6,6,20,1,False,144,High,91.71974522292994,False,True,True,2,91.71974522292994,Large
REST_000811,Al Nakheel,restaurant,Unknown,21.5643739,39.1116299,King Abdullah Sports City,7.277619197092621,Moderate,68,2034-06-21 12:00:00,2034,6,21,12,2,False,37,Medium,54.41176470588235,True,False,True,2,54.41176470588235,Medium
REST_000565,zonice | زونايس,restaurant,Unknown,26.375623,43.9359581,King Abdullah City Stadium,3.219325361091538,Close,134,2034-06-26 21:00:00,2034,6,26,21,0,False,134,High,100.0,False,True,True,3,100.0,Large
REST_000304,اورفيلا,restaurant,Unknown,26.3999028,43.9170009,King Abdullah City Stadium,6.175754032491097,Moderate,119,2034-06-25 21:00:00,2034,6,25,21,6,False,119,High,100.0,False,True,True,2,100.0,Large
REST_001202,Horizon Restaurant,restaurant,Unknown,26.4389531,50.1054376,Prince Mohammed bin Fahd Stadium,2.6199213311316063,Close,78,2034-07-08 17:00:00,2034,7,8,17,5,True,78,High,100.0,False,False,False,3,100.0,Medium
REST_000168,,restaurant,Unknown,26.4489936,50.1183693,Prince Mohammed bin Fahd Stadium,4.308842021998596,Close,159,2034-06-29 18:00:00,2034,6,29,18,3,False,140,High,88.0503144654088,False,False,False,3,88.0503144654088,Large
REST_001275,McDonald's,fast_food,Unknown,24.7762816,46.7773771,Prince Faisal bin Fahd Stadium,6.719207498063313,Moderate,50,2034-06-03 20:00:00,2034,6,3,20,5,True,36,Medium,72.0,False,True,True,2,72.0,Medium
REST_001498,فرحات,restaurant,Unknown,26.396264,43.9496302,King Abdullah City Stadium,3.7011003387809818,Close,149,2034-06-24 15:00:00,2034,6,24,15,5,True,146,High,97.98657718120806,False,False,False,3,97.98657718120806,Large
REST_001471,كودو,fast_food,Unknown,26.3674717,43.9620048,King Abdullah City Stadium,0.4755740798475391,Very Close,79,2034-06-25 16:00:00,2034,6,25,16,6,False,75,High,94.9367088607595,False,False,False,4,94.9367088607595,Medium
REST_000305,مطعم بيتزاكم,fast_food,Unknown,26.3935046,43.9282015,King Abdullah City Stadium,4.857083326267404,Close,52,2034-06-01 20:00:00,2034,6,1,20,3,False,52,High,100.0,False,True,True,3,100.0,Medium
REST_000124,ماكدونالدز,restaurant,Unknown,26.4041626,50.0576601,Prince Mohammed bin Fahd Stadium,3.6053616022522577,Close,157,2034-06-04 13:00:00,2034,6,4,13,6,False,94,Medium,59.87261146496815,True,False,True,3,59.87261146496815,Large
REST_001276,Kudu,fast_food,Unknown,24.7796537,46.7883129,Prince Faisal bin Fahd Stadium,7.852979221204432,Moderate,34,2034-06-15 09:00:00,2034,6,15,9,3,False,17,Medium,50.0,False,False,False,2,50.0,Small
REST_000144,,fast_food,Unknown,26.4554155,50.0889525,Prince Mohammed bin Fahd Stadium,3.8602173379676294,Close,71,2034-06-30 18:00:00,2034,6,30,18,4,True,43,Medium,60.56338028169014,False,False,False,3,60.56338028169014,Medium
REST_001067,مطعم حنيذ حمود‭,restaurant,Unknown,24.8404046,46.7486088,Prince Faisal bin Fahd Stadium,8.510831431999422,Moderate,183,2034-06-17 17:00:00,2034,6,17,17,5,True,168,High,91.80327868852459,False,False,False,2,91.80327868852459,Large
REST_001230,Cacti Cafe,cafe,Unknown,24.8340533,46.7355671,Prince Faisal bin Fahd Stadium,7.342540294067072,Moderate,43,2034-06-16 09:00:00,2034,6,16,9,4,True,34,Medium,79.06976744186046,False,False,False,2,79.06976744186046,Small
REST_000314,Kudu,restaurant,Unknown,24.7668483,46.7553554,Prince Faisal bin Fahd Stadium,4.513441563268799,Close,155,2034-07-01 10:00:00,2034,7,1,10,5,True,155,High,100.0,False,False,False,3,100.0,Large
REST_000562,هوت دوق اكسبرس,restaurant,Unknown,24.8004505,46.7396469,Prince Faisal bin Fahd Stadium,4.294402722510452,Close,110,2034-06-21 21:00:00,2034,6,21,21,2,False,68,Medium,61.81818181818181,False,True,True,3,61.81818181818181,Large
REST_001379,واحد فول,restaurant,Unknown,24.6609768,46.7013086,King Fahd International Stadium,2.985101121124223,Close,103,2034-06-02 22:00:00,2034,6,2,22,4,True,99,High,96.11650485436894,False,True,True,3,96.11650485436894,Large
REST_001467,رشوش,restaurant,Unknown,26.36949,43.9335526,King Abdullah City Stadium,3.3168870227743015,Close,171,2034-06-15 08:00:00,2034,6,15,8,3,False,96,Medium,56.14035087719298,False,False,False,3,56.14035087719298,Large
REST_000683,بارنز,cafe,Unknown,21.6013229,39.1712084,King Abdullah Sports City,6.753920525841267,Moderate,39,2034-07-08 16:00:00,2034,7,8,16,5,True,13,Low,33.33333333333333,False,False,False,2,33.33333333333333,Small
REST_000299,EIGHTY + ثمانين,cafe,Unknown,26.4065469,43.9282725,King Abdullah City Stadium,5.855216754611595,Moderate,63,2034-06-07 20:00:00,2034,6,7,20,2,False,63,High,100.0,False,True,True,2,100.0,Medium
REST_001245,مطعم فول وعدس,restaurant,Unknown,24.7090425,46.6795473,King Fahd International Stadium,2.8561454670752604,Close,97,2034-07-03 20:00:00,2034,7,3,20,0,False,97,High,100.0,False,True,True,3,100.0,Medium
REST_000124,ماكدونالدز,restaurant,Unknown,26.4041626,50.0576601,Prince Mohammed bin Fahd Stadium,3.6053616022522577,Close,157,2034-06-18 16:00:00,2034,6,18,16,6,False,153,High,97.45222929936305,False,False,False,3,97.45222929936305,Large
REST_000595,دانكن دونتس,fast_food,Unknown,24.8177774,46.6862018,Prince Faisal bin Fahd Stadium,5.682413507376354,Moderate,30,2034-06-18 20:00:00,2034,6,18,20,6,False,17,Medium,56.666666666666664,False,True,True,2,56.666666666666664,Small
REST_000346,,cafe,Unknown,24.7776024,46.7075291,Prince Faisal bin Fahd Stadium,0.7244669765230232,Very Close,49,2034-06-15 19:00:00,2034,6,15,19,3,False,49,High,100.0,False,True,True,4,100.0,Small
REST_001077,Urth Caffe,cafe,Unknown,21.6483406,39.1121231,King Abdullah Sports City,2.066526819270073,Close,58,2034-07-02 14:00:00,2034,7,2,14,6,False,45,Medium,77.58620689655173,True,False,True,3,77.58620689655173,Medium
REST_001334,bof - بوف,restaurant,Unknown,24.7501152,46.722583,Prince Faisal bin Fahd Stadium,2.689923954504478,Close,66,2034-07-15 14:00:00,2034,7,15,14,5,True,52,Medium,78.78787878787878,True,False,True,3,78.78787878787878,Medium
REST_001143,الشام شامك,restaurant,Unknown,26.3960741,43.9496506,King Abdullah City Stadium,3.6814203848002136,Close,105,2034-06-15 18:00:00,2034,6,15,18,3,False,105,High,100.0,False,False,False,3,100.0,Large
REST_000048,Cinnabon,fast_food,Unknown,24.7375941,46.7978042,Prince Faisal bin Fahd Stadium,9.5593299885977,Moderate,58,2034-06-18 10:00:00,2034,6,18,10,6,False,49,High,84.48275862068965,False,False,False,2,84.48275862068965,Medium
REST_000755,Mashi No Mashi,restaurant,Unknown,21.6531959,39.1005238,King Abdullah Sports City,2.9268734872086792,Close,99,2034-06-15 09:00:00,2034,6,15,9,3,False,99,High,100.0,False,False,False,3,100.0,Medium
REST_000145,مطعم كبساتي,restaurant,Unknown,26.3599523,50.0659502,Prince Mohammed bin Fahd Stadium,7.127971664043465,Moderate,172,2034-06-30 13:00:00,2034,6,30,13,4,True,172,High,100.0,True,False,True,2,100.0,Large
REST_000674,دومينوز بيتزا,fast_food,Unknown,26.3575068,43.9658404,King Abdullah City Stadium,1.025818514384294,Very Close,35,2034-07-02 18:00:00,2034,7,2,18,6,False,21,Medium,60.0,False,False,False,4,60.0,Small
REST_001450,كافيه ناي نسائي,cafe,Unknown,26.3639518,43.9492486,King Abdullah City Stadium,1.7653075026122027,Very Close,88,2034-06-03 22:00:00,2034,6,3,22,5,True,88,High,100.0,False,True,True,4,100.0,Medium
REST_001470,عالم البيتزا,restaurant,Unknown,26.3735217,43.9304679,King Abdullah City Stadium,3.6884409469073103,Close,149,2034-06-25 15:00:00,2034,6,25,15,6,False,127,High,85.23489932885906,False,False,False,3,85.23489932885906,Large
REST_000575,Gamu Garden Restaurant and Coffee,restaurant,Unknown,21.5848315,39.1434779,King Abdullah Sports City,5.882807890094533,Moderate,186,2034-06-04 09:00:00,2034,6,4,9,6,False,141,Medium,75.80645161290323,False,False,False,2,75.80645161290323,Large
REST_000684,ماكدونالدز,fast_food,Unknown,21.6011471,39.1708865,King Abdullah Sports City,6.733776259059553,Moderate,46,2034-06-15 17:00:00,2034,6,15,17,3,False,31,Medium,67.3913043478261,False,False,False,2,67.3913043478261,Small
REST_000640,Al Rabe'a,restaurant,Unknown,24.6975196,46.7805034,King Fahd International Stadium,9.63353899962464,Moderate,118,2034-07-07 14:00:00,2034,7,7,14,4,True,78,Medium,66.10169491525424,True,False,True,2,66.10169491525424,Large
REST_000029,فلافل ابو بشار مطعم سوري,restaurant,Unknown,24.6476752,46.7067854,King Fahd International Stadium,4.548580223092062,Close,187,2034-06-19 08:00:00,2034,6,19,8,0,False,119,Medium,63.63636363636363,False,False,False,3,63.63636363636363,Large
REST_001412,,cafe,Unknown,24.7078801,46.6747489,King Fahd International Stadium,2.890276620829415,Close,47,2034-06-10 21:00:00,2034,6,10,21,5,True,47,High,100.0,False,True,True,3,100.0,Small
REST_000692,الطازج,restaurant,Unknown,21.5989399,39.1636782,King Abdullah Sports City,6.219521631995177,Moderate,59,2034-07-02 09:00:00,2034,7,2,9,6,False,22,Low,37.28813559322034,False,False,False,2,37.28813559322034,Medium
REST_001019,كانتون,fast_food,Unknown,24.6711944,46.732203,King Fahd International Stadium,4.854953811318538,Close,60,2034-06-13 15:00:00,2034,6,13,15,1,False,57,High,95.0,False,False,False,3,95.0,Medium
REST_001470,عالم البيتزا,restaurant,Unknown,26.3735217,43.9304679,King Abdullah City Stadium,3.6884409469073103,Close,149,2034-07-13 12:00:00,2034,7,13,12,3,False,149,High,100.0,True,False,True,3,100.0,Large
REST_000661,Dose Cafe,cafe,Unknown,24.8401038,46.7323744,Prince Faisal bin Fahd Stadium,7.884814874295175,Moderate,69,2034-06-30 10:00:00,2034,6,30,10,4,True,37,Medium,53.62318840579711,False,False,False,2,53.62318840579711,Medium
REST_001570,,cafe,Unknown,24.7941063,46.6554261,Prince Faisal bin Fahd Stadium,6.1297478461302,Moderate,22,2034-06-08 14:00:00,2034,6,8,14,3,False,22,High,100.0,True,False,True,2,100.0,Small
REST_001020,كانتون,fast_food,Unknown,26.4036565,50.0573132,Prince Mohammed bin Fahd Stadium,3.663915326926866,Close,73,2034-06-20 15:00:00,2034,6,20,15,1,False,42,Medium,57.534246575342465,False,False,False,3,57.534246575342465,Medium
REST_000460,فلافل عمو باسل,restaurant,Unknown,26.3637343,50.0712777,Prince Mohammed bin Fahd Stadium,6.570345335794803,Moderate,73,2034-06-21 17:00:00,2034,6,21,17,2,False,32,Low,43.83561643835616,False,False,False,2,43.83561643835616,Medium
REST_001209,نان,restaurant,Unknown,21.5773289,39.1272551,King Abdullah Sports City,6.005319889508415,Moderate,155,2034-06-13 12:00:00,2034,6,13,12,1,False,75,Low,48.38709677419355,True,False,True,2,48.38709677419355,Large
REST_000036,,restaurant,Unknown,24.6892064,46.6736943,King Fahd International Stadium,1.3944236747431706,Very Close,106,2034-06-26 19:00:00,2034,6,26,19,0,False,106,High,100.0,False,True,True,4,100.0,Large
REST_001306,سالدوتش,fast_food,Unknown,24.8116846,46.6241848,Prince Faisal bin Fahd Stadium,9.816991936518281,Moderate,42,2034-07-02 13:00:00,2034,7,2,13,6,False,40,High,95.23809523809523,True,False,True,2,95.23809523809523,Small
REST_001263,,fast_food,Unknown,24.7854912,46.6456646,Prince Faisal bin Fahd Stadium,6.767018148103183,Moderate,60,2034-06-10 08:00:00,2034,6,10,8,5,True,48,High,80.0,False,False,False,2,80.0,Medium
REST_000593,,cafe,Unknown,21.595875,39.1553271,King Abdullah Sports City,5.738194662796841,Moderate,45,2034-06-20 12:00:00,2034,6,20,12,1,False,37,High,82.22222222222221,True,False,True,2,82.22222222222221,Small
REST_000407,Chkn,fast_food,Unknown,24.8453094,46.7582844,Prince Faisal bin Fahd Stadium,9.455576825942822,Moderate,50,2034-06-02 17:00:00,2034,6,2,17,4,True,32,Medium,64.0,False,False,False,2,64.0,Medium
REST_000766,هاك شاورما,restaurant,Unknown,24.7953516,46.6352325,Prince Faisal bin Fahd Stadium,8.081292725182989,Moderate,156,2034-06-04 22:00:00,2034,6,4,22,6,False,113,Medium,72.43589743589743,False,True,True,2,72.43589743589743,Large
REST_000802,فوال الخرطوم,restaurant,Unknown,24.6887974,46.764801,King Fahd International Stadium,7.948332152832165,Moderate,127,2034-07-08 17:00:00,2034,7,8,17,5,True,127,High,100.0,False,False,False,2,100.0,Large
REST_000757,سمك,restaurant,Unknown,24.8151713,46.6353868,Prince Faisal bin Fahd Stadium,9.022795291434852,Moderate,92,2034-06-12 18:00:00,2034,6,12,18,0,False,36,Low,39.130434782608695,False,False,False,2,39.130434782608695,Medium
REST_001383,Mocaccino,cafe,Unknown,21.708482,39.1024248,King Abdullah Sports City,8.823577256598817,Moderate,37,2034-06-04 12:00:00,2034,6,4,12,6,False,36,High,97.2972972972973,True,False,True,2,97.2972972972973,Small
REST_000677,Malaga Specialty Coffee - مالقه قهوة مختصه,cafe,Unknown,21.699561,39.1051823,King Abdullah Sports City,7.804547005035386,Moderate,26,2034-07-09 20:00:00,2034,7,9,20,6,False,26,High,100.0,False,True,True,2,100.0,Small
REST_000408,Ulb,fast_food,Unknown,24.7668209,46.7066941,Prince Faisal bin Fahd Stadium,0.7127197008308248,Very Close,57,2034-06-02 13:00:00,2034,6,2,13,4,True,57,High,100.0,True,False,True,4,100.0,Medium
REST_001238,البيك,fast_food,Unknown,21.6058287,39.1070223,King Abdullah Sports City,2.7483116028926604,Close,51,2034-06-27 10:00:00,2034,6,27,10,1,False,44,High,86.27450980392157,False,False,False,3,86.27450980392157,Medium
REST_001496,ماكدونالدز,fast_food,Unknown,26.3867527,43.9634966,King Abdullah City Stadium,2.252478544125855,Close,77,2034-06-21 22:00:00,2034,6,21,22,2,False,77,High,100.0,False,True,True,3,100.0,Medium
REST_000645,,restaurant,Unknown,24.6552535,46.7440452,King Fahd International Stadium,6.6584500373935125,Moderate,164,2034-06-21 21:00:00,2034,6,21,21,2,False,160,High,97.5609756097561,False,True,True,2,97.5609756097561,Large
REST_001238,البيك,fast_food,Unknown,21.6058287,39.1070223,King Abdullah Sports City,2.7483116028926604,Close,51,2034-06-11 21:00:00,2034,6,11,21,6,False,51,High,100.0,False,True,True,3,100.0,Medium
REST_000645,,restaurant,Unknown,24.6552535,46.7440452,King Fahd International Stadium,6.6584500373935125,Moderate,164,2034-06-11 18:00:00,2034,6,11,18,6,False,62,Low,37.80487804878049,False,False,False,2,37.80487804878049,Large
REST_000534,جزيرة المرجان,restaurant,Unknown,26.483249,50.104926,Prince Mohammed bin Fahd Stadium,7.1380090104048115,Moderate,123,2034-07-04 12:00:00,2034,7,4,12,1,False,109,High,88.6178861788618,True,False,True,2,88.6178861788618,Large
REST_000523,Be Karam بي كرم,restaurant,Unknown,24.7413004,46.6463797,Prince Faisal bin Fahd Stadium,7.3589187295888925,Moderate,159,2034-06-06 22:00:00,2034,6,6,22,1,False,76,Low,47.79874213836478,False,True,True,2,47.79874213836478,Large
REST_001204,,cafe,Unknown,21.5816295,39.1300256,King Abdullah Sports City,5.622182125597887,Moderate,70,2034-07-09 19:00:00,2034,7,9,19,6,False,41,Medium,58.57142857142858,False,True,True,2,58.57142857142858,Medium
REST_000640,Al Rabe'a,restaurant,Unknown,24.6975196,46.7805034,King Fahd International Stadium,9.63353899962464,Moderate,118,2034-07-09 12:00:00,2034,7,9,12,6,False,54,Low,45.76271186440678,True,False,True,2,45.76271186440678,Large
REST_000678,هرفي,fast_food,Unknown,24.5980523,46.684862,King Fahd International Stadium,9.569171453582342,Moderate,35,2034-07-10 12:00:00,2034,7,10,12,0,False,30,High,85.71428571428571,True,False,True,2,85.71428571428571,Small
REST_000913,Bateel El'an,restaurant,Unknown,24.8426989,46.7339669,Prince Faisal bin Fahd Stadium,8.206687960489587,Moderate,128,2034-07-11 19:00:00,2034,7,11,19,1,False,76,Medium,59.375,False,True,True,2,59.375,Large
REST_001565,,restaurant,Unknown,24.767318,46.6594862,Prince Faisal bin Fahd Stadium,5.225984830982848,Moderate,72,2034-06-22 11:00:00,2034,6,22,11,3,False,38,Medium,52.77777777777778,False,False,False,2,52.77777777777778,Medium
REST_000606,شواية الحرازي,restaurant,Unknown,21.5918202,39.16888,King Abdullah Sports City,7.1142112353585825,Moderate,130,2034-06-07 22:00:00,2034,6,7,22,2,False,88,Medium,67.6923076923077,False,True,True,2,67.6923076923077,Large
REST_001419,,restaurant,Unknown,24.6976718,46.6875901,King Fahd International Stadium,1.514733255482438,Very Close,67,2034-06-24 10:00:00,2034,6,24,10,5,True,45,Medium,67.16417910447761,False,False,False,4,67.16417910447761,Medium
REST_000307,مطعم بيت السندباد,restaurant,Unknown,26.3570557,43.9522896,King Abdullah City Stadium,1.792025346765346,Very Close,50,2034-07-11 19:00:00,2034,7,11,19,1,False,50,High,100.0,False,True,True,4,100.0,Medium
REST_001083,كانتون,fast_food,Unknown,24.742659,46.658732,Prince Faisal bin Fahd Stadium,6.198926894188108,Moderate,54,2034-06-30 21:00:00,2034,6,30,21,4,True,54,High,100.0,False,True,True,2,100.0,Medium
REST_001420,,cafe,Unknown,24.6984321,46.6893818,King Fahd International Stadium,1.6237859376843085,Very Close,70,2034-07-07 15:00:00,2034,7,7,15,4,True,70,High,100.0,False,False,False,4,100.0,Medium
REST_001261,,fast_food,Unknown,24.7823987,46.6493481,Prince Faisal bin Fahd Stadium,6.332834573595611,Moderate,74,2034-06-14 19:00:00,2034,6,14,19,2,False,59,Medium,79.72972972972973,False,True,True,2,79.72972972972973,Medium
REST_000925,جافا تايم,cafe,Unknown,24.7468121,46.6549157,Prince Faisal bin Fahd Stadium,6.312835867432516,Moderate,44,2034-06-28 12:00:00,2034,6,28,12,2,False,26,Medium,59.09090909090909,True,False,True,2,59.09090909090909,Small
REST_000658,,fast_food,Unknown,24.699565,46.6922968,King Fahd International Stadium,1.823231871559477,Very Close,43,2034-06-27 14:00:00,2034,6,27,14,1,False,43,High,100.0,True,False,True,4,100.0,Small
REST_001459,مايسترو بيتزا,fast_food,Unknown,26.3940382,43.9258729,King Abdullah City Stadium,5.0775390276442876,Moderate,32,2034-06-30 22:00:00,2034,6,30,22,4,True,30,High,93.75,False,True,True,2,93.75,Small
REST_001495,,restaurant,Unknown,26.3877205,43.9540534,King Abdullah City Stadium,2.6552758290148737,Close,168,2034-06-03 13:00:00,2034,6,3,13,5,True,139,High,82.73809523809523,True,False,True,3,82.73809523809523,Large
REST_001434,Hardee's,restaurant,Unknown,24.7042627,46.6651055,King Fahd International Stadium,3.1002027463570068,Close,144,2034-06-11 21:00:00,2034,6,11,21,6,False,144,High,100.0,False,True,True,3,100.0,Large
REST_001230,Cacti Cafe,cafe,Unknown,24.8340533,46.7355671,Prince Faisal bin Fahd Stadium,7.342540294067072,Moderate,43,2034-06-03 19:00:00,2034,6,3,19,5,True,43,High,100.0,False,True,True,2,100.0,Small
REST_000345,بول,restaurant,Unknown,24.7808456,46.6974026,Prince Faisal bin Fahd Stadium,1.695282012478964,Very Close,98,2034-06-14 13:00:00,2034,6,14,13,2,False,98,High,100.0,True,False,True,4,100.0,Medium
REST_000701,Vero | فيرو,cafe,Unknown,24.787034,46.6472064,Prince Faisal bin Fahd Stadium,6.656631907640486,Moderate,57,2034-06-15 08:00:00,2034,6,15,8,3,False,29,Medium,50.877192982456144,False,False,False,2,50.877192982456144,Medium
REST_000835,alromansia restaurant مطعم الرومانسية,restaurant,Unknown,26.4556722,50.1136773,Prince Mohammed bin Fahd Stadium,4.610572941998937,Close,71,2034-07-04 22:00:00,2034,7,4,22,1,False,71,High,100.0,False,True,True,3,100.0,Medium
REST_001032,Kayzo,restaurant,Unknown,24.7039425,46.7064966,King Fahd International Stadium,3.0052158624346768,Close,143,2034-06-23 10:00:00,2034,6,23,10,4,True,79,Medium,55.24475524475524,False,False,False,3,55.24475524475524,Large
REST_000314,Kudu,restaurant,Unknown,24.7668483,46.7553554,Prince Faisal bin Fahd Stadium,4.513441563268799,Close,155,2034-07-05 21:00:00,2034,7,5,21,2,False,155,High,100.0,False,True,True,3,100.0,Large
REST_000036,,restaurant,Unknown,24.6892064,46.6736943,King Fahd International Stadium,1.3944236747431706,Very Close,106,2034-07-05 15:00:00,2034,7,5,15,2,False,106,High,100.0,False,False,False,4,100.0,Large
REST_001468,اكلات جدودنا,restaurant,Unknown,26.3707036,43.923929,King Abdullah City Stadium,4.284278486583965,Close,140,2034-06-10 19:00:00,2034,6,10,19,5,True,140,High,100.0,False,True,True,3,100.0,Large
REST_000075,Century Burger,restaurant,Unknown,21.5547775,39.142988,King Abdullah Sports City,8.8817959472975,Moderate,176,2034-07-02 09:00:00,2034,7,2,9,6,False,104,Medium,59.09090909090909,False,False,False,2,59.09090909090909,Large
REST_000946,سالدوتش,fast_food,Unknown,24.666506,46.683194,King Fahd International Stadium,1.9813759557512207,Very Close,43,2034-06-01 17:00:00,2034,6,1,17,3,False,37,High,86.04651162790698,False,False,False,4,86.04651162790698,Small
REST_000403,Tiko,fast_food,Unknown,24.7439764,46.6214222,King Fahd International Stadium,9.342068256175649,Moderate,68,2034-06-30 22:00:00,2034,6,30,22,4,True,68,High,100.0,False,True,True,2,100.0,Medium
REST_000176,,restaurant,Unknown,26.4104127,50.0341182,Prince Mohammed bin Fahd Stadium,5.5643445776893,Moderate,98,2034-06-27 16:00:00,2034,6,27,16,1,False,61,Medium,62.244897959183675,False,False,False,2,62.244897959183675,Medium
REST_001208,ركن الفلافل,restaurant,Unknown,21.6093627,39.1350133,King Abdullah Sports City,3.1796253596077135,Close,164,2034-06-07 16:00:00,2034,6,7,16,2,False,67,Low,40.853658536585364,False,False,False,3,40.853658536585364,Large
REST_001412,,cafe,Unknown,24.7078801,46.6747489,King Fahd International Stadium,2.890276620829415,Close,47,2034-06-22 16:00:00,2034,6,22,16,3,False,29,Medium,61.702127659574465,False,False,False,3,61.702127659574465,Small
REST_001435,Krespe Kreme Doughnuts,cafe,Unknown,24.7048086,46.6649739,King Fahd International Stadium,3.1534451506418426,Close,39,2034-06-05 22:00:00,2034,6,5,22,0,False,39,High,100.0,False,True,True,3,100.0,Small
REST_000537,Chkn,fast_food,Unknown,24.7937913,46.6546921,Prince Faisal bin Fahd Stadium,6.183777034351501,Moderate,54,2034-06-30 16:00:00,2034,6,30,16,4,True,54,High,100.0,False,False,False,2,100.0,Medium
REST_000655,Gulf Royal Chinese Restaurant,restaurant,Unknown,24.7028885,46.6811631,King Fahd International Stadium,2.1526778037766414,Close,102,2034-06-24 20:00:00,2034,6,24,20,5,True,102,High,100.0,False,True,True,3,100.0,Large
REST_000457,دانكن دونتس,fast_food,Unknown,24.6807131,46.6945961,King Fahd International Stadium,0.9189211472499675,Very Close,52,2034-06-09 08:00:00,2034,6,9,8,4,True,52,High,100.0,False,False,False,4,100.0,Medium
REST_001468,اكلات جدودنا,restaurant,Unknown,26.3707036,43.923929,King Abdullah City Stadium,4.284278486583965,Close,140,2034-07-04 22:00:00,2034,7,4,22,1,False,110,Medium,78.57142857142857,False,True,True,3,78.57142857142857,Large
REST_001343,friday's,restaurant,Unknown,21.6315972,39.1333664,King Abdullah Sports City,2.0631811575655674,Close,160,2034-07-10 17:00:00,2034,7,10,17,0,False,160,High,100.0,False,False,False,3,100.0,Large
REST_000738,,restaurant,Unknown,24.6833207,46.7184462,King Fahd International Stadium,3.249037641162283,Close,172,2034-07-15 11:00:00,2034,7,15,11,5,True,148,High,86.04651162790698,False,False,False,3,86.04651162790698,Large
REST_000179,مطابخ الانصار,restaurant,Unknown,26.3941641,50.0277195,Prince Mohammed bin Fahd Stadium,6.760989474154515,Moderate,124,2034-06-18 19:00:00,2034,6,18,19,6,False,99,Medium,79.83870967741935,False,True,True,2,79.83870967741935,Large
REST_001249,Bukhara Alhara,fast_food,Unknown,24.7670622,46.707419,Prince Faisal bin Fahd Stadium,0.6481518912623792,Very Close,73,2034-07-02 16:00:00,2034,7,2,16,6,False,73,High,100.0,False,False,False,4,100.0,Medium
REST_000701,Vero | فيرو,cafe,Unknown,24.787034,46.6472064,Prince Faisal bin Fahd Stadium,6.656631907640486,Moderate,57,2034-07-12 19:00:00,2034,7,12,19,2,False,57,High,100.0,False,True,True,2,100.0,Medium
REST_000811,Al Nakheel,restaurant,Unknown,21.5643739,39.1116299,King Abdullah Sports City,7.277619197092621,Moderate,68,2034-07-10 09:00:00,2034,7,10,9,0,False,55,High,80.88235294117648,False,False,False,2,80.88235294117648,Medium
REST_000037,Ghawar,restaurant,Unknown,24.6697399,46.7315827,King Fahd International Stadium,4.846000136590066,Close,57,2034-07-09 16:00:00,2034,7,9,16,6,False,41,Medium,71.9298245614035,False,False,False,3,71.9298245614035,Medium
REST_000689,بروست تشيليز,fast_food,Unknown,21.5939486,39.1662543,King Abdullah Sports City,6.755310660145509,Moderate,70,2034-07-14 11:00:00,2034,7,14,11,4,True,49,Medium,70.0,False,False,False,2,70.0,Medium
REST_001205,مطعم فلفلة,restaurant,Unknown,26.3506278,50.0511467,Prince Mohammed bin Fahd Stadium,8.64741469840064,Moderate,55,2034-06-26 13:00:00,2034,6,26,13,0,False,55,High,100.0,True,False,True,2,100.0,Medium
REST_000338,نقطة | قهوة مختصة,cafe,Unknown,24.7795758,46.6826275,Prince Faisal bin Fahd Stadium,2.988940800144785,Close,49,2034-06-14 16:00:00,2034,6,14,16,2,False,29,Medium,59.183673469387756,False,False,False,3,59.183673469387756,Small
REST_000319,مطعم الخروف للمأكولات الكويتية,restaurant,Unknown,24.805779,46.6605281,Prince Faisal bin Fahd Stadium,6.336535466410876,Moderate,173,2034-06-18 14:00:00,2034,6,18,14,6,False,128,Medium,73.98843930635837,True,False,True,2,73.98843930635837,Large
REST_001225,alforn,cafe,Unknown,21.6522453,39.1260439,King Abdullah Sports City,2.8124633312896465,Close,60,2034-06-23 21:00:00,2034,6,23,21,4,True,60,High,100.0,False,True,True,3,100.0,Medium
REST_000336,شاورمر,fast_food,Unknown,24.8114498,46.6261347,Prince Faisal bin Fahd Stadium,9.629738008464582,Moderate,36,2034-06-24 20:00:00,2034,6,24,20,5,True,30,High,83.33333333333334,False,True,True,2,83.33333333333334,Small
REST_001078,Urth Caffe,cafe,Unknown,24.705692,46.7056408,King Fahd International Stadium,3.0955146999388123,Close,48,2034-07-02 08:00:00,2034,7,2,8,6,False,48,High,100.0,False,False,False,3,100.0,Small
REST_000574,عمو نبيل للمأكولات البحرية,restaurant,Unknown,21.5867638,39.1575781,King Abdullah Sports City,6.607926746952486,Moderate,156,2034-06-07 17:00:00,2034,6,7,17,2,False,89,Medium,57.05128205128205,False,False,False,2,57.05128205128205,Large
REST_001438,Kudu,fast_food,Unknown,24.7008015,46.6767139,King Fahd International Stadium,2.094473404330583,Close,64,2034-06-04 20:00:00,2034,6,4,20,6,False,64,High,100.0,False,True,True,3,100.0,Medium
REST_000642,,restaurant,Unknown,24.6950224,46.6821823,King Fahd International Stadium,1.2837885491746757,Very Close,85,2034-07-05 14:00:00,2034,7,5,14,2,False,52,Medium,61.1764705882353,True,False,True,4,61.1764705882353,Medium
REST_001345,Applebee's,restaurant,Unknown,21.6467484,39.1310317,King Abdullah Sports City,2.614419369990409,Close,192,2034-06-10 17:00:00,2034,6,10,17,5,True,171,High,89.0625,False,False,False,3,89.0625,Large
REST_000349,Core Coffee & Roastery,cafe,Unknown,24.7662814,46.7150917,Prince Faisal bin Fahd Stadium,0.7489946960039923,Very Close,29,2034-06-12 14:00:00,2034,6,12,14,0,False,29,High,100.0,True,False,True,4,100.0,Small
REST_001415,Kudu,fast_food,Unknown,24.6987643,46.6901893,King Fahd International Stadium,1.677270544022254,Very Close,59,2034-07-08 20:00:00,2034,7,8,20,5,True,59,High,100.0,False,True,True,4,100.0,Medium
REST_000281,فطيرة الفلافل,restaurant,Unknown,26.3291475,43.9607734,King Abdullah City Stadium,4.2172002362013945,Close,64,2034-07-10 13:00:00,2034,7,10,13,0,False,61,High,95.3125,True,False,True,3,95.3125,Medium
REST_001344,كنتاكي,restaurant,Unknown,21.6131515,39.1531451,King Abdullah Sports City,4.496880710443324,Close,114,2034-06-10 09:00:00,2034,6,10,9,5,True,67,Medium,58.77192982456141,False,False,False,3,58.77192982456141,Large
REST_001376,بروستد كوفي,restaurant,Unknown,24.6401514,46.7083399,King Fahd International Stadium,5.370451118649105,Moderate,77,2034-06-20 14:00:00,2034,6,20,14,1,False,77,High,100.0,True,False,True,2,100.0,Medium
REST_000702,Kaman Lounge,cafe,Unknown,24.8318742,46.7325524,Prince Faisal bin Fahd Stadium,7.014693590946382,Moderate,76,2034-06-23 19:00:00,2034,6,23,19,4,True,69,High,90.78947368421053,False,True,True,2,90.78947368421053,Medium
REST_000750,شريمبلس,restaurant,Unknown,24.8182369,46.6422566,Prince Faisal bin Fahd Stadium,8.642958312867966,Moderate,110,2034-06-30 12:00:00,2034,6,30,12,4,True,89,High,80.9090909090909,True,False,True,2,80.9090909090909,Large
REST_001421,Pizza Inn,fast_food,Unknown,24.7008989,46.676671,King Fahd International Stadium,2.1060806403644046,Close,61,2034-06-10 18:00:00,2034,6,10,18,5,True,56,High,91.80327868852459,False,False,False,3,91.80327868852459,Medium
REST_000638,Fish & Chips,fast_food,Unknown,24.7006869,46.6928923,King Fahd International Stadium,1.9609427883677322,Very Close,31,2034-07-10 10:00:00,2034,7,10,10,0,False,31,High,100.0,False,False,False,4,100.0,Small
REST_000168,,restaurant,Unknown,26.4489936,50.1183693,Prince Mohammed bin Fahd Stadium,4.308842021998596,Close,159,2034-07-14 10:00:00,2034,7,14,10,4,True,126,Medium,79.24528301886792,False,False,False,3,79.24528301886792,Large
REST_001104,كانتون,fast_food,Unknown,24.7432578,46.6792533,Prince Faisal bin Fahd Stadium,4.518777338009789,Close,63,2034-06-04 08:00:00,2034,6,4,8,6,False,45,Medium,71.42857142857143,False,False,False,3,71.42857142857143,Medium
REST_000307,مطعم بيت السندباد,restaurant,Unknown,26.3570557,43.9522896,King Abdullah City Stadium,1.792025346765346,Very Close,50,2034-06-12 19:00:00,2034,6,12,19,0,False,50,High,100.0,False,True,True,4,100.0,Medium
REST_001262,,cafe,Unknown,24.7858399,46.6458311,Prince Faisal bin Fahd Stadium,6.759411254521565,Moderate,98,2034-06-23 10:00:00,2034,6,23,10,4,True,73,Medium,74.48979591836735,False,False,False,2,74.48979591836735,Medium
REST_000111,جوفريز,cafe,Unknown,26.4105221,50.1034215,Prince Mohammed bin Fahd Stadium,1.8441787312810132,Very Close,89,2034-06-19 15:00:00,2034,6,19,15,0,False,73,High,82.02247191011236,False,False,False,4,82.02247191011236,Medium
REST_000282,كودو,restaurant,Unknown,26.3573865,43.9661676,King Abdullah City Stadium,1.0369714984039948,Very Close,122,2034-07-03 17:00:00,2034,7,3,17,0,False,122,High,100.0,False,False,False,4,100.0,Large
REST_000760,خبز ونواشف,restaurant,Unknown,24.8119102,46.6460917,Prince Faisal bin Fahd Stadium,7.919940631004301,Moderate,126,2034-06-30 11:00:00,2034,6,30,11,4,True,87,Medium,69.04761904761905,False,False,False,2,69.04761904761905,Large
REST_000755,Mashi No Mashi,restaurant,Unknown,21.6531959,39.1005238,King Abdullah Sports City,2.9268734872086792,Close,99,2034-06-22 13:00:00,2034,6,22,13,3,False,99,High,100.0,True,False,True,3,100.0,Medium
REST_001309,دوار السعادة,restaurant,Unknown,24.7582768,46.674634,Prince Faisal bin Fahd Stadium,3.9720294278051407,Close,165,2034-06-19 09:00:00,2034,6,19,9,0,False,104,Medium,63.030303030303024,False,False,False,3,63.030303030303024,Large
REST_001336,مطعم كمون البخاري,restaurant,Unknown,24.6851879,46.7667693,King Fahd International Stadium,8.131030996167413,Moderate,73,2034-07-10 14:00:00,2034,7,10,14,0,False,36,Low,49.31506849315068,True,False,True,2,49.31506849315068,Medium
REST_000765,كوفليت,restaurant,Unknown,24.8131505,46.6460734,Prince Faisal bin Fahd Stadium,7.999713221320555,Moderate,70,2034-06-10 13:00:00,2034,6,10,13,5,True,70,High,100.0,True,False,True,2,100.0,Medium
REST_001261,,fast_food,Unknown,24.7823987,46.6493481,Prince Faisal bin Fahd Stadium,6.332834573595611,Moderate,74,2034-06-18 12:00:00,2034,6,18,12,6,False,74,High,100.0,True,False,True,2,100.0,Medium
REST_000286,كودو,fast_food,Unknown,26.3963971,43.9255495,King Abdullah City Stadium,5.263804879077784,Moderate,74,2034-06-29 16:00:00,2034,6,29,16,3,False,23,Low,31.08108108108108,False,False,False,2,31.08108108108108,Medium
REST_000314,Kudu,restaurant,Unknown,24.7668483,46.7553554,Prince Faisal bin Fahd Stadium,4.513441563268799,Close,155,2034-07-14 20:00:00,2034,7,14,20,4,True,155,High,100.0,False,True,True,3,100.0,Large
REST_001041,مايسترو,restaurant,Unknown,21.5991497,39.1446547,King Abdullah Sports City,4.689150418406639,Close,61,2034-06-07 16:00:00,2034,6,7,16,2,False,61,High,100.0,False,False,False,3,100.0,Medium
REST_000144,,fast_food,Unknown,26.4554155,50.0889525,Prince Mohammed bin Fahd Stadium,3.8602173379676294,Close,71,2034-06-20 14:00:00,2034,6,20,14,1,False,60,High,84.50704225352112,True,False,True,3,84.50704225352112,Medium
REST_000169,مطعم البيت السوري,restaurant,Unknown,26.4416327,50.0771557,Prince Mohammed bin Fahd Stadium,2.600399165773961,Close,187,2034-06-01 17:00:00,2034,6,1,17,3,False,122,Medium,65.24064171122996,False,False,False,3,65.24064171122996,Large
REST_000110,,cafe,Unknown,26.4360953,50.1000639,Prince Mohammed bin Fahd Stadium,2.0465826208359315,Close,55,2034-06-27 08:00:00,2034,6,27,8,1,False,53,High,96.36363636363636,False,False,False,3,96.36363636363636,Medium
REST_000764,شاورمر Shawarmer,restaurant,Unknown,24.81146,46.6261625,Prince Faisal bin Fahd Stadium,9.627759340618688,Moderate,151,2034-06-02 22:00:00,2034,6,2,22,4,True,151,High,100.0,False,True,True,2,100.0,Large
REST_001041,مايسترو,restaurant,Unknown,21.5991497,39.1446547,King Abdullah Sports City,4.689150418406639,Close,61,2034-06-01 20:00:00,2034,6,1,20,3,False,61,High,100.0,False,True,True,3,100.0,Medium
REST_001141,فلافل عرفة,restaurant,Unknown,26.356933,43.9523422,King Abdullah City Stadium,1.7960470957293113,Very Close,143,2034-06-24 14:00:00,2034,6,24,14,5,True,108,Medium,75.52447552447552,True,False,True,4,75.52447552447552,Large
REST_000359,Urth Caffe,cafe,Unknown,24.7562198,46.6302112,Prince Faisal bin Fahd Stadium,8.341460675087477,Moderate,55,2034-07-07 13:00:00,2034,7,7,13,4,True,55,High,100.0,True,False,True,2,100.0,Medium
REST_000805,19th Century Burger,fast_food,Unknown,21.6419465,39.1300137,King Abdullah Sports City,2.1766029928096278,Close,36,2034-06-13 14:00:00,2034,6,13,14,1,False,36,High,100.0,True,False,True,3,100.0,Small
REST_000650,,restaurant,Unknown,24.7150349,46.6698149,King Fahd International Stadium,3.821735120478624,Close,75,2034-06-03 15:00:00,2034,6,3,15,5,True,42,Medium,56.00000000000001,False,False,False,3,56.00000000000001,Medium
REST_000682,ستاربكس,cafe,Unknown,21.5768392,39.1091898,King Abdullah Sports City,5.905807231835083,Moderate,24,2034-06-12 19:00:00,2034,6,12,19,0,False,24,High,100.0,False,True,True,2,100.0,Small
REST_000678,هرفي,fast_food,Unknown,24.5980523,46.684862,King Fahd International Stadium,9.569171453582342,Moderate,35,2034-06-06 11:00:00,2034,6,6,11,1,False,30,High,85.71428571428571,False,False,False,2,85.71428571428571,Small
REST_000144,,fast_food,Unknown,26.4554155,50.0889525,Prince Mohammed bin Fahd Stadium,3.8602173379676294,Close,71,2034-06-25 14:00:00,2034,6,25,14,6,False,54,Medium,76.05633802816901,True,False,True,3,76.05633802816901,Medium
REST_000658,,fast_food,Unknown,24.699565,46.6922968,King Fahd International Stadium,1.823231871559477,Very Close,43,2034-06-05 13:00:00,2034,6,5,13,0,False,43,High,100.0,True,False,True,4,100.0,Small
REST_001047,مطاعم الباهر,restaurant,Unknown,21.5850807,39.1597016,King Abdullah Sports City,6.894931529153274,Moderate,75,2034-07-02 16:00:00,2034,7,2,16,6,False,30,Low,40.0,False,False,False,2,40.0,Medium
REST_000769,مكشكش,restaurant,Unknown,24.8152251,46.6355218,Prince Faisal bin Fahd Stadium,9.01446420038041,Moderate,89,2034-06-11 19:00:00,2034,6,11,19,6,False,89,High,100.0,False,True,True,2,100.0,Medium
REST_000307,مطعم بيت السندباد,restaurant,Unknown,26.3570557,43.9522896,King Abdullah City Stadium,1.792025346765346,Very Close,50,2034-07-05 17:00:00,2034,7,5,17,2,False,50,High,100.0,False,False,False,4,100.0,Medium
REST_000339,كاشو,fast_food,Unknown,24.7804606,46.6633466,Prince Faisal bin Fahd Stadium,4.904334415073274,Close,54,2034-07-14 14:00:00,2034,7,14,14,4,True,54,High,100.0,True,False,True,3,100.0,Medium
REST_001448,رست كافيه,cafe,Unknown,26.3620002,43.9504049,King Abdullah City Stadium,1.7055086601993323,Very Close,53,2034-06-26 22:00:00,2034,6,26,22,0,False,53,High,100.0,False,True,True,4,100.0,Medium
REST_000705,,restaurant,Unknown,24.793833,46.6547551,Prince Faisal bin Fahd Stadium,6.179758496862934,Moderate,93,2034-06-19 08:00:00,2034,6,19,8,0,False,66,Medium,70.96774193548387,False,False,False,2,70.96774193548387,Medium
REST_000482,كيان,cafe,Unknown,21.5940752,39.1474478,King Abdullah Sports City,5.300598736968713,Moderate,48,2034-07-06 08:00:00,2034,7,6,8,3,False,18,Low,37.5,False,False,False,2,37.5,Small
REST_000363,Reyash,restaurant,Unknown,24.7045029,46.7019314,King Fahd International Stadium,2.764200338826347,Close,178,2034-07-01 18:00:00,2034,7,1,18,5,True,166,High,93.25842696629213,False,False,False,3,93.25842696629213,Large
REST_001033,San Carlo Cicchetti,restaurant,Unknown,21.5508639,39.1541335,King Abdullah Sports City,9.730942506545354,Moderate,83,2034-06-17 08:00:00,2034,6,17,8,5,True,48,Medium,57.831325301204814,False,False,False,2,57.831325301204814,Medium
REST_000568,Pasto Caldo,restaurant,Unknown,21.6270033,39.1107051,King Abdullah Sports City,0.4244642384363657,Very Close,102,2034-07-08 14:00:00,2034,7,8,14,5,True,102,High,100.0,True,False,True,4,100.0,Large
REST_001286,,cafe,Unknown,24.7680715,46.7152814,Prince Faisal bin Fahd Stadium,0.6067011476263072,Very Close,66,2034-06-07 14:00:00,2034,6,7,14,2,False,44,Medium,66.66666666666666,True,False,True,4,66.66666666666666,Medium
REST_000616,د.كيف,cafe,Unknown,24.847569,46.7336478,Prince Faisal bin Fahd Stadium,8.718994264118326,Moderate,80,2034-06-08 13:00:00,2034,6,8,13,3,False,39,Low,48.75,True,False,True,2,48.75,Medium
REST_001514,مطعم الدرة,restaurant,Unknown,26.3167846,43.945172,King Abdullah City Stadium,5.950488993521958,Moderate,97,2034-07-01 12:00:00,2034,7,1,12,5,True,55,Medium,56.70103092783505,True,False,True,2,56.70103092783505,Medium
REST_000639,Seatle's Best,cafe,Unknown,24.7672177,46.7557637,Prince Faisal bin Fahd Stadium,4.5494578002282235,Close,55,2034-06-09 08:00:00,2034,6,9,8,4,True,55,High,100.0,False,False,False,3,100.0,Medium
REST_001214,هرفي,fast_food,Unknown,24.6132011,46.6820093,King Fahd International Stadium,7.8955147635192136,Moderate,66,2034-07-06 16:00:00,2034,7,6,16,3,False,26,Low,39.39393939393939,False,False,False,2,39.39393939393939,Medium
REST_001020,كانتون,fast_food,Unknown,26.4036565,50.0573132,Prince Mohammed bin Fahd Stadium,3.663915326926866,Close,73,2034-06-14 19:00:00,2034,6,14,19,2,False,52,Medium,71.23287671232876,False,True,True,3,71.23287671232876,Medium
REST_001380,,restaurant,Unknown,21.7077244,39.1020064,King Abdullah Sports City,8.745821526203569,Moderate,102,2034-07-11 08:00:00,2034,7,11,8,1,False,44,Low,43.13725490196079,False,False,False,2,43.13725490196079,Large
REST_001335,,restaurant,Unknown,24.7987557,46.6663059,Prince Faisal bin Fahd Stadium,5.410669423428039,Moderate,70,2034-06-29 13:00:00,2034,6,29,13,3,False,42,Medium,60.0,True,False,True,2,60.0,Medium
REST_000078,,restaurant,Unknown,24.8172304,46.7756146,Prince Faisal bin Fahd Stadium,8.243163488733538,Moderate,154,2034-06-15 08:00:00,2034,6,15,8,3,False,128,High,83.11688311688312,False,False,False,2,83.11688311688312,Large
REST_000290,مطعم نايستي رويال,restaurant,Unknown,26.3759626,43.9827338,King Abdullah City Stadium,1.9006057710493627,Very Close,74,2034-06-04 15:00:00,2034,6,4,15,6,False,36,Low,48.64864864864865,False,False,False,4,48.64864864864865,Medium
REST_000645,,restaurant,Unknown,24.6552535,46.7440452,King Fahd International Stadium,6.6584500373935125,Moderate,164,2034-06-29 18:00:00,2034,6,29,18,3,False,83,Medium,50.609756097560975,False,False,False,2,50.609756097560975,Large
REST_000646,,fast_food,Unknown,24.6900265,46.6863838,King Fahd International Stadium,0.6590511171992249,Very Close,62,2034-06-03 08:00:00,2034,6,3,8,5,True,62,High,100.0,False,False,False,4,100.0,Medium
REST_001498,فرحات,restaurant,Unknown,26.396264,43.9496302,King Abdullah City Stadium,3.7011003387809818,Close,149,2034-06-08 08:00:00,2034,6,8,8,3,False,149,High,100.0,False,False,False,3,100.0,Large
REST_001422,,restaurant,Unknown,24.6983833,46.6873862,King Fahd International Stadium,1.5920170775778464,Very Close,84,2034-06-24 15:00:00,2034,6,24,15,5,True,84,High,100.0,False,False,False,4,100.0,Medium
REST_000596,دانكن دونتس,fast_food,Unknown,24.8185961,46.6866878,Prince Faisal bin Fahd Stadium,5.743140914582132,Moderate,48,2034-06-13 19:00:00,2034,6,13,19,1,False,30,Medium,62.5,False,True,True,2,62.5,Small
REST_000949,سالدوتش,fast_food,Unknown,24.6914219,46.7007083,King Fahd International Stadium,1.667899849851937,Very Close,45,2034-06-05 22:00:00,2034,6,5,22,0,False,45,High,100.0,False,True,True,4,100.0,Small
REST_001208,ركن الفلافل,restaurant,Unknown,21.6093627,39.1350133,King Abdullah Sports City,3.1796253596077135,Close,164,2034-06-03 09:00:00,2034,6,3,9,5,True,151,High,92.07317073170732,False,False,False,3,92.07317073170732,Large
REST_000395,Ulb,fast_food,Unknown,24.8445257,46.7571205,Prince Faisal bin Fahd Stadium,9.321237992116538,Moderate,66,2034-07-15 21:00:00,2034,7,15,21,5,True,66,High,100.0,False,True,True,2,100.0,Medium
REST_000977,مطعم حنيذ الجنوب-طيبة,restaurant,Unknown,26.359091,50.0437992,Prince Mohammed bin Fahd Stadium,8.186746687833677,Moderate,74,2034-06-13 22:00:00,2034,6,13,22,1,False,41,Medium,55.4054054054054,False,True,True,2,55.4054054054054,Medium
REST_000456,Hardee's,fast_food,Unknown,21.6094159,39.1336547,King Abdullah Sports City,3.0786744244796305,Close,46,2034-06-07 20:00:00,2034,6,7,20,2,False,46,High,100.0,False,True,True,3,100.0,Small
REST_000763,دونربير,restaurant,Unknown,24.8183863,46.6426174,Prince Faisal bin Fahd Stadium,8.623688215721925,Moderate,62,2034-06-01 13:00:00,2034,6,1,13,3,False,39,Medium,62.903225806451616,True,False,True,2,62.903225806451616,Medium
REST_000686,هارديز,fast_food,Unknown,24.5960543,46.6815841,King Fahd International Stadium,9.801830764937293,Moderate,43,2034-07-07 08:00:00,2034,7,7,8,4,True,21,Low,48.837209302325576,False,False,False,2,48.837209302325576,Small
REST_000635,,cafe,Unknown,21.5723976,39.1433779,King Abdullah Sports City,7.09101064382348,Moderate,83,2034-06-07 22:00:00,2034,6,7,22,2,False,41,Low,49.39759036144578,False,True,True,2,49.39759036144578,Medium
REST_000338,نقطة | قهوة مختصة,cafe,Unknown,24.7795758,46.6826275,Prince Faisal bin Fahd Stadium,2.988940800144785,Close,49,2034-06-08 17:00:00,2034,6,8,17,3,False,19,Low,38.775510204081634,False,False,False,3,38.775510204081634,Small
REST_000920,,restaurant,Unknown,24.7457208,46.6196273,King Fahd International Stadium,9.607457209008999,Moderate,154,2034-06-29 21:00:00,2034,6,29,21,3,False,96,Medium,62.33766233766234,False,True,True,2,62.33766233766234,Large
REST_001208,ركن الفلافل,restaurant,Unknown,21.6093627,39.1350133,King Abdullah Sports City,3.1796253596077135,Close,164,2034-07-04 16:00:00,2034,7,4,16,1,False,141,High,85.97560975609755,False,False,False,3,85.97560975609755,Large
REST_000593,,cafe,Unknown,21.595875,39.1553271,King Abdullah Sports City,5.738194662796841,Moderate,45,2034-06-13 13:00:00,2034,6,13,13,1,False,45,High,100.0,True,False,True,2,100.0,Small
REST_000568,Pasto Caldo,restaurant,Unknown,21.6270033,39.1107051,King Abdullah Sports City,0.4244642384363657,Very Close,102,2034-06-03 10:00:00,2034,6,3,10,5,True,84,High,82.35294117647058,False,False,False,4,82.35294117647058,Large
REST_000806,Al Dawar,restaurant,Unknown,21.6270091,39.1116324,King Abdullah Sports City,0.36547793463446343,Very Close,130,2034-06-08 08:00:00,2034,6,8,8,3,False,73,Medium,56.15384615384615,False,False,False,4,56.15384615384615,Large
REST_000307,مطعم بيت السندباد,restaurant,Unknown,26.3570557,43.9522896,King Abdullah City Stadium,1.792025346765346,Very Close,50,2034-07-13 19:00:00,2034,7,13,19,3,False,50,High,100.0,False,True,True,4,100.0,Medium
REST_000806,Al Dawar,restaurant,Unknown,21.6270091,39.1116324,King Abdullah Sports City,0.36547793463446343,Very Close,130,2034-06-19 19:00:00,2034,6,19,19,0,False,130,High,100.0,False,True,True,4,100.0,Large
REST_000038,مطعم السانية,restaurant,Unknown,26.4204967,50.0263476,Prince Mohammed bin Fahd Stadium,6.2191023829578125,Moderate,79,2034-06-17 13:00:00,2034,6,17,13,5,True,79,High,100.0,True,False,True,2,100.0,Medium
REST_001437,The Pizza Company,restaurant,Unknown,24.7026567,46.6799824,King Fahd International Stadium,2.159866708073871,Close,89,2034-06-19 15:00:00,2034,6,19,15,0,False,65,Medium,73.03370786516854,False,False,False,3,73.03370786516854,Medium
REST_000657,,restaurant,Unknown,24.6996722,46.6924899,King Fahd International Stadium,1.841013688108124,Very Close,80,2034-07-14 11:00:00,2034,7,14,11,4,True,80,High,100.0,False,False,False,4,100.0,Medium
REST_000803,Goodies,restaurant,Unknown,21.573008,39.1273857,King Abdullah Sports City,6.476101290694813,Moderate,152,2034-06-09 20:00:00,2034,6,9,20,4,True,140,High,92.10526315789474,False,True,True,2,92.10526315789474,Large
REST_001336,مطعم كمون البخاري,restaurant,Unknown,24.6851879,46.7667693,King Fahd International Stadium,8.131030996167413,Moderate,73,2034-06-03 15:00:00,2034,6,3,15,5,True,70,High,95.8904109589041,False,False,False,2,95.8904109589041,Medium
REST_000137,البخاري,restaurant,Unknown,26.4268519,50.0124603,Prince Mohammed bin Fahd Stadium,7.632476730856747,Moderate,52,2034-07-11 17:00:00,2034,7,11,17,1,False,25,Low,48.07692307692308,False,False,False,2,48.07692307692308,Medium
REST_000188,بيت الربيان,restaurant,Unknown,26.4592864,50.0869988,Prince Mohammed bin Fahd Stadium,4.294358112095671,Close,50,2034-07-09 20:00:00,2034,7,9,20,6,False,41,High,82.0,False,True,True,3,82.0,Medium
REST_001469,ماكدونالدز,fast_food,Unknown,26.3643605,43.9361055,King Abdullah City Stadium,3.0591597290519763,Close,34,2034-07-03 10:00:00,2034,7,3,10,0,False,33,High,97.05882352941177,False,False,False,3,97.05882352941177,Small
REST_001035,San Carlo Cicchetti,restaurant,Unknown,24.7012182,46.705378,King Fahd International Stadium,2.7088790925678645,Close,155,2034-07-01 13:00:00,2034,7,1,13,5,True,155,High,100.0,True,False,True,3,100.0,Large
REST_000658,,fast_food,Unknown,24.699565,46.6922968,King Fahd International Stadium,1.823231871559477,Very Close,43,2034-07-02 09:00:00,2034,7,2,9,6,False,30,Medium,69.76744186046511,False,False,False,4,69.76744186046511,Small
REST_001286,,cafe,Unknown,24.7680715,46.7152814,Prince Faisal bin Fahd Stadium,0.6067011476263072,Very Close,66,2034-06-21 09:00:00,2034,6,21,9,2,False,66,High,100.0,False,False,False,4,100.0,Medium
REST_000954,البيك,fast_food,Unknown,21.628698,39.1355166,King Abdullah Sports City,2.2790538446903583,Close,57,2034-06-09 10:00:00,2034,6,9,10,4,True,57,High,100.0,False,False,False,3,100.0,Medium
REST_000413,مطعم هرفي,fast_food,Unknown,26.4158129,43.9151372,King Abdullah City Stadium,7.4967909735605245,Moderate,77,2034-06-16 09:00:00,2034,6,16,9,4,True,30,Low,38.961038961038966,False,False,False,2,38.961038961038966,Medium
REST_001374,باسكن روبنز,cafe,Unknown,24.6896202,46.7332326,King Fahd International Stadium,4.781266262286317,Close,64,2034-07-12 19:00:00,2034,7,12,19,2,False,64,High,100.0,False,True,True,3,100.0,Medium
REST_000774,جافا كافيه,cafe,Unknown,24.8110417,46.6473017,Prince Faisal bin Fahd Stadium,7.76466590353739,Moderate,26,2034-06-18 18:00:00,2034,6,18,18,6,False,17,Medium,65.38461538461539,False,False,False,2,65.38461538461539,Small
REST_000139,مطعم خاروف الشيف,restaurant,Unknown,26.4559509,50.0967949,Prince Mohammed bin Fahd Stadium,3.9997320537122887,Close,140,2034-06-06 09:00:00,2034,6,6,9,1,False,101,Medium,72.14285714285714,False,False,False,3,72.14285714285714,Large
REST_000336,شاورمر,fast_food,Unknown,24.8114498,46.6261347,Prince Faisal bin Fahd Stadium,9.629738008464582,Moderate,36,2034-06-05 16:00:00,2034,6,5,16,0,False,24,Medium,66.66666666666666,False,False,False,2,66.66666666666666,Small
REST_001087,كانتون,fast_food,Unknown,24.6914305,46.6698724,King Fahd International Stadium,1.8490613927145279,Very Close,77,2034-07-06 12:00:00,2034,7,6,12,3,False,77,High,100.0,True,False,True,4,100.0,Medium
REST_000546,,cafe,Unknown,21.6022247,39.107528,King Abdullah Sports City,3.1277652283271515,Close,55,2034-06-08 16:00:00,2034,6,8,16,3,False,55,High,100.0,False,False,False,3,100.0,Medium
REST_000179,مطابخ الانصار,restaurant,Unknown,26.3941641,50.0277195,Prince Mohammed bin Fahd Stadium,6.760989474154515,Moderate,124,2034-06-02 17:00:00,2034,6,2,17,4,True,93,Medium,75.0,False,False,False,2,75.0,Large
REST_000069,cloud9coffee,cafe,Unknown,21.5595812,39.1333432,King Abdullah Sports City,8.073010297782776,Moderate,59,2034-06-10 21:00:00,2034,6,10,21,5,True,59,High,100.0,False,True,True,2,100.0,Medium
REST_000119,,fast_food,Unknown,26.4141354,50.1200705,Prince Mohammed bin Fahd Stadium,3.1984367415473387,Close,69,2034-06-20 11:00:00,2034,6,20,11,1,False,69,High,100.0,False,False,False,3,100.0,Medium
REST_000677,Malaga Specialty Coffee - مالقه قهوة مختصه,cafe,Unknown,21.699561,39.1051823,King Abdullah Sports City,7.804547005035386,Moderate,26,2034-07-10 21:00:00,2034,7,10,21,0,False,12,Low,46.15384615384615,False,True,True,2,46.15384615384615,Small
REST_000681,فلافل الشام,restaurant,Unknown,21.5935782,39.1683551,King Abdullah Sports City,6.9555981877302075,Moderate,180,2034-06-01 13:00:00,2034,6,1,13,3,False,131,Medium,72.77777777777777,True,False,True,2,72.77777777777777,Large
REST_000772,مطعم القصر للمشويات العراقية,restaurant,Unknown,24.8171188,46.6442025,Prince Faisal bin Fahd Stadium,8.411176395526743,Moderate,144,2034-06-25 17:00:00,2034,6,25,17,6,False,106,Medium,73.61111111111111,False,False,False,2,73.61111111111111,Large
REST_000756,Le Comptoir de Nicole,restaurant,Unknown,21.6534671,39.1025296,King Abdullah Sports City,2.8655347182268214,Close,79,2034-06-06 15:00:00,2034,6,6,15,1,False,53,Medium,67.08860759493672,False,False,False,3,67.08860759493672,Medium
REST_000341,Shimmers,restaurant,Unknown,24.7670034,46.6593779,Prince Faisal bin Fahd Stadium,5.240392972922303,Moderate,64,2034-06-12 13:00:00,2034,6,12,13,0,False,64,High,100.0,True,False,True,2,100.0,Medium
REST_000059,كافيه دي جاردن,cafe,Unknown,24.802743,46.7165124,Prince Faisal bin Fahd Stadium,3.4744386588744103,Close,77,2034-06-05 22:00:00,2034,6,5,22,0,False,77,High,100.0,False,True,True,3,100.0,Medium
REST_000045,Golden Palace Chinese Restaurant,restaurant,Unknown,21.5566055,39.1691506,King Abdullah Sports City,9.96729911629322,Moderate,98,2034-06-19 10:00:00,2034,6,19,10,0,False,81,High,82.6530612244898,False,False,False,2,82.6530612244898,Medium
REST_000477,Italian,restaurant,Unknown,24.7707353,46.6720081,Prince Faisal bin Fahd Stadium,3.938891701818023,Close,79,2034-06-25 22:00:00,2034,6,25,22,6,False,79,High,100.0,False,True,True,3,100.0,Medium
REST_000967,شاورما جساس,fast_food,Unknown,21.6325188,39.1551692,King Abdullah Sports City,4.317698316997511,Close,31,2034-06-21 13:00:00,2034,6,21,13,2,False,31,High,100.0,True,False,True,3,100.0,Small
REST_000457,دانكن دونتس,fast_food,Unknown,24.6807131,46.6945961,King Fahd International Stadium,0.9189211472499675,Very Close,52,2034-06-02 13:00:00,2034,6,2,13,4,True,52,High,100.0,True,False,True,4,100.0,Medium
REST_001049,اوشيانا,cafe,Unknown,26.478559,50.1176721,Prince Mohammed bin Fahd Stadium,7.046533740788223,Moderate,72,2034-06-09 20:00:00,2034,6,9,20,4,True,57,Medium,79.16666666666666,False,True,True,2,79.16666666666666,Medium
REST_000306,الناضج,restaurant,Unknown,26.3582887,43.948908,King Abdullah City Stadium,2.004246793354236,Close,50,2034-07-01 08:00:00,2034,7,1,8,5,True,23,Low,46.0,False,False,False,3,46.0,Medium
REST_001028,Crazy Pizza,restaurant,Unknown,24.6752569,46.6249792,King Fahd International Stadium,6.273273163013817,Moderate,91,2034-07-08 18:00:00,2034,7,8,18,5,True,91,High,100.0,False,False,False,2,100.0,Medium
REST_000429,,cafe,Unknown,21.614964,39.153345,King Abdullah Sports City,4.4368840980897195,Close,23,2034-06-18 11:00:00,2034,6,18,11,6,False,13,Medium,56.52173913043478,False,False,False,3,56.52173913043478,Small
REST_001415,Kudu,fast_food,Unknown,24.6987643,46.6901893,King Fahd International Stadium,1.677270544022254,Very Close,59,2034-07-12 12:00:00,2034,7,12,12,2,False,59,High,100.0,True,False,True,4,100.0,Medium
REST_001570,,cafe,Unknown,24.7941063,46.6554261,Prince Faisal bin Fahd Stadium,6.1297478461302,Moderate,22,2034-07-04 09:00:00,2034,7,4,9,1,False,17,Medium,77.27272727272727,False,False,False,2,77.27272727272727,Small
REST_000752,اليجرو,cafe,Unknown,24.8105987,46.6473842,Prince Faisal bin Fahd Stadium,7.7302515093621835,Moderate,84,2034-07-12 19:00:00,2034,7,12,19,2,False,84,High,100.0,False,True,True,2,100.0,Medium
REST_000796,دانكن دونتس,fast_food,Unknown,21.5886282,39.1435931,King Abdullah Sports City,5.535106240925386,Moderate,78,2034-06-07 14:00:00,2034,6,7,14,2,False,72,High,92.3076923076923,True,False,True,2,92.3076923076923,Medium
REST_000655,Gulf Royal Chinese Restaurant,restaurant,Unknown,24.7028885,46.6811631,King Fahd International Stadium,2.1526778037766414,Close,102,2034-06-06 15:00:00,2034,6,6,15,1,False,74,Medium,72.54901960784314,False,False,False,3,72.54901960784314,Large
REST_000363,Reyash,restaurant,Unknown,24.7045029,46.7019314,King Fahd International Stadium,2.764200338826347,Close,178,2034-06-29 17:00:00,2034,6,29,17,3,False,110,Medium,61.79775280898876,False,False,False,3,61.79775280898876,Large
REST_000407,Chkn,fast_food,Unknown,24.8453094,46.7582844,Prince Faisal bin Fahd Stadium,9.455576825942822,Moderate,50,2034-06-04 22:00:00,2034,6,4,22,6,False,24,Low,48.0,False,True,True,2,48.0,Medium
REST_000950,سالدوتش,fast_food,Unknown,24.7449215,46.7560798,Prince Faisal bin Fahd Stadium,5.451508723546728,Moderate,49,2034-06-04 19:00:00,2034,6,4,19,6,False,32,Medium,65.3061224489796,False,True,True,2,65.3061224489796,Small
REST_000643,,restaurant,Unknown,24.7002665,46.6916452,King Fahd International Stadium,1.8769919381494418,Very Close,72,2034-06-13 08:00:00,2034,6,13,8,1,False,72,High,100.0,False,False,False,4,100.0,Medium
REST_000431,,restaurant,Unknown,21.5934705,39.1460582,King Abdullah Sports City,5.258085772146678,Moderate,107,2034-06-14 10:00:00,2034,6,14,10,2,False,33,Low,30.8411214953271,False,False,False,2,30.8411214953271,Large
REST_001249,Bukhara Alhara,fast_food,Unknown,24.7670622,46.707419,Prince Faisal bin Fahd Stadium,0.6481518912623792,Very Close,73,2034-07-05 21:00:00,2034,7,5,21,2,False,73,High,100.0,False,True,True,4,100.0,Medium
REST_000640,Al Rabe'a,restaurant,Unknown,24.6975196,46.7805034,King Fahd International Stadium,9.63353899962464,Moderate,118,2034-06-29 14:00:00,2034,6,29,14,3,False,75,Medium,63.559322033898304,True,False,True,2,63.559322033898304,Large
REST_000119,,fast_food,Unknown,26.4141354,50.1200705,Prince Mohammed bin Fahd Stadium,3.1984367415473387,Close,69,2034-07-04 20:00:00,2034,7,4,20,1,False,69,High,100.0,False,True,True,3,100.0,Medium
REST_001263,,fast_food,Unknown,24.7854912,46.6456646,Prince Faisal bin Fahd Stadium,6.767018148103183,Moderate,60,2034-07-14 09:00:00,2034,7,14,9,4,True,39,Medium,65.0,False,False,False,2,65.0,Medium
REST_001419,,restaurant,Unknown,24.6976718,46.6875901,King Fahd International Stadium,1.514733255482438,Very Close,67,2034-07-03 18:00:00,2034,7,3,18,0,False,46,Medium,68.65671641791045,False,False,False,4,68.65671641791045,Medium
REST_001471,كودو,fast_food,Unknown,26.3674717,43.9620048,King Abdullah City Stadium,0.4755740798475391,Very Close,79,2034-07-07 18:00:00,2034,7,7,18,4,True,57,Medium,72.15189873417721,False,False,False,4,72.15189873417721,Medium
REST_000113,jofrys cafe,cafe,Unknown,26.4555158,50.1213443,Prince Mohammed bin Fahd Stadium,5.048444618094335,Moderate,94,2034-06-30 21:00:00,2034,6,30,21,4,True,92,High,97.87234042553192,False,True,True,2,97.87234042553192,Medium
REST_000167,Kudu,restaurant,Unknown,26.4508454,50.118796,Prince Mohammed bin Fahd Stadium,4.489541804088695,Close,64,2034-07-02 10:00:00,2034,7,2,10,6,False,54,High,84.375,False,False,False,3,84.375,Medium
REST_001331,,restaurant,Unknown,24.8072019,46.7805878,Prince Faisal bin Fahd Stadium,8.047144803866747,Moderate,87,2034-07-04 15:00:00,2034,7,4,15,1,False,71,High,81.60919540229885,False,False,False,2,81.60919540229885,Medium
REST_001141,فلافل عرفة,restaurant,Unknown,26.356933,43.9523422,King Abdullah City Stadium,1.7960470957293113,Very Close,143,2034-06-29 11:00:00,2034,6,29,11,3,False,136,High,95.1048951048951,False,False,False,4,95.1048951048951,Large
REST_000743,ماكدونالدز,fast_food,Unknown,26.4344964,50.085207,Prince Mohammed bin Fahd Stadium,1.5752561988810607,Very Close,75,2034-07-06 09:00:00,2034,7,6,9,3,False,72,High,96.0,False,False,False,4,96.0,Medium
REST_001093,كانتون,fast_food,Unknown,26.4549221,50.1213564,Prince Mohammed bin Fahd Stadium,4.998786870689678,Close,39,2034-06-19 11:00:00,2034,6,19,11,0,False,39,High,100.0,False,False,False,3,100.0,Small
REST_001284,Mensa,restaurant,Unknown,24.8095361,46.7072218,Prince Faisal bin Fahd Stadium,4.202287209804109,Close,131,2034-06-11 09:00:00,2034,6,11,9,6,False,50,Low,38.16793893129771,False,False,False,3,38.16793893129771,Large
REST_000593,,cafe,Unknown,21.595875,39.1553271,King Abdullah Sports City,5.738194662796841,Moderate,45,2034-06-25 12:00:00,2034,6,25,12,6,False,19,Low,42.22222222222222,True,False,True,2,42.22222222222222,Small
REST_001381,Abu zaid,restaurant,Unknown,21.7087895,39.1030025,King Abdullah Sports City,8.849966247534358,Moderate,60,2034-06-25 10:00:00,2034,6,25,10,6,False,45,Medium,75.0,False,False,False,2,75.0,Medium
REST_000922,Gold Sushi Club,restaurant,Unknown,24.7527335,46.6249425,Prince Faisal bin Fahd Stadium,8.946847548140124,Moderate,186,2034-06-15 13:00:00,2034,6,15,13,3,False,92,Low,49.46236559139785,True,False,True,2,49.46236559139785,Large
REST_000142,,restaurant,Unknown,26.4433236,50.09398,Prince Mohammed bin Fahd Stadium,2.5679599914778457,Close,138,2034-06-23 13:00:00,2034,6,23,13,4,True,128,High,92.7536231884058,True,False,True,3,92.7536231884058,Large
REST_001395,برغرايزر,fast_food,Unknown,24.8060276,46.6928535,Prince Faisal bin Fahd Stadium,4.2138337701856985,Close,45,2034-06-27 19:00:00,2034,6,27,19,1,False,45,High,100.0,False,True,True,3,100.0,Small
REST_000333,بيتزا هت,restaurant,Unknown,24.8004341,46.7399092,Prince Faisal bin Fahd Stadium,4.310936884667517,Close,139,2034-06-14 13:00:00,2034,6,14,13,2,False,139,High,100.0,True,False,True,3,100.0,Large
REST_000616,د.كيف,cafe,Unknown,24.847569,46.7336478,Prince Faisal bin Fahd Stadium,8.718994264118326,Moderate,80,2034-06-21 21:00:00,2034,6,21,21,2,False,62,Medium,77.5,False,True,True,2,77.5,Medium
REST_001334,bof - بوف,restaurant,Unknown,24.7501152,46.722583,Prince Faisal bin Fahd Stadium,2.689923954504478,Close,66,2034-06-16 13:00:00,2034,6,16,13,4,True,66,High,100.0,True,False,True,3,100.0,Medium
REST_000120,طيف ماضينا,restaurant,Unknown,26.40684,50.107802,Prince Mohammed bin Fahd Stadium,2.4405236711242657,Close,78,2034-06-10 16:00:00,2034,6,10,16,5,True,62,Medium,79.48717948717949,False,False,False,3,79.48717948717949,Medium
REST_001466,الرومانسية,restaurant,Unknown,26.366117,43.9424868,King Abdullah City Stadium,2.413173240425537,Close,99,2034-06-19 11:00:00,2034,6,19,11,0,False,84,High,84.84848484848484,False,False,False,3,84.84848484848484,Medium
REST_001282,,restaurant,Unknown,24.7815563,46.6973544,Prince Faisal bin Fahd Stadium,1.7466583320160158,Very Close,109,2034-07-13 20:00:00,2034,7,13,20,3,False,109,High,100.0,False,True,True,4,100.0,Large
REST_001457,ديل برجر,restaurant,Unknown,26.3926371,43.9203766,King Abdullah City Stadium,5.441693716202213,Moderate,167,2034-06-12 20:00:00,2034,6,12,20,0,False,167,High,100.0,False,True,True,2,100.0,Large
REST_000694,دانكن دونتس,fast_food,Unknown,24.664282,46.6825235,King Fahd International Stadium,2.2364548860730262,Close,76,2034-07-08 21:00:00,2034,7,8,21,5,True,76,High,100.0,False,True,True,3,100.0,Medium
REST_000298,تشيز برقر,fast_food,Unknown,26.3906432,43.9182763,King Abdullah City Stadium,5.509759371692815,Moderate,54,2034-06-06 20:00:00,2034,6,6,20,1,False,49,High,90.74074074074075,False,True,True,2,90.74074074074075,Medium
REST_000965,Nano Kitchen,restaurant,Unknown,24.7340037,46.6974471,Prince Faisal bin Fahd Stadium,4.43054027730751,Close,112,2034-06-25 13:00:00,2034,6,25,13,6,False,96,High,85.71428571428571,True,False,True,3,85.71428571428571,Large
REST_001468,اكلات جدودنا,restaurant,Unknown,26.3707036,43.923929,King Abdullah City Stadium,4.284278486583965,Close,140,2034-06-11 19:00:00,2034,6,11,19,6,False,140,High,100.0,False,True,True,3,100.0,Large
REST_001205,مطعم فلفلة,restaurant,Unknown,26.3506278,50.0511467,Prince Mohammed bin Fahd Stadium,8.64741469840064,Moderate,55,2034-06-12 22:00:00,2034,6,12,22,0,False,46,High,83.63636363636363,False,True,True,2,83.63636363636363,Medium
REST_001433,شوكليت ايتالياني,restaurant,Unknown,24.6969313,46.6858361,King Fahd International Stadium,1.4275450174103979,Very Close,157,2034-06-25 15:00:00,2034,6,25,15,6,False,157,High,100.0,False,False,False,4,100.0,Large
REST_001087,كانتون,fast_food,Unknown,24.6914305,46.6698724,King Fahd International Stadium,1.8490613927145279,Very Close,77,2034-06-08 20:00:00,2034,6,8,20,3,False,77,High,100.0,False,True,True,4,100.0,Medium
REST_001513,بيت البيتزا,restaurant,Unknown,26.3273711,43.9522093,King Abdullah City Stadium,4.605381954824378,Close,95,2034-06-27 19:00:00,2034,6,27,19,1,False,95,High,100.0,False,True,True,3,100.0,Medium
REST_000618,,cafe,Unknown,21.5985513,39.1237252,King Abdullah Sports City,3.631922233509138,Close,95,2034-07-03 08:00:00,2034,7,3,8,0,False,40,Low,42.10526315789473,False,False,False,3,42.10526315789473,Medium
REST_001396,روزاليا برجر,fast_food,Unknown,24.8060683,46.6928391,Prince Faisal bin Fahd Stadium,4.218541253442646,Close,43,2034-06-15 20:00:00,2034,6,15,20,3,False,43,High,100.0,False,True,True,3,100.0,Small
REST_000939,,restaurant,Unknown,24.6495878,46.7065663,King Fahd International Stadium,4.349808103745881,Close,127,2034-07-14 17:00:00,2034,7,14,17,4,True,127,High,100.0,False,False,False,3,100.0,Large
REST_000111,جوفريز,cafe,Unknown,26.4105221,50.1034215,Prince Mohammed bin Fahd Stadium,1.8441787312810132,Very Close,89,2034-06-02 16:00:00,2034,6,2,16,4,True,89,High,100.0,False,False,False,4,100.0,Medium
REST_000662,,restaurant,Unknown,21.5938365,39.1310084,King Abdullah Sports City,4.389499925790339,Close,172,2034-06-20 22:00:00,2034,6,20,22,1,False,172,High,100.0,False,True,True,3,100.0,Large
REST_000685,مطعم تاكسي,fast_food,Unknown,24.5977115,46.6843568,King Fahd International Stadium,9.607970430368933,Moderate,45,2034-07-07 17:00:00,2034,7,7,17,4,True,20,Low,44.44444444444444,False,False,False,2,44.44444444444444,Small
REST_000403,Tiko,fast_food,Unknown,24.7439764,46.6214222,King Fahd International Stadium,9.342068256175649,Moderate,68,2034-06-24 20:00:00,2034,6,24,20,5,True,63,High,92.64705882352942,False,True,True,2,92.64705882352942,Medium
REST_000115,مطعم راعيها للاسماك,restaurant,Unknown,26.4212605,50.1162703,Prince Mohammed bin Fahd Stadium,2.7362159034590707,Close,56,2034-06-13 12:00:00,2034,6,13,12,1,False,34,Medium,60.71428571428571,True,False,True,3,60.71428571428571,Medium
REST_000168,,restaurant,Unknown,26.4489936,50.1183693,Prince Mohammed bin Fahd Stadium,4.308842021998596,Close,159,2034-06-11 08:00:00,2034,6,11,8,6,False,80,Medium,50.314465408805034,False,False,False,3,50.314465408805034,Large
REST_001448,رست كافيه,cafe,Unknown,26.3620002,43.9504049,King Abdullah City Stadium,1.7055086601993323,Very Close,53,2034-07-02 08:00:00,2034,7,2,8,6,False,53,High,100.0,False,False,False,4,100.0,Medium
REST_000535,,cafe,Unknown,26.4494409,50.0883834,Prince Mohammed bin Fahd Stadium,3.19611144997641,Close,34,2034-06-04 08:00:00,2034,6,4,8,6,False,19,Medium,55.88235294117647,False,False,False,3,55.88235294117647,Small
REST_000761,دانا كافيه,cafe,Unknown,24.7984163,46.6424103,Prince Faisal bin Fahd Stadium,7.525909337719232,Moderate,78,2034-06-01 18:00:00,2034,6,1,18,3,False,48,Medium,61.53846153846154,False,False,False,2,61.53846153846154,Medium
REST_000333,بيتزا هت,restaurant,Unknown,24.8004341,46.7399092,Prince Faisal bin Fahd Stadium,4.310936884667517,Close,139,2034-06-02 20:00:00,2034,6,2,20,4,True,139,High,100.0,False,True,True,3,100.0,Large
REST_000635,,cafe,Unknown,21.5723976,39.1433779,King Abdullah Sports City,7.09101064382348,Moderate,83,2034-06-16 14:00:00,2034,6,16,14,4,True,42,Medium,50.602409638554214,True,False,True,2,50.602409638554214,Medium
REST_001449,خدير,cafe,Unknown,26.3753102,43.982523,King Abdullah City Stadium,1.844314671918282,Very Close,71,2034-07-12 19:00:00,2034,7,12,19,2,False,52,Medium,73.23943661971832,False,True,True,4,73.23943661971832,Medium
REST_001339,سستوريا,restaurant,Unknown,24.8149496,46.6348677,Prince Faisal bin Fahd Stadium,9.054114943469786,Moderate,141,2034-06-03 17:00:00,2034,6,3,17,5,True,127,High,90.0709219858156,False,False,False,2,90.0709219858156,Large
REST_000756,Le Comptoir de Nicole,restaurant,Unknown,21.6534671,39.1025296,King Abdullah Sports City,2.8655347182268214,Close,79,2034-06-02 21:00:00,2034,6,2,21,4,True,79,High,100.0,False,True,True,3,100.0,Medium
REST_000681,فلافل الشام,restaurant,Unknown,21.5935782,39.1683551,King Abdullah Sports City,6.9555981877302075,Moderate,180,2034-06-27 11:00:00,2034,6,27,11,1,False,65,Low,36.11111111111111,False,False,False,2,36.11111111111111,Large
REST_000619,Java Cafe,cafe,Unknown,24.6883445,46.7185334,King Fahd International Stadium,3.290648674299839,Close,74,2034-06-20 14:00:00,2034,6,20,14,1,False,74,High,100.0,True,False,True,3,100.0,Medium
REST_001412,,cafe,Unknown,24.7078801,46.6747489,King Fahd International Stadium,2.890276620829415,Close,47,2034-06-23 15:00:00,2034,6,23,15,4,True,40,High,85.1063829787234,False,False,False,3,85.1063829787234,Small
REST_000441,Starbucks,cafe,Unknown,26.4539347,50.1205844,Prince Mohammed bin Fahd Stadium,4.865387943686088,Close,27,2034-06-17 08:00:00,2034,6,17,8,5,True,27,High,100.0,False,False,False,3,100.0,Small
REST_000756,Le Comptoir de Nicole,restaurant,Unknown,21.6534671,39.1025296,King Abdullah Sports City,2.8655347182268214,Close,79,2034-06-14 11:00:00,2034,6,14,11,2,False,45,Medium,56.9620253164557,False,False,False,3,56.9620253164557,Medium
REST_001245,مطعم فول وعدس,restaurant,Unknown,24.7090425,46.6795473,King Fahd International Stadium,2.8561454670752604,Close,97,2034-07-01 20:00:00,2034,7,1,20,5,True,97,High,100.0,False,True,True,3,100.0,Medium
REST_000641,Steak House,restaurant,Unknown,21.5749298,39.1273211,King Abdullah Sports City,6.26637393661906,Moderate,199,2034-07-10 17:00:00,2034,7,10,17,0,False,148,Medium,74.37185929648241,False,False,False,2,74.37185929648241,Large
REST_000770,,restaurant,Unknown,24.815748,46.6372085,Prince Faisal bin Fahd Stadium,8.902716683396301,Moderate,103,2034-07-12 22:00:00,2034,7,12,22,2,False,103,High,100.0,False,True,True,2,100.0,Large
REST_001212,Urth Caffe,cafe,Unknown,24.6749932,46.6246864,King Fahd International Stadium,6.3071408996924445,Moderate,45,2034-07-03 18:00:00,2034,7,3,18,0,False,28,Medium,62.22222222222222,False,False,False,2,62.22222222222222,Small
REST_001423,Shiraz Restaurant (Iranian),restaurant,Unknown,24.7014755,46.6916745,King Fahd International Stadium,2.0069137128661634,Close,95,2034-06-14 14:00:00,2034,6,14,14,2,False,52,Medium,54.736842105263165,True,False,True,3,54.736842105263165,Medium
REST_001469,ماكدونالدز,fast_food,Unknown,26.3643605,43.9361055,King Abdullah City Stadium,3.0591597290519763,Close,34,2034-07-11 14:00:00,2034,7,11,14,1,False,29,High,85.29411764705883,True,False,True,3,85.29411764705883,Small
REST_000049,كودو,fast_food,Unknown,24.781792,46.7316492,Prince Faisal bin Fahd Stadium,2.3571051007927797,Close,69,2034-06-29 16:00:00,2034,6,29,16,3,False,63,High,91.30434782608695,False,False,False,3,91.30434782608695,Medium
REST_000319,مطعم الخروف للمأكولات الكويتية,restaurant,Unknown,24.805779,46.6605281,Prince Faisal bin Fahd Stadium,6.336535466410876,Moderate,173,2034-06-09 21:00:00,2034,6,9,21,4,True,115,Medium,66.47398843930635,False,True,True,2,66.47398843930635,Large
REST_000915,Dhahia Juice,fast_food,Unknown,24.8393628,46.732541,Prince Faisal bin Fahd Stadium,7.810262697915714,Moderate,69,2034-06-22 11:00:00,2034,6,22,11,3,False,22,Low,31.88405797101449,False,False,False,2,31.88405797101449,Medium
REST_000670,Starbucks,cafe,Unknown,21.7020283,39.1053149,King Abdullah Sports City,8.075838318376288,Moderate,99,2034-06-30 14:00:00,2034,6,30,14,4,True,99,High,100.0,True,False,True,2,100.0,Medium
REST_000646,,fast_food,Unknown,24.6900265,46.6863838,King Fahd International Stadium,0.6590511171992249,Very Close,62,2034-06-22 12:00:00,2034,6,22,12,3,False,62,High,100.0,True,False,True,4,100.0,Medium
REST_000340,,restaurant,Unknown,24.7673823,46.6597538,Prince Faisal bin Fahd Stadium,5.198398854591871,Moderate,160,2034-06-13 17:00:00,2034,6,13,17,1,False,105,Medium,65.625,False,False,False,2,65.625,Large
REST_001209,نان,restaurant,Unknown,21.5773289,39.1272551,King Abdullah Sports City,6.005319889508415,Moderate,155,2034-06-15 13:00:00,2034,6,15,13,3,False,117,Medium,75.48387096774194,True,False,True,2,75.48387096774194,Large
REST_000574,عمو نبيل للمأكولات البحرية,restaurant,Unknown,21.5867638,39.1575781,King Abdullah Sports City,6.607926746952486,Moderate,156,2034-06-29 19:00:00,2034,6,29,19,3,False,147,High,94.23076923076923,False,True,True,2,94.23076923076923,Large
REST_000118,,fast_food,Unknown,26.4142195,50.1199565,Prince Mohammed bin Fahd Stadium,3.185255167118252,Close,31,2034-07-03 19:00:00,2034,7,3,19,0,False,31,High,100.0,False,True,True,3,100.0,Small
REST_000915,Dhahia Juice,fast_food,Unknown,24.8393628,46.732541,Prince Faisal bin Fahd Stadium,7.810262697915714,Moderate,69,2034-06-15 21:00:00,2034,6,15,21,3,False,69,High,100.0,False,True,True,2,100.0,Medium
REST_000773,ديوان القرية,cafe,Unknown,24.8170503,46.6442351,Prince Faisal bin Fahd Stadium,8.40398756253882,Moderate,58,2034-06-12 08:00:00,2034,6,12,8,0,False,38,Medium,65.51724137931035,False,False,False,2,65.51724137931035,Medium
REST_000119,,fast_food,Unknown,26.4141354,50.1200705,Prince Mohammed bin Fahd Stadium,3.1984367415473387,Close,69,2034-06-01 14:00:00,2034,6,1,14,3,False,52,Medium,75.36231884057972,True,False,True,3,75.36231884057972,Medium
REST_000788,رونه للقهوة المختصة | الشاطئ,cafe,Unknown,21.6023188,39.1083762,King Abdullah Sports City,3.1013357493641704,Close,38,2034-06-11 21:00:00,2034,6,11,21,6,False,37,High,97.36842105263158,False,True,True,3,97.36842105263158,Small
REST_001087,كانتون,fast_food,Unknown,24.6914305,46.6698724,King Fahd International Stadium,1.8490613927145279,Very Close,77,2034-06-06 11:00:00,2034,6,6,11,1,False,36,Low,46.75324675324675,False,False,False,4,46.75324675324675,Medium
REST_000122,دلع بطنك الدمام,restaurant,Unknown,26.4369935,50.084037,Prince Mohammed bin Fahd Stadium,1.8728016672082712,Very Close,121,2034-06-05 12:00:00,2034,6,5,12,0,False,121,High,100.0,True,False,True,4,100.0,Large
REST_001135,كانتون,fast_food,Unknown,21.6321162,39.1554527,King Abdullah Sports City,4.344052787106037,Close,49,2034-06-08 15:00:00,2034,6,8,15,3,False,35,Medium,71.42857142857143,False,False,False,3,71.42857142857143,Small
REST_001228,الطازج,fast_food,Unknown,24.7561287,46.6561546,Prince Faisal bin Fahd Stadium,5.8087604809389175,Moderate,46,2034-06-28 09:00:00,2034,6,28,9,2,False,21,Low,45.65217391304348,False,False,False,2,45.65217391304348,Small
REST_000925,جافا تايم,cafe,Unknown,24.7468121,46.6549157,Prince Faisal bin Fahd Stadium,6.312835867432516,Moderate,44,2034-07-08 12:00:00,2034,7,8,12,5,True,44,High,100.0,True,False,True,2,100.0,Small
REST_000502,سمكة حرة,restaurant,Unknown,21.5809069,39.1603235,King Abdullah Sports City,7.279425720687104,Moderate,72,2034-06-13 20:00:00,2034,6,13,20,1,False,60,High,83.33333333333334,False,True,True,2,83.33333333333334,Medium
REST_000335,بيتزاهت,restaurant,Unknown,24.7953067,46.7424813,Prince Faisal bin Fahd Stadium,4.107885037850816,Close,126,2034-07-06 22:00:00,2034,7,6,22,3,False,126,High,100.0,False,True,True,3,100.0,Large
REST_000615,دانكن دونتس,fast_food,Unknown,24.8469814,46.7334068,Prince Faisal bin Fahd Stadium,8.649568040622029,Moderate,69,2034-06-09 12:00:00,2034,6,9,12,4,True,69,High,100.0,True,False,True,2,100.0,Medium
REST_000119,,fast_food,Unknown,26.4141354,50.1200705,Prince Mohammed bin Fahd Stadium,3.1984367415473387,Close,69,2034-06-19 09:00:00,2034,6,19,9,0,False,35,Medium,50.72463768115942,False,False,False,3,50.72463768115942,Medium
REST_001105,كانتون,fast_food,Unknown,24.758633,46.7144332,Prince Faisal bin Fahd Stadium,1.5154029092945864,Very Close,42,2034-07-09 18:00:00,2034,7,9,18,6,False,42,High,100.0,False,False,False,4,100.0,Small
REST_000690,دانكن دونتس,fast_food,Unknown,21.5724549,39.1586974,King Abdullah Sports City,7.905330247035989,Moderate,53,2034-06-21 17:00:00,2034,6,21,17,2,False,43,High,81.13207547169812,False,False,False,2,81.13207547169812,Medium
REST_001238,البيك,fast_food,Unknown,21.6058287,39.1070223,King Abdullah Sports City,2.7483116028926604,Close,51,2034-07-06 22:00:00,2034,7,6,22,3,False,47,High,92.15686274509804,False,True,True,3,92.15686274509804,Medium
REST_000460,فلافل عمو باسل,restaurant,Unknown,26.3637343,50.0712777,Prince Mohammed bin Fahd Stadium,6.570345335794803,Moderate,73,2034-07-04 13:00:00,2034,7,4,13,1,False,50,Medium,68.4931506849315,True,False,True,2,68.4931506849315,Medium
REST_001192,Coya,restaurant,Unknown,24.7045628,46.7057789,King Fahd International Stadium,3.0082888484263424,Close,83,2034-06-06 16:00:00,2034,6,6,16,1,False,83,High,100.0,False,False,False,3,100.0,Medium
REST_000166,برجر فيول,restaurant,Unknown,26.454483,50.1202934,Prince Mohammed bin Fahd Stadium,4.893234584296099,Close,174,2034-06-20 15:00:00,2034,6,20,15,1,False,100,Medium,57.47126436781609,False,False,False,3,57.47126436781609,Large
REST_000750,شريمبلس,restaurant,Unknown,24.8182369,46.6422566,Prince Faisal bin Fahd Stadium,8.642958312867966,Moderate,110,2034-06-29 10:00:00,2034,6,29,10,3,False,75,Medium,68.18181818181817,False,False,False,2,68.18181818181817,Large
REST_000693,Bharath Restaurant,restaurant,Unknown,24.6747018,46.7444784,King Fahd International Stadium,5.970410854236347,Moderate,135,2034-07-08 20:00:00,2034,7,8,20,5,True,135,High,100.0,False,True,True,2,100.0,Large
REST_000927,د.كيف,cafe,Unknown,24.6746514,46.7799945,King Fahd International Stadium,9.52484767466136,Moderate,54,2034-07-04 16:00:00,2034,7,4,16,1,False,38,Medium,70.37037037037037,False,False,False,2,70.37037037037037,Medium
REST_000673,,fast_food,Unknown,21.6225219,39.1638091,King Abdullah Sports City,5.262932147840783,Moderate,70,2034-07-11 10:00:00,2034,7,11,10,1,False,50,Medium,71.42857142857143,False,False,False,2,71.42857142857143,Medium
REST_000290,مطعم نايستي رويال,restaurant,Unknown,26.3759626,43.9827338,King Abdullah City Stadium,1.9006057710493627,Very Close,74,2034-06-30 20:00:00,2034,6,30,20,4,True,74,High,100.0,False,True,True,4,100.0,Medium
REST_000037,Ghawar,restaurant,Unknown,24.6697399,46.7315827,King Fahd International Stadium,4.846000136590066,Close,57,2034-06-06 14:00:00,2034,6,6,14,1,False,38,Medium,66.66666666666666,True,False,True,3,66.66666666666666,Medium
REST_000769,مكشكش,restaurant,Unknown,24.8152251,46.6355218,Prince Faisal bin Fahd Stadium,9.01446420038041,Moderate,89,2034-07-09 15:00:00,2034,7,9,15,6,False,74,High,83.14606741573034,False,False,False,2,83.14606741573034,Medium
REST_000678,هرفي,fast_food,Unknown,24.5980523,46.684862,King Fahd International Stadium,9.569171453582342,Moderate,35,2034-06-23 12:00:00,2034,6,23,12,4,True,25,Medium,71.42857142857143,True,False,True,2,71.42857142857143,Small
REST_001513,بيت البيتزا,restaurant,Unknown,26.3273711,43.9522093,King Abdullah City Stadium,4.605381954824378,Close,95,2034-07-06 08:00:00,2034,7,6,8,3,False,68,Medium,71.57894736842105,False,False,False,3,71.57894736842105,Medium
REST_000122,دلع بطنك الدمام,restaurant,Unknown,26.4369935,50.084037,Prince Mohammed bin Fahd Stadium,1.8728016672082712,Very Close,121,2034-07-15 12:00:00,2034,7,15,12,5,True,120,High,99.17355371900827,True,False,True,4,99.17355371900827,Large
REST_000678,هرفي,fast_food,Unknown,24.5980523,46.684862,King Fahd International Stadium,9.569171453582342,Moderate,35,2034-06-03 11:00:00,2034,6,3,11,5,True,16,Low,45.714285714285715,False,False,False,2,45.714285714285715,Small
REST_000947,سالدوتش,fast_food,Unknown,24.7797699,46.7882341,Prince Faisal bin Fahd Stadium,7.846498600273864,Moderate,70,2034-06-27 13:00:00,2034,6,27,13,1,False,70,High,100.0,True,False,True,2,100.0,Medium
REST_000176,,restaurant,Unknown,26.4104127,50.0341182,Prince Mohammed bin Fahd Stadium,5.5643445776893,Moderate,98,2034-06-12 15:00:00,2034,6,12,15,0,False,85,High,86.73469387755102,False,False,False,2,86.73469387755102,Medium
REST_000693,Bharath Restaurant,restaurant,Unknown,24.6747018,46.7444784,King Fahd International Stadium,5.970410854236347,Moderate,135,2034-06-12 21:00:00,2034,6,12,21,0,False,116,High,85.92592592592592,False,True,True,2,85.92592592592592,Large
REST_000690,دانكن دونتس,fast_food,Unknown,21.5724549,39.1586974,King Abdullah Sports City,7.905330247035989,Moderate,53,2034-06-24 13:00:00,2034,6,24,13,5,True,50,High,94.33962264150944,True,False,True,2,94.33962264150944,Medium
REST_000772,مطعم القصر للمشويات العراقية,restaurant,Unknown,24.8171188,46.6442025,Prince Faisal bin Fahd Stadium,8.411176395526743,Moderate,144,2034-06-27 10:00:00,2034,6,27,10,1,False,52,Low,36.11111111111111,False,False,False,2,36.11111111111111,Large
REST_001214,هرفي,fast_food,Unknown,24.6132011,46.6820093,King Fahd International Stadium,7.8955147635192136,Moderate,66,2034-06-22 18:00:00,2034,6,22,18,3,False,58,High,87.87878787878788,False,False,False,2,87.87878787878788,Medium
REST_000652,Pizza Hut,restaurant,Unknown,24.6878167,46.6878047,King Fahd International Stadium,0.4403523689977305,Very Close,126,2034-06-15 15:00:00,2034,6,15,15,3,False,126,High,100.0,False,False,False,4,100.0,Large
REST_001210,Shawarmer,fast_food,Unknown,24.5988355,46.6900916,King Fahd International Stadium,9.488721224834078,Moderate,76,2034-06-02 11:00:00,2034,6,2,11,4,True,68,High,89.47368421052632,False,False,False,2,89.47368421052632,Medium
REST_000377,,cafe,Unknown,26.458763,50.0890652,Prince Mohammed bin Fahd Stadium,4.23249485585094,Close,65,2034-06-03 13:00:00,2034,6,3,13,5,True,54,High,83.07692307692308,True,False,True,3,83.07692307692308,Medium
REST_000704,,cafe,Unknown,24.7422447,46.6561242,Prince Faisal bin Fahd Stadium,6.44804943666966,Moderate,84,2034-07-11 20:00:00,2034,7,11,20,1,False,56,Medium,66.66666666666666,False,True,True,2,66.66666666666666,Medium
REST_001289,الوجه الذهبي,cafe,Unknown,24.7919336,46.6254011,Prince Faisal bin Fahd Stadium,8.924135294064044,Moderate,20,2034-06-20 08:00:00,2034,6,20,8,1,False,7,Low,35.0,False,False,False,2,35.0,Small
REST_001147,Tony Roma's,restaurant,Unknown,24.7027286,46.6801722,King Fahd International Stadium,2.161937210848951,Close,137,2034-07-05 21:00:00,2034,7,5,21,2,False,137,High,100.0,False,True,True,3,100.0,Large
REST_000410,الدكة,restaurant,Unknown,21.6094013,39.1310894,King Abdullah Sports City,2.9070502710616664,Close,137,2034-07-10 16:00:00,2034,7,10,16,0,False,66,Low,48.175182481751825,False,False,False,3,48.175182481751825,Large
REST_000283,al fares,restaurant,Unknown,26.3373754,43.9662608,King Abdullah City Stadium,3.261040392550364,Close,165,2034-06-08 16:00:00,2034,6,8,16,3,False,88,Medium,53.333333333333336,False,False,False,3,53.333333333333336,Large
REST_000775,أبو جبارة,restaurant,Unknown,24.7976486,46.6413662,Prince Faisal bin Fahd Stadium,7.590410045113112,Moderate,87,2034-06-02 18:00:00,2034,6,2,18,4,True,79,High,90.80459770114942,False,False,False,2,90.80459770114942,Medium
REST_000286,كودو,fast_food,Unknown,26.3963971,43.9255495,King Abdullah City Stadium,5.263804879077784,Moderate,74,2034-06-09 15:00:00,2034,6,9,15,4,True,55,Medium,74.32432432432432,False,False,False,2,74.32432432432432,Medium
REST_001040,كفتيريا صاري,restaurant,Unknown,21.5760017,39.1485623,King Abdullah Sports City,6.994665584351821,Moderate,60,2034-06-12 21:00:00,2034,6,12,21,0,False,36,Medium,60.0,False,True,True,2,60.0,Medium
REST_000317,ميوزد بيت القهوة,cafe,Unknown,24.8035305,46.6743369,Prince Faisal bin Fahd Stadium,5.105766897844834,Moderate,97,2034-06-29 17:00:00,2034,6,29,17,3,False,29,Low,29.896907216494846,False,False,False,2,29.896907216494846,Medium
REST_000698,بيت الدونات,fast_food,Unknown,21.5768762,39.1497784,King Abdullah Sports City,6.978438990022302,Moderate,36,2034-06-18 10:00:00,2034,6,18,10,6,False,11,Low,30.555555555555557,False,False,False,2,30.555555555555557,Small
REST_000536,Chkn,fast_food,Unknown,24.7668817,46.7072939,Prince Faisal bin Fahd Stadium,0.6718559948661714,Very Close,45,2034-07-03 20:00:00,2034,7,3,20,0,False,45,High,100.0,False,True,True,4,100.0,Small
REST_000183,Golden Corner,restaurant,Unknown,26.4112319,50.0801591,Prince Mohammed bin Fahd Stadium,1.359728737700047,Very Close,134,2034-06-22 13:00:00,2034,6,22,13,3,False,134,High,100.0,True,False,True,4,100.0,Large
REST_000378,marrsm,cafe,Unknown,21.6103849,39.125339,King Abdullah Sports City,2.4816162492231526,Close,36,2034-07-13 15:00:00,2034,7,13,15,3,False,36,High,100.0,False,False,False,3,100.0,Small
REST_000686,هارديز,fast_food,Unknown,24.5960543,46.6815841,King Fahd International Stadium,9.801830764937293,Moderate,43,2034-07-03 20:00:00,2034,7,3,20,0,False,38,High,88.37209302325581,False,True,True,2,88.37209302325581,Small
REST_000126,Hardee's,fast_food,Unknown,26.3998014,50.0416004,Prince Mohammed bin Fahd Stadium,5.243638033258615,Moderate,62,2034-07-15 22:00:00,2034,7,15,22,5,True,49,Medium,79.03225806451613,False,True,True,2,79.03225806451613,Medium
REST_001448,رست كافيه,cafe,Unknown,26.3620002,43.9504049,King Abdullah City Stadium,1.7055086601993323,Very Close,53,2034-06-22 22:00:00,2034,6,22,22,3,False,53,High,100.0,False,True,True,4,100.0,Medium
REST_001238,البيك,fast_food,Unknown,21.6058287,39.1070223,King Abdullah Sports City,2.7483116028926604,Close,51,2034-06-08 11:00:00,2034,6,8,11,3,False,28,Medium,54.90196078431373,False,False,False,3,54.90196078431373,Medium
REST_000137,البخاري,restaurant,Unknown,26.4268519,50.0124603,Prince Mohammed bin Fahd Stadium,7.632476730856747,Moderate,52,2034-06-20 12:00:00,2034,6,20,12,1,False,43,High,82.6923076923077,True,False,True,2,82.6923076923077,Medium
REST_000652,Pizza Hut,restaurant,Unknown,24.6878167,46.6878047,King Fahd International Stadium,0.4403523689977305,Very Close,126,2034-06-23 19:00:00,2034,6,23,19,4,True,126,High,100.0,False,True,True,4,100.0,Large
REST_000640,Al Rabe'a,restaurant,Unknown,24.6975196,46.7805034,King Fahd International Stadium,9.63353899962464,Moderate,118,2034-06-18 14:00:00,2034,6,18,14,6,False,86,Medium,72.88135593220339,True,False,True,2,72.88135593220339,Large
REST_000287,تي اس سي سجنتشر,restaurant,Unknown,26.3921318,43.9390979,King Abdullah City Stadium,3.944281868811675,Close,189,2034-06-30 16:00:00,2034,6,30,16,4,True,143,Medium,75.66137566137566,False,False,False,3,75.66137566137566,Large
REST_000283,al fares,restaurant,Unknown,26.3373754,43.9662608,King Abdullah City Stadium,3.261040392550364,Close,165,2034-07-04 13:00:00,2034,7,4,13,1,False,165,High,100.0,True,False,True,3,100.0,Large
REST_000143,Kudu,restaurant,Unknown,26.4283716,50.0969946,Prince Mohammed bin Fahd Stadium,1.1804802812989057,Very Close,50,2034-07-14 14:00:00,2034,7,14,14,4,True,50,High,100.0,True,False,True,4,100.0,Medium
REST_000482,كيان,cafe,Unknown,21.5940752,39.1474478,King Abdullah Sports City,5.300598736968713,Moderate,48,2034-07-13 16:00:00,2034,7,13,16,3,False,35,Medium,72.91666666666666,False,False,False,2,72.91666666666666,Small
REST_000126,Hardee's,fast_food,Unknown,26.3998014,50.0416004,Prince Mohammed bin Fahd Stadium,5.243638033258615,Moderate,62,2034-06-08 10:00:00,2034,6,8,10,3,False,38,Medium,61.29032258064516,False,False,False,2,61.29032258064516,Medium
REST_000964,Coffe Day,cafe,Unknown,24.7341694,46.6973022,Prince Faisal bin Fahd Stadium,4.417579149713125,Close,77,2034-06-24 16:00:00,2034,6,24,16,5,True,77,High,100.0,False,False,False,3,100.0,Medium
REST_000705,,restaurant,Unknown,24.793833,46.6547551,Prince Faisal bin Fahd Stadium,6.179758496862934,Moderate,93,2034-06-07 10:00:00,2034,6,7,10,2,False,64,Medium,68.81720430107528,False,False,False,2,68.81720430107528,Medium
REST_000763,دونربير,restaurant,Unknown,24.8183863,46.6426174,Prince Faisal bin Fahd Stadium,8.623688215721925,Moderate,62,2034-07-05 16:00:00,2034,7,5,16,2,False,29,Low,46.774193548387096,False,False,False,2,46.774193548387096,Medium
REST_000977,مطعم حنيذ الجنوب-طيبة,restaurant,Unknown,26.359091,50.0437992,Prince Mohammed bin Fahd Stadium,8.186746687833677,Moderate,74,2034-06-24 19:00:00,2034,6,24,19,5,True,74,High,100.0,False,True,True,2,100.0,Medium
REST_000378,marrsm,cafe,Unknown,21.6103849,39.125339,King Abdullah Sports City,2.4816162492231526,Close,36,2034-07-09 13:00:00,2034,7,9,13,6,False,36,High,100.0,True,False,True,3,100.0,Small
REST_001141,فلافل عرفة,restaurant,Unknown,26.356933,43.9523422,King Abdullah City Stadium,1.7960470957293113,Very Close,143,2034-07-06 14:00:00,2034,7,6,14,3,False,143,High,100.0,True,False,True,4,100.0,Large
REST_001208,ركن الفلافل,restaurant,Unknown,21.6093627,39.1350133,King Abdullah Sports City,3.1796253596077135,Close,164,2034-07-09 22:00:00,2034,7,9,22,6,False,164,High,100.0,False,True,True,3,100.0,Large
REST_000861,,restaurant,Unknown,21.5756022,39.1273377,King Abdullah Sports City,6.193995052923065,Moderate,73,2034-06-01 15:00:00,2034,6,1,15,3,False,36,Low,49.31506849315068,False,False,False,2,49.31506849315068,Medium
REST_000642,,restaurant,Unknown,24.6950224,46.6821823,King Fahd International Stadium,1.2837885491746757,Very Close,85,2034-07-15 10:00:00,2034,7,15,10,5,True,85,High,100.0,False,False,False,4,100.0,Medium
REST_000699,,cafe,Unknown,21.5967854,39.1574669,King Abdullah Sports City,5.842530175364363,Moderate,49,2034-07-04 08:00:00,2034,7,4,8,1,False,29,Medium,59.183673469387756,False,False,False,2,59.183673469387756,Small
REST_000127,Various,fast_food,Unknown,26.40382,50.0573913,Prince Mohammed bin Fahd Stadium,3.6478713725823533,Close,61,2034-06-22 18:00:00,2034,6,22,18,3,False,45,Medium,73.77049180327869,False,False,False,3,73.77049180327869,Medium
REST_000846,Ranosh,fast_food,Unknown,24.8336759,46.733879,Prince Faisal bin Fahd Stadium,7.246971349091567,Moderate,49,2034-06-18 20:00:00,2034,6,18,20,6,False,46,High,93.87755102040816,False,True,True,2,93.87755102040816,Small
REST_000796,دانكن دونتس,fast_food,Unknown,21.5886282,39.1435931,King Abdullah Sports City,5.535106240925386,Moderate,78,2034-07-01 09:00:00,2034,7,1,9,5,True,30,Low,38.46153846153847,False,False,False,2,38.46153846153847,Medium
REST_000369,بيت الدونات,cafe,Unknown,21.5845758,39.159072,King Abdullah Sports City,6.890871683076867,Moderate,51,2034-07-06 10:00:00,2034,7,6,10,3,False,36,Medium,70.58823529411765,False,False,False,2,70.58823529411765,Medium
REST_000844,دانكن دونتس,fast_food,Unknown,24.8346375,46.7354588,Prince Faisal bin Fahd Stadium,7.4000600489304045,Moderate,61,2034-06-10 17:00:00,2034,6,10,17,5,True,34,Medium,55.73770491803278,False,False,False,2,55.73770491803278,Medium
REST_000435,Vapiano,restaurant,Unknown,24.6988545,46.6907787,King Fahd International Stadium,1.7018773917272554,Very Close,60,2034-07-15 12:00:00,2034,7,15,12,5,True,60,High,100.0,True,False,True,4,100.0,Medium
REST_000645,,restaurant,Unknown,24.6552535,46.7440452,King Fahd International Stadium,6.6584500373935125,Moderate,164,2034-06-05 17:00:00,2034,6,5,17,0,False,50,Low,30.48780487804878,False,False,False,2,30.48780487804878,Large
REST_000367,Burger King,fast_food,Unknown,21.6154588,39.1080491,King Abdullah Sports City,1.6912883854134428,Very Close,46,2034-06-21 08:00:00,2034,6,21,8,2,False,45,High,97.82608695652173,False,False,False,4,97.82608695652173,Small
REST_000967,شاورما جساس,fast_food,Unknown,21.6325188,39.1551692,King Abdullah Sports City,4.317698316997511,Close,31,2034-07-04 17:00:00,2034,7,4,17,1,False,15,Low,48.38709677419355,False,False,False,3,48.38709677419355,Small
REST_000045,Golden Palace Chinese Restaurant,restaurant,Unknown,21.5566055,39.1691506,King Abdullah Sports City,9.96729911629322,Moderate,98,2034-06-14 19:00:00,2034,6,14,19,2,False,62,Medium,63.26530612244898,False,True,True,2,63.26530612244898,Medium
REST_001127,كانتون,fast_food,Unknown,21.5496814,39.1476104,King Abdullah Sports City,9.581478278878778,Moderate,64,2034-06-30 16:00:00,2034,6,30,16,4,True,57,High,89.0625,False,False,False,2,89.0625,Medium
REST_000145,مطعم كبساتي,restaurant,Unknown,26.3599523,50.0659502,Prince Mohammed bin Fahd Stadium,7.127971664043465,Moderate,172,2034-06-06 20:00:00,2034,6,6,20,1,False,97,Medium,56.395348837209305,False,True,True,2,56.395348837209305,Large
REST_000505,ساف,fast_food,Unknown,26.3310818,43.9592924,King Abdullah City Stadium,4.028755533640447,Close,47,2034-06-29 14:00:00,2034,6,29,14,3,False,47,High,100.0,True,False,True,3,100.0,Small
REST_000304,اورفيلا,restaurant,Unknown,26.3999028,43.9170009,King Abdullah City Stadium,6.175754032491097,Moderate,119,2034-07-07 13:00:00,2034,7,7,13,4,True,112,High,94.11764705882352,True,False,True,2,94.11764705882352,Large
REST_000306,الناضج,restaurant,Unknown,26.3582887,43.948908,King Abdullah City Stadium,2.004246793354236,Close,50,2034-06-19 18:00:00,2034,6,19,18,0,False,19,Low,38.0,False,False,False,3,38.0,Medium
REST_001031,Myazu,restaurant,Unknown,21.5505271,39.1530848,King Abdullah Sports City,9.71858015376378,Moderate,80,2034-07-11 16:00:00,2034,7,11,16,1,False,68,High,85.0,False,False,False,2,85.0,Medium
REST_000304,اورفيلا,restaurant,Unknown,26.3999028,43.9170009,King Abdullah City Stadium,6.175754032491097,Moderate,119,2034-06-12 10:00:00,2034,6,12,10,0,False,82,Medium,68.90756302521008,False,False,False,2,68.90756302521008,Large
REST_000338,نقطة | قهوة مختصة,cafe,Unknown,24.7795758,46.6826275,Prince Faisal bin Fahd Stadium,2.988940800144785,Close,49,2034-07-08 15:00:00,2034,7,8,15,5,True,49,High,100.0,False,False,False,3,100.0,Small
REST_000341,Shimmers,restaurant,Unknown,24.7670034,46.6593779,Prince Faisal bin Fahd Stadium,5.240392972922303,Moderate,64,2034-07-11 18:00:00,2034,7,11,18,1,False,46,Medium,71.875,False,False,False,2,71.875,Medium
REST_000660,Roma Cafe,cafe,Unknown,24.7016088,46.6915377,King Fahd International Stadium,2.0175182881893976,Close,52,2034-07-12 09:00:00,2034,7,12,9,2,False,52,High,100.0,False,False,False,3,100.0,Medium
REST_000120,طيف ماضينا,restaurant,Unknown,26.40684,50.107802,Prince Mohammed bin Fahd Stadium,2.4405236711242657,Close,78,2034-07-05 19:00:00,2034,7,5,19,2,False,78,High,100.0,False,True,True,3,100.0,Medium
REST_000858,Repository Coffee Roasters,cafe,Unknown,24.8110205,46.670064,Prince Faisal bin Fahd Stadium,5.999919040630255,Moderate,94,2034-06-06 14:00:00,2034,6,6,14,1,False,62,Medium,65.95744680851064,True,False,True,2,65.95744680851064,Medium
REST_001019,كانتون,fast_food,Unknown,24.6711944,46.732203,King Fahd International Stadium,4.854953811318538,Close,60,2034-06-14 18:00:00,2034,6,14,18,2,False,52,High,86.66666666666667,False,False,False,3,86.66666666666667,Medium
REST_001460,مطاعم ومطابخ مضياف,restaurant,Unknown,26.404773,43.9141945,King Abdullah City Stadium,6.728810304967679,Moderate,114,2034-06-03 15:00:00,2034,6,3,15,5,True,69,Medium,60.526315789473685,False,False,False,2,60.526315789473685,Large
REST_000687,ماكدونالدز,fast_food,Unknown,24.5957426,46.6811264,King Fahd International Stadium,9.838799464628133,Moderate,63,2034-07-10 08:00:00,2034,7,10,8,0,False,31,Low,49.2063492063492,False,False,False,2,49.2063492063492,Medium
REST_000114,بلاسا اكيل,fast_food,Unknown,26.4349258,50.1172852,Prince Mohammed bin Fahd Stadium,3.247673740338062,Close,69,2034-07-12 09:00:00,2034,7,12,9,2,False,52,Medium,75.36231884057972,False,False,False,3,75.36231884057972,Medium
REST_001396,روزاليا برجر,fast_food,Unknown,24.8060683,46.6928391,Prince Faisal bin Fahd Stadium,4.218541253442646,Close,43,2034-06-22 12:00:00,2034,6,22,12,3,False,43,High,100.0,True,False,True,3,100.0,Small
REST_000834,Blanca,restaurant,Unknown,24.8425484,46.7341221,Prince Faisal bin Fahd Stadium,8.195083748935728,Moderate,152,2034-06-12 08:00:00,2034,6,12,8,0,False,53,Low,34.868421052631575,False,False,False,2,34.868421052631575,Large
REST_000786,Ziyada Toum,restaurant,Unknown,21.5726539,39.1292852,King Abdullah Sports City,6.560574943644657,Moderate,79,2034-06-06 12:00:00,2034,6,6,12,1,False,37,Low,46.835443037974684,True,False,True,2,46.835443037974684,Medium
REST_000302,مطعم رز بخاري,restaurant,Unknown,26.3978656,43.9393978,King Abdullah City Stadium,4.405228600598905,Close,191,2034-07-13 12:00:00,2034,7,13,12,3,False,127,Medium,66.49214659685863,True,False,True,3,66.49214659685863,Large
REST_000574,عمو نبيل للمأكولات البحرية,restaurant,Unknown,21.5867638,39.1575781,King Abdullah Sports City,6.607926746952486,Moderate,156,2034-06-27 12:00:00,2034,6,27,12,1,False,98,Medium,62.82051282051282,True,False,True,2,62.82051282051282,Large
REST_000915,Dhahia Juice,fast_food,Unknown,24.8393628,46.732541,Prince Faisal bin Fahd Stadium,7.810262697915714,Moderate,69,2034-07-07 08:00:00,2034,7,7,8,4,True,57,High,82.6086956521739,False,False,False,2,82.6086956521739,Medium
REST_000564,zonice | زونايس,restaurant,Unknown,26.3777652,43.9502001,King Abdullah City Stadium,2.053247099597085,Close,165,2034-07-10 18:00:00,2034,7,10,18,0,False,165,High,100.0,False,False,False,3,100.0,Large
REST_000661,Dose Cafe,cafe,Unknown,24.8401038,46.7323744,Prince Faisal bin Fahd Stadium,7.884814874295175,Moderate,69,2034-06-08 12:00:00,2034,6,8,12,3,False,69,High,100.0,True,False,True,2,100.0,Medium
REST_001110,كانتون,fast_food,Unknown,24.808371,46.6698492,Prince Faisal bin Fahd Stadium,5.805407420939589,Moderate,64,2034-06-20 14:00:00,2034,6,20,14,1,False,26,Low,40.625,True,False,True,2,40.625,Medium
REST_001438,Kudu,fast_food,Unknown,24.7008015,46.6767139,King Fahd International Stadium,2.094473404330583,Close,64,2034-07-04 15:00:00,2034,7,4,15,1,False,33,Medium,51.5625,False,False,False,3,51.5625,Medium
REST_000384,,cafe,Unknown,21.5977041,39.1461551,King Abdullah Sports City,4.912524856984208,Close,37,2034-07-12 08:00:00,2034,7,12,8,2,False,22,Medium,59.45945945945946,False,False,False,3,59.45945945945946,Small
REST_001069,مطعم بنات سارة‭,restaurant,Unknown,24.8203626,46.7891863,Prince Faisal bin Fahd Stadium,9.55661762602268,Moderate,149,2034-07-01 16:00:00,2034,7,1,16,5,True,73,Low,48.99328859060403,False,False,False,2,48.99328859060403,Large
REST_001288,مزاج العرب,cafe,Unknown,24.7930716,46.6490799,Prince Faisal bin Fahd Stadium,6.679711722770142,Moderate,88,2034-06-09 10:00:00,2034,6,9,10,4,True,33,Low,37.5,False,False,False,2,37.5,Medium
REST_001035,San Carlo Cicchetti,restaurant,Unknown,24.7012182,46.705378,King Fahd International Stadium,2.7088790925678645,Close,155,2034-07-14 18:00:00,2034,7,14,18,4,True,155,High,100.0,False,False,False,3,100.0,Large
REST_001285,منتو يغمش,restaurant,Unknown,24.8005739,46.7829763,Prince Faisal bin Fahd Stadium,7.934873923007209,Moderate,126,2034-06-21 18:00:00,2034,6,21,18,2,False,87,Medium,69.04761904761905,False,False,False,2,69.04761904761905,Large
REST_001422,,restaurant,Unknown,24.6983833,46.6873862,King Fahd International Stadium,1.5920170775778464,Very Close,84,2034-06-26 12:00:00,2034,6,26,12,0,False,84,High,100.0,True,False,True,4,100.0,Medium
REST_000359,Urth Caffe,cafe,Unknown,24.7562198,46.6302112,Prince Faisal bin Fahd Stadium,8.341460675087477,Moderate,55,2034-06-10 13:00:00,2034,6,10,13,5,True,31,Medium,56.36363636363636,True,False,True,2,56.36363636363636,Medium
REST_001208,ركن الفلافل,restaurant,Unknown,21.6093627,39.1350133,King Abdullah Sports City,3.1796253596077135,Close,164,2034-06-18 09:00:00,2034,6,18,9,6,False,161,High,98.17073170731707,False,False,False,3,98.17073170731707,Large
REST_001436,,fast_food,Unknown,24.6998806,46.6823339,King Fahd International Stadium,1.7998893815554278,Very Close,55,2034-06-29 11:00:00,2034,6,29,11,3,False,46,High,83.63636363636363,False,False,False,4,83.63636363636363,Medium
REST_000559,Indonesian,restaurant,Unknown,24.7098964,46.6909907,King Fahd International Stadium,2.9073079296459525,Close,154,2034-06-10 15:00:00,2034,6,10,15,5,True,134,High,87.01298701298701,False,False,False,3,87.01298701298701,Large
REST_000635,,cafe,Unknown,21.5723976,39.1433779,King Abdullah Sports City,7.09101064382348,Moderate,83,2034-06-30 13:00:00,2034,6,30,13,4,True,83,High,100.0,True,False,True,2,100.0,Medium
REST_001276,Kudu,fast_food,Unknown,24.7796537,46.7883129,Prince Faisal bin Fahd Stadium,7.852979221204432,Moderate,34,2034-07-05 17:00:00,2034,7,5,17,2,False,16,Low,47.05882352941176,False,False,False,2,47.05882352941176,Small
REST_000596,دانكن دونتس,fast_food,Unknown,24.8185961,46.6866878,Prince Faisal bin Fahd Stadium,5.743140914582132,Moderate,48,2034-07-04 22:00:00,2034,7,4,22,1,False,22,Low,45.83333333333333,False,True,True,2,45.83333333333333,Small
REST_000143,Kudu,restaurant,Unknown,26.4283716,50.0969946,Prince Mohammed bin Fahd Stadium,1.1804802812989057,Very Close,50,2034-07-10 15:00:00,2034,7,10,15,0,False,50,High,100.0,False,False,False,4,100.0,Medium
REST_000938,Kudu,restaurant,Unknown,21.6664279,39.1098748,King Abdullah Sports City,4.090033900752487,Close,51,2034-06-21 21:00:00,2034,6,21,21,2,False,51,High,100.0,False,True,True,3,100.0,Medium
REST_001209,نان,restaurant,Unknown,21.5773289,39.1272551,King Abdullah Sports City,6.005319889508415,Moderate,155,2034-07-15 10:00:00,2034,7,15,10,5,True,69,Low,44.516129032258064,False,False,False,2,44.516129032258064,Large
REST_000170,الصفصاف مطعم,restaurant,Unknown,26.439842,50.0823,Prince Mohammed bin Fahd Stadium,2.224719924262925,Close,134,2034-06-06 18:00:00,2034,6,6,18,1,False,134,High,100.0,False,False,False,3,100.0,Large
REST_000141,مطعم اسماك السلطان,restaurant,Unknown,26.4363725,50.0942901,Prince Mohammed bin Fahd Stadium,1.8264340061687887,Very Close,84,2034-06-19 22:00:00,2034,6,19,22,0,False,60,Medium,71.42857142857143,False,True,True,4,71.42857142857143,Medium
REST_000387,ليفاني كوفي - Leivani coffee,cafe,Unknown,24.747746,46.7018094,Prince Faisal bin Fahd Stadium,2.841605378077961,Close,77,2034-07-02 22:00:00,2034,7,2,22,6,False,76,High,98.7012987012987,False,True,True,3,98.7012987012987,Medium
REST_000643,,restaurant,Unknown,24.7002665,46.6916452,King Fahd International Stadium,1.8769919381494418,Very Close,72,2034-07-04 10:00:00,2034,7,4,10,1,False,61,High,84.72222222222221,False,False,False,4,84.72222222222221,Medium
REST_000642,,restaurant,Unknown,24.6950224,46.6821823,King Fahd International Stadium,1.2837885491746757,Very Close,85,2034-06-14 11:00:00,2034,6,14,11,2,False,85,High,100.0,False,False,False,4,100.0,Medium
REST_001031,Myazu,restaurant,Unknown,21.5505271,39.1530848,King Abdullah Sports City,9.71858015376378,Moderate,80,2034-07-15 08:00:00,2034,7,15,8,5,True,30,Low,37.5,False,False,False,2,37.5,Medium
REST_001306,سالدوتش,fast_food,Unknown,24.8116846,46.6241848,Prince Faisal bin Fahd Stadium,9.816991936518281,Moderate,42,2034-06-12 18:00:00,2034,6,12,18,0,False,33,Medium,78.57142857142857,False,False,False,2,78.57142857142857,Small
REST_000497,بيت الدجاج,fast_food,Unknown,26.3618725,43.9583732,King Abdullah City Stadium,0.988116211265392,Very Close,58,2034-07-14 19:00:00,2034,7,14,19,4,True,58,High,100.0,False,True,True,4,100.0,Medium
REST_000535,,cafe,Unknown,26.4494409,50.0883834,Prince Mohammed bin Fahd Stadium,3.19611144997641,Close,34,2034-06-21 09:00:00,2034,6,21,9,2,False,28,High,82.35294117647058,False,False,False,3,82.35294117647058,Small
REST_000760,خبز ونواشف,restaurant,Unknown,24.8119102,46.6460917,Prince Faisal bin Fahd Stadium,7.919940631004301,Moderate,126,2034-07-11 17:00:00,2034,7,11,17,1,False,82,Medium,65.07936507936508,False,False,False,2,65.07936507936508,Large
REST_001083,كانتون,fast_food,Unknown,24.742659,46.658732,Prince Faisal bin Fahd Stadium,6.198926894188108,Moderate,54,2034-06-28 22:00:00,2034,6,28,22,2,False,54,High,100.0,False,True,True,2,100.0,Medium
REST_001365,La Plage Resturant,restaurant,Unknown,21.7104034,39.0858491,King Abdullah Sports City,9.407135130792394,Moderate,109,2034-06-11 18:00:00,2034,6,11,18,6,False,78,Medium,71.55963302752293,False,False,False,2,71.55963302752293,Large
REST_000927,د.كيف,cafe,Unknown,24.6746514,46.7799945,King Fahd International Stadium,9.52484767466136,Moderate,54,2034-07-08 15:00:00,2034,7,8,15,5,True,54,High,100.0,False,False,False,2,100.0,Medium
REST_000750,شريمبلس,restaurant,Unknown,24.8182369,46.6422566,Prince Faisal bin Fahd Stadium,8.642958312867966,Moderate,110,2034-07-14 15:00:00,2034,7,14,15,4,True,55,Medium,50.0,False,False,False,2,50.0,Large
REST_001148,بروست زهرتي,fast_food,Unknown,26.3571976,43.9530467,King Abdullah City Stadium,1.7224554020216554,Very Close,66,2034-06-12 18:00:00,2034,6,12,18,0,False,66,High,100.0,False,False,False,4,100.0,Medium
REST_000687,ماكدونالدز,fast_food,Unknown,24.5957426,46.6811264,King Fahd International Stadium,9.838799464628133,Moderate,63,2034-06-07 09:00:00,2034,6,7,9,2,False,49,Medium,77.77777777777779,False,False,False,2,77.77777777777779,Medium
REST_000300,قهوة باش المختصة,cafe,Unknown,26.4083543,43.9279608,King Abdullah City Stadium,6.028541712294963,Moderate,62,2034-06-17 12:00:00,2034,6,17,12,5,True,62,High,100.0,True,False,True,2,100.0,Medium
REST_000751,مطعم ذوق مغل,restaurant,Unknown,24.8185898,46.6431326,Prince Faisal bin Fahd Stadium,8.595759822282936,Moderate,78,2034-06-25 18:00:00,2034,6,25,18,6,False,64,High,82.05128205128204,False,False,False,2,82.05128205128204,Medium
REST_001309,دوار السعادة,restaurant,Unknown,24.7582768,46.674634,Prince Faisal bin Fahd Stadium,3.9720294278051407,Close,165,2034-07-03 22:00:00,2034,7,3,22,0,False,165,High,100.0,False,True,True,3,100.0,Large
REST_001471,كودو,fast_food,Unknown,26.3674717,43.9620048,King Abdullah City Stadium,0.4755740798475391,Very Close,79,2034-07-09 18:00:00,2034,7,9,18,6,False,76,High,96.20253164556962,False,False,False,4,96.20253164556962,Medium
REST_001420,,cafe,Unknown,24.6984321,46.6893818,King Fahd International Stadium,1.6237859376843085,Very Close,70,2034-06-04 10:00:00,2034,6,4,10,6,False,37,Medium,52.85714285714286,False,False,False,4,52.85714285714286,Medium
REST_000796,دانكن دونتس,fast_food,Unknown,21.5886282,39.1435931,King Abdullah Sports City,5.535106240925386,Moderate,78,2034-06-19 18:00:00,2034,6,19,18,0,False,33,Low,42.30769230769231,False,False,False,2,42.30769230769231,Medium
REST_000674,دومينوز بيتزا,fast_food,Unknown,26.3575068,43.9658404,King Abdullah City Stadium,1.025818514384294,Very Close,35,2034-06-19 08:00:00,2034,6,19,8,0,False,35,High,100.0,False,False,False,4,100.0,Small
REST_001304,دجاج كنتاكي,fast_food,Unknown,24.770343,46.7123114,Prince Faisal bin Fahd Stadium,0.2179563060506945,Very Close,77,2034-06-26 11:00:00,2034,6,26,11,0,False,77,High,100.0,False,False,False,4,100.0,Medium
REST_001217,Pizza Hut,fast_food,Unknown,21.5737554,39.1105204,King Abdullah Sports City,6.239484026388619,Moderate,70,2034-06-11 08:00:00,2034,6,11,8,6,False,28,Low,40.0,False,False,False,2,40.0,Medium
REST_000371,Habrat Restaurant,restaurant,Unknown,21.6268475,39.1353485,King Abdullah Sports City,2.2821339382086694,Close,72,2034-07-05 10:00:00,2034,7,5,10,2,False,59,High,81.94444444444444,False,False,False,3,81.94444444444444,Medium
REST_001283,,cafe,Unknown,24.7821629,46.7063921,Prince Faisal bin Fahd Stadium,1.2323621339488111,Very Close,85,2034-07-14 09:00:00,2034,7,14,9,4,True,85,High,100.0,False,False,False,4,100.0,Medium
REST_000674,دومينوز بيتزا,fast_food,Unknown,26.3575068,43.9658404,King Abdullah City Stadium,1.025818514384294,Very Close,35,2034-07-13 18:00:00,2034,7,13,18,3,False,19,Medium,54.285714285714285,False,False,False,4,54.285714285714285,Small
REST_000431,,restaurant,Unknown,21.5934705,39.1460582,King Abdullah Sports City,5.258085772146678,Moderate,107,2034-06-15 08:00:00,2034,6,15,8,3,False,87,High,81.30841121495327,False,False,False,2,81.30841121495327,Large
REST_000137,البخاري,restaurant,Unknown,26.4268519,50.0124603,Prince Mohammed bin Fahd Stadium,7.632476730856747,Moderate,52,2034-06-30 20:00:00,2034,6,30,20,4,True,34,Medium,65.38461538461539,False,True,True,2,65.38461538461539,Medium
REST_001466,الرومانسية,restaurant,Unknown,26.366117,43.9424868,King Abdullah City Stadium,2.413173240425537,Close,99,2034-06-29 17:00:00,2034,6,29,17,3,False,98,High,98.98989898989899,False,False,False,3,98.98989898989899,Medium
REST_001088,كانتون,fast_food,Unknown,24.8250499,46.7505652,Prince Faisal bin Fahd Stadium,7.132901944566299,Moderate,66,2034-06-14 09:00:00,2034,6,14,9,2,False,22,Low,33.33333333333333,False,False,False,2,33.33333333333333,Medium
REST_000037,Ghawar,restaurant,Unknown,24.6697399,46.7315827,King Fahd International Stadium,4.846000136590066,Close,57,2034-07-12 18:00:00,2034,7,12,18,2,False,57,High,100.0,False,False,False,3,100.0,Medium
REST_001040,كفتيريا صاري,restaurant,Unknown,21.5760017,39.1485623,King Abdullah Sports City,6.994665584351821,Moderate,60,2034-07-05 16:00:00,2034,7,5,16,2,False,39,Medium,65.0,False,False,False,2,65.0,Medium
REST_001361,معصوب القادري,restaurant,Unknown,21.5731975,39.1584622,King Abdullah Sports City,7.824400379123443,Moderate,157,2034-07-01 21:00:00,2034,7,1,21,5,True,157,High,100.0,False,True,True,2,100.0,Large
REST_000859,واحة المرباع,restaurant,Unknown,26.3941797,43.9288784,King Abdullah City Stadium,4.85094280500056,Close,124,2034-06-22 18:00:00,2034,6,22,18,3,False,106,High,85.48387096774194,False,False,False,3,85.48387096774194,Large
REST_000615,دانكن دونتس,fast_food,Unknown,24.8469814,46.7334068,Prince Faisal bin Fahd Stadium,8.649568040622029,Moderate,69,2034-06-03 15:00:00,2034,6,3,15,5,True,46,Medium,66.66666666666666,False,False,False,2,66.66666666666666,Medium
REST_001565,,restaurant,Unknown,24.767318,46.6594862,Prince Faisal bin Fahd Stadium,5.225984830982848,Moderate,72,2034-06-12 12:00:00,2034,6,12,12,0,False,72,High,100.0,True,False,True,2,100.0,Medium
REST_001408,Fairouz Garden,restaurant,Unknown,24.7080046,46.675289,King Fahd International Stadium,2.8814463899272456,Close,150,2034-07-14 21:00:00,2034,7,14,21,4,True,150,High,100.0,False,True,True,3,100.0,Large
REST_000333,بيتزا هت,restaurant,Unknown,24.8004341,46.7399092,Prince Faisal bin Fahd Stadium,4.310936884667517,Close,139,2034-07-12 14:00:00,2034,7,12,14,2,False,139,High,100.0,True,False,True,3,100.0,Large
REST_000538,Chkn,fast_food,Unknown,24.7389047,46.7596526,Prince Faisal bin Fahd Stadium,6.131575014450844,Moderate,51,2034-07-04 18:00:00,2034,7,4,18,1,False,27,Medium,52.94117647058824,False,False,False,2,52.94117647058824,Medium
REST_000301,بيت البيتزا,restaurant,Unknown,26.3764941,43.9298523,King Abdullah City Stadium,3.8290226560374574,Close,130,2034-07-02 22:00:00,2034,7,2,22,6,False,130,High,100.0,False,True,True,3,100.0,Large
REST_000764,شاورمر Shawarmer,restaurant,Unknown,24.81146,46.6261625,Prince Faisal bin Fahd Stadium,9.627759340618688,Moderate,151,2034-07-11 19:00:00,2034,7,11,19,1,False,84,Medium,55.62913907284768,False,True,True,2,55.62913907284768,Large
REST_000477,Italian,restaurant,Unknown,24.7707353,46.6720081,Prince Faisal bin Fahd Stadium,3.938891701818023,Close,79,2034-07-15 17:00:00,2034,7,15,17,5,True,79,High,100.0,False,False,False,3,100.0,Medium
REST_001564,,restaurant,Unknown,24.7667736,46.6596068,Prince Faisal bin Fahd Stadium,5.220140939662833,Moderate,173,2034-06-14 18:00:00,2034,6,14,18,2,False,79,Low,45.664739884393065,False,False,False,2,45.664739884393065,Large
REST_000558,,cafe,Unknown,26.3644115,50.0955797,Prince Mohammed bin Fahd Stadium,6.2953193536538,Moderate,94,2034-06-27 18:00:00,2034,6,27,18,1,False,43,Low,45.744680851063826,False,False,False,2,45.744680851063826,Medium
REST_001245,مطعم فول وعدس,restaurant,Unknown,24.7090425,46.6795473,King Fahd International Stadium,2.8561454670752604,Close,97,2034-06-09 17:00:00,2034,6,9,17,4,True,87,High,89.69072164948454,False,False,False,3,89.69072164948454,Medium
REST_001282,,restaurant,Unknown,24.7815563,46.6973544,Prince Faisal bin Fahd Stadium,1.7466583320160158,Very Close,109,2034-06-06 08:00:00,2034,6,6,8,1,False,109,High,100.0,False,False,False,4,100.0,Large
REST_000387,ليفاني كوفي - Leivani coffee,cafe,Unknown,24.747746,46.7018094,Prince Faisal bin Fahd Stadium,2.841605378077961,Close,77,2034-06-05 19:00:00,2034,6,5,19,0,False,77,High,100.0,False,True,True,3,100.0,Medium
REST_000505,ساف,fast_food,Unknown,26.3310818,43.9592924,King Abdullah City Stadium,4.028755533640447,Close,47,2034-07-11 08:00:00,2034,7,11,8,1,False,45,High,95.74468085106383,False,False,False,3,95.74468085106383,Small
REST_000178,بوفية أسناف,fast_food,Unknown,26.3977266,50.0186487,Prince Mohammed bin Fahd Stadium,7.438788525160079,Moderate,78,2034-07-15 17:00:00,2034,7,15,17,5,True,39,Medium,50.0,False,False,False,2,50.0,Medium
REST_000678,هرفي,fast_food,Unknown,24.5980523,46.684862,King Fahd International Stadium,9.569171453582342,Moderate,35,2034-06-09 14:00:00,2034,6,9,14,4,True,35,High,100.0,True,False,True,2,100.0,Small
REST_000635,,cafe,Unknown,21.5723976,39.1433779,King Abdullah Sports City,7.09101064382348,Moderate,83,2034-06-17 13:00:00,2034,6,17,13,5,True,57,Medium,68.67469879518072,True,False,True,2,68.67469879518072,Medium
REST_001129,كانتون,fast_food,Unknown,21.640553,39.1013235,King Abdullah Sports City,1.735992067913227,Very Close,60,2034-06-03 22:00:00,2034,6,3,22,5,True,60,High,100.0,False,True,True,4,100.0,Medium
REST_000342,,restaurant,Unknown,24.7938651,46.6548152,Prince Faisal bin Fahd Stadium,6.175594203497771,Moderate,96,2034-06-22 11:00:00,2034,6,22,11,3,False,74,Medium,77.08333333333334,False,False,False,2,77.08333333333334,Medium
REST_000307,مطعم بيت السندباد,restaurant,Unknown,26.3570557,43.9522896,King Abdullah City Stadium,1.792025346765346,Very Close,50,2034-07-01 09:00:00,2034,7,1,9,5,True,50,High,100.0,False,False,False,4,100.0,Medium
REST_000564,zonice | زونايس,restaurant,Unknown,26.3777652,43.9502001,King Abdullah City Stadium,2.053247099597085,Close,165,2034-07-09 11:00:00,2034,7,9,11,6,False,115,Medium,69.6969696969697,False,False,False,3,69.6969696969697,Large
REST_000341,Shimmers,restaurant,Unknown,24.7670034,46.6593779,Prince Faisal bin Fahd Stadium,5.240392972922303,Moderate,64,2034-06-09 08:00:00,2034,6,9,8,4,True,31,Low,48.4375,False,False,False,2,48.4375,Medium
REST_000476,بروستد بونواس,restaurant,Unknown,26.4493532,50.1185439,Prince Mohammed bin Fahd Stadium,4.349937758093283,Close,149,2034-07-12 22:00:00,2034,7,12,22,2,False,118,Medium,79.19463087248322,False,True,True,3,79.19463087248322,Large
REST_000845,Barn's,restaurant,Unknown,24.8334509,46.733426,Prince Faisal bin Fahd Stadium,7.208773253950492,Moderate,119,2034-07-11 15:00:00,2034,7,11,15,1,False,74,Medium,62.18487394957983,False,False,False,2,62.18487394957983,Large
REST_000615,دانكن دونتس,fast_food,Unknown,24.8469814,46.7334068,Prince Faisal bin Fahd Stadium,8.649568040622029,Moderate,69,2034-06-18 21:00:00,2034,6,18,21,6,False,51,Medium,73.91304347826086,False,True,True,2,73.91304347826086,Medium
REST_001049,اوشيانا,cafe,Unknown,26.478559,50.1176721,Prince Mohammed bin Fahd Stadium,7.046533740788223,Moderate,72,2034-06-27 17:00:00,2034,6,27,17,1,False,28,Low,38.88888888888889,False,False,False,2,38.88888888888889,Medium
REST_000038,مطعم السانية,restaurant,Unknown,26.4204967,50.0263476,Prince Mohammed bin Fahd Stadium,6.2191023829578125,Moderate,79,2034-06-22 14:00:00,2034,6,22,14,3,False,54,Medium,68.35443037974683,True,False,True,2,68.35443037974683,Medium
REST_000814,KFC,fast_food,Unknown,21.6402961,39.1307083,King Abdullah Sports City,2.1274003299759787,Close,44,2034-06-03 18:00:00,2034,6,3,18,5,True,35,Medium,79.54545454545455,False,False,False,3,79.54545454545455,Small
REST_000639,Seatle's Best,cafe,Unknown,24.7672177,46.7557637,Prince Faisal bin Fahd Stadium,4.5494578002282235,Close,55,2034-07-06 15:00:00,2034,7,6,15,3,False,39,Medium,70.9090909090909,False,False,False,3,70.9090909090909,Medium
REST_000765,كوفليت,restaurant,Unknown,24.8131505,46.6460734,Prince Faisal bin Fahd Stadium,7.999713221320555,Moderate,70,2034-07-14 22:00:00,2034,7,14,22,4,True,70,High,100.0,False,True,True,2,100.0,Medium
REST_000920,,restaurant,Unknown,24.7457208,46.6196273,King Fahd International Stadium,9.607457209008999,Moderate,154,2034-07-09 19:00:00,2034,7,9,19,6,False,144,High,93.5064935064935,False,True,True,2,93.5064935064935,Large
REST_000314,Kudu,restaurant,Unknown,24.7668483,46.7553554,Prince Faisal bin Fahd Stadium,4.513441563268799,Close,155,2034-06-29 18:00:00,2034,6,29,18,3,False,59,Low,38.064516129032256,False,False,False,3,38.064516129032256,Large
REST_000069,cloud9coffee,cafe,Unknown,21.5595812,39.1333432,King Abdullah Sports City,8.073010297782776,Moderate,59,2034-07-12 09:00:00,2034,7,12,9,2,False,51,High,86.4406779661017,False,False,False,2,86.4406779661017,Medium
REST_001438,Kudu,fast_food,Unknown,24.7008015,46.6767139,King Fahd International Stadium,2.094473404330583,Close,64,2034-07-03 12:00:00,2034,7,3,12,0,False,40,Medium,62.5,True,False,True,3,62.5,Medium
REST_001458,شاورمر,fast_food,Unknown,26.393925,43.9259582,King Abdullah City Stadium,5.063201120698004,Moderate,76,2034-07-13 18:00:00,2034,7,13,18,3,False,37,Low,48.68421052631579,False,False,False,2,48.68421052631579,Medium
REST_001145,Tahina,restaurant,Unknown,21.5830269,39.1440081,King Abdullah Sports City,6.082540579162459,Moderate,178,2034-06-24 10:00:00,2034,6,24,10,5,True,86,Low,48.31460674157304,False,False,False,2,48.31460674157304,Large
REST_000539,Pizza Hut,fast_food,Unknown,26.46027,50.092427,Prince Mohammed bin Fahd Stadium,4.4147772647908265,Close,58,2034-06-22 10:00:00,2034,6,22,10,3,False,28,Low,48.275862068965516,False,False,False,3,48.275862068965516,Medium
REST_000322,Mahboob,fast_food,Unknown,24.7590745,46.6639915,Prince Faisal bin Fahd Stadium,4.9559935509830595,Close,50,2034-07-06 18:00:00,2034,7,6,18,3,False,46,High,92.0,False,False,False,3,92.0,Medium
REST_001344,كنتاكي,restaurant,Unknown,21.6131515,39.1531451,King Abdullah Sports City,4.496880710443324,Close,114,2034-07-01 17:00:00,2034,7,1,17,5,True,112,High,98.24561403508771,False,False,False,3,98.24561403508771,Large
REST_000802,فوال الخرطوم,restaurant,Unknown,24.6887974,46.764801,King Fahd International Stadium,7.948332152832165,Moderate,127,2034-07-03 10:00:00,2034,7,3,10,0,False,49,Low,38.582677165354326,False,False,False,2,38.582677165354326,Large
REST_000405,Chkn,fast_food,Unknown,24.7052437,46.6856344,King Fahd International Stadium,2.3520335760972437,Close,70,2034-06-24 12:00:00,2034,6,24,12,5,True,70,High,100.0,True,False,True,3,100.0,Medium
REST_000120,طيف ماضينا,restaurant,Unknown,26.40684,50.107802,Prince Mohammed bin Fahd Stadium,2.4405236711242657,Close,78,2034-06-27 21:00:00,2034,6,27,21,1,False,78,High,100.0,False,True,True,3,100.0,Medium
REST_000112,السيف لاونج,cafe,Unknown,26.4568159,50.1307542,Prince Mohammed bin Fahd Stadium,5.794504884134874,Moderate,72,2034-06-26 12:00:00,2034,6,26,12,0,False,60,High,83.33333333333334,True,False,True,2,83.33333333333334,Medium
REST_001497,فيشون,restaurant,Unknown,26.3961832,43.9496378,King Abdullah City Stadium,3.692774209613721,Close,157,2034-06-30 21:00:00,2034,6,30,21,4,True,157,High,100.0,False,True,True,3,100.0,Large
REST_000346,,cafe,Unknown,24.7776024,46.7075291,Prince Faisal bin Fahd Stadium,0.7244669765230232,Very Close,49,2034-06-04 11:00:00,2034,6,4,11,6,False,49,High,100.0,False,False,False,4,100.0,Small
REST_000279,دجاج كنتاكي,fast_food,Unknown,26.3787797,43.9523162,King Abdullah City Stadium,1.9640570360088907,Very Close,37,2034-07-10 13:00:00,2034,7,10,13,0,False,31,High,83.78378378378379,True,False,True,4,83.78378378378379,Small
REST_000477,Italian,restaurant,Unknown,24.7707353,46.6720081,Prince Faisal bin Fahd Stadium,3.938891701818023,Close,79,2034-06-12 12:00:00,2034,6,12,12,0,False,74,High,93.67088607594937,True,False,True,3,93.67088607594937,Medium
REST_000746,Marina Petit Cafe,restaurant,Unknown,21.6533769,39.1025319,King Abdullah Sports City,2.856232064999067,Close,105,2034-07-08 17:00:00,2034,7,8,17,5,True,81,Medium,77.14285714285715,False,False,False,3,77.14285714285715,Large
REST_000763,دونربير,restaurant,Unknown,24.8183863,46.6426174,Prince Faisal bin Fahd Stadium,8.623688215721925,Moderate,62,2034-07-01 18:00:00,2034,7,1,18,5,True,56,High,90.32258064516128,False,False,False,2,90.32258064516128,Medium
REST_000702,Kaman Lounge,cafe,Unknown,24.8318742,46.7325524,Prince Faisal bin Fahd Stadium,7.014693590946382,Moderate,76,2034-07-03 09:00:00,2034,7,3,9,0,False,30,Low,39.473684210526315,False,False,False,2,39.473684210526315,Medium
REST_000027,واينز,cafe,Unknown,24.847172,46.7334545,Prince Faisal bin Fahd Stadium,8.671282932966674,Moderate,31,2034-07-05 19:00:00,2034,7,5,19,2,False,19,Medium,61.29032258064516,False,True,True,2,61.29032258064516,Small
REST_000307,مطعم بيت السندباد,restaurant,Unknown,26.3570557,43.9522896,King Abdullah City Stadium,1.792025346765346,Very Close,50,2034-06-04 21:00:00,2034,6,4,21,6,False,50,High,100.0,False,True,True,4,100.0,Medium
REST_001570,,cafe,Unknown,24.7941063,46.6554261,Prince Faisal bin Fahd Stadium,6.1297478461302,Moderate,22,2034-07-02 14:00:00,2034,7,2,14,6,False,18,High,81.81818181818183,True,False,True,2,81.81818181818183,Small
REST_000334,Krispy Kreme,fast_food,Unknown,24.8008561,46.7438247,Prince Faisal bin Fahd Stadium,4.620337375864432,Close,35,2034-07-05 16:00:00,2034,7,5,16,2,False,31,High,88.57142857142857,False,False,False,3,88.57142857142857,Small
REST_001107,كانتون,fast_food,Unknown,24.684872,46.7751744,King Fahd International Stadium,8.979753197045342,Moderate,76,2034-06-26 22:00:00,2034,6,26,22,0,False,68,High,89.47368421052632,False,True,True,2,89.47368421052632,Medium
REST_001114,كانتون,fast_food,Unknown,26.4621818,50.0643558,Prince Mohammed bin Fahd Stadium,5.215248827445351,Moderate,36,2034-06-02 16:00:00,2034,6,2,16,4,True,13,Low,36.11111111111111,False,False,False,2,36.11111111111111,Small
REST_001563,Herfy,fast_food,Unknown,24.767528,46.6643418,Prince Faisal bin Fahd Stadium,4.735857869237161,Close,33,2034-06-23 13:00:00,2034,6,23,13,4,True,33,High,100.0,True,False,True,3,100.0,Small
REST_000693,Bharath Restaurant,restaurant,Unknown,24.6747018,46.7444784,King Fahd International Stadium,5.970410854236347,Moderate,135,2034-07-11 14:00:00,2034,7,11,14,1,False,135,High,100.0,True,False,True,2,100.0,Large
REST_000814,KFC,fast_food,Unknown,21.6402961,39.1307083,King Abdullah Sports City,2.1274003299759787,Close,44,2034-07-09 22:00:00,2034,7,9,22,6,False,29,Medium,65.9090909090909,False,True,True,3,65.9090909090909,Small
REST_000683,بارنز,cafe,Unknown,21.6013229,39.1712084,King Abdullah Sports City,6.753920525841267,Moderate,39,2034-06-03 12:00:00,2034,6,3,12,5,True,39,High,100.0,True,False,True,2,100.0,Small
REST_000673,,fast_food,Unknown,21.6225219,39.1638091,King Abdullah Sports City,5.262932147840783,Moderate,70,2034-06-26 19:00:00,2034,6,26,19,0,False,70,High,100.0,False,True,True,2,100.0,Medium
REST_001266,,cafe,Unknown,24.7938053,46.6451279,Prince Faisal bin Fahd Stadium,7.082110327484095,Moderate,91,2034-06-09 20:00:00,2034,6,9,20,4,True,91,High,100.0,False,True,True,2,100.0,Medium
REST_001376,بروستد كوفي,restaurant,Unknown,24.6401514,46.7083399,King Fahd International Stadium,5.370451118649105,Moderate,77,2034-06-03 10:00:00,2034,6,3,10,5,True,56,Medium,72.72727272727273,False,False,False,2,72.72727272727273,Medium
REST_000387,ليفاني كوفي - Leivani coffee,cafe,Unknown,24.747746,46.7018094,Prince Faisal bin Fahd Stadium,2.841605378077961,Close,77,2034-06-02 13:00:00,2034,6,2,13,4,True,77,High,100.0,True,False,True,3,100.0,Medium
REST_000594,ستاربكس,cafe,Unknown,24.8178723,46.6870169,Prince Faisal bin Fahd Stadium,5.656185142465266,Moderate,59,2034-07-10 19:00:00,2034,7,10,19,0,False,59,High,100.0,False,True,True,2,100.0,Medium
REST_000061,KFC,fast_food,Unknown,26.3823463,50.1781289,Prince Mohammed bin Fahd Stadium,9.866260254697771,Moderate,60,2034-07-01 21:00:00,2034,7,1,21,5,True,60,High,100.0,False,True,True,2,100.0,Medium
REST_000002,مطعم النافورة,restaurant,Unknown,24.7990314,46.78546,Prince Faisal bin Fahd Stadium,8.099702923725907,Moderate,186,2034-06-11 13:00:00,2034,6,11,13,6,False,131,Medium,70.43010752688173,True,False,True,2,70.43010752688173,Large
REST_001283,,cafe,Unknown,24.7821629,46.7063921,Prince Faisal bin Fahd Stadium,1.2323621339488111,Very Close,85,2034-06-24 14:00:00,2034,6,24,14,5,True,85,High,100.0,True,False,True,4,100.0,Medium
REST_000654,Lebanon Al Kabeer,restaurant,Unknown,24.7104422,46.6924391,King Fahd International Stadium,2.994057367977562,Close,188,2034-06-07 16:00:00,2034,6,7,16,2,False,171,High,90.95744680851064,False,False,False,3,90.95744680851064,Large
REST_000177,مطعم الجود,restaurant,Unknown,26.4018463,50.0286218,Prince Mohammed bin Fahd Stadium,6.3491763003360795,Moderate,117,2034-07-11 14:00:00,2034,7,11,14,1,False,89,Medium,76.06837606837607,True,False,True,2,76.06837606837607,Large
REST_001457,ديل برجر,restaurant,Unknown,26.3926371,43.9203766,King Abdullah City Stadium,5.441693716202213,Moderate,167,2034-06-18 15:00:00,2034,6,18,15,6,False,115,Medium,68.8622754491018,False,False,False,2,68.8622754491018,Large
REST_001276,Kudu,fast_food,Unknown,24.7796537,46.7883129,Prince Faisal bin Fahd Stadium,7.852979221204432,Moderate,34,2034-07-15 15:00:00,2034,7,15,15,5,True,12,Low,35.294117647058826,False,False,False,2,35.294117647058826,Small
REST_000667,صب واي,fast_food,Unknown,26.357221,43.965995,King Abdullah City Stadium,1.0563545340912888,Very Close,62,2034-06-17 08:00:00,2034,6,17,8,5,True,54,High,87.09677419354838,False,False,False,4,87.09677419354838,Medium
REST_000682,ستاربكس,cafe,Unknown,21.5768392,39.1091898,King Abdullah Sports City,5.905807231835083,Moderate,24,2034-07-14 19:00:00,2034,7,14,19,4,True,24,High,100.0,False,True,True,2,100.0,Small
REST_000630,NOOR CAFE | نور كافيه,cafe,Unknown,24.7739257,46.7093414,Prince Faisal bin Fahd Stadium,0.2806741776903812,Very Close,85,2034-06-02 12:00:00,2034,6,2,12,4,True,85,High,100.0,True,False,True,4,100.0,Medium
REST_000672,Chuck E. Cheese,restaurant,Unknown,21.6244626,39.1530151,King Abdullah Sports City,4.127451007911805,Close,140,2034-06-06 15:00:00,2034,6,6,15,1,False,75,Medium,53.57142857142857,False,False,False,3,53.57142857142857,Large
REST_000662,,restaurant,Unknown,21.5938365,39.1310084,King Abdullah Sports City,4.389499925790339,Close,172,2034-06-18 19:00:00,2034,6,18,19,6,False,172,High,100.0,False,True,True,3,100.0,Large
REST_000059,كافيه دي جاردن,cafe,Unknown,24.802743,46.7165124,Prince Faisal bin Fahd Stadium,3.4744386588744103,Close,77,2034-06-30 16:00:00,2034,6,30,16,4,True,77,High,100.0,False,False,False,3,100.0,Medium
REST_000846,Ranosh,fast_food,Unknown,24.8336759,46.733879,Prince Faisal bin Fahd Stadium,7.246971349091567,Moderate,49,2034-06-10 16:00:00,2034,6,10,16,5,True,30,Medium,61.224489795918366,False,False,False,2,61.224489795918366,Small
REST_000048,Cinnabon,fast_food,Unknown,24.7375941,46.7978042,Prince Faisal bin Fahd Stadium,9.5593299885977,Moderate,58,2034-06-14 13:00:00,2034,6,14,13,2,False,25,Low,43.103448275862064,True,False,True,2,43.103448275862064,Medium
REST_001111,كانتون,fast_food,Unknown,24.6863651,46.6475898,King Fahd International Stadium,3.919127586994456,Close,37,2034-06-01 15:00:00,2034,6,1,15,3,False,19,Medium,51.35135135135135,False,False,False,3,51.35135135135135,Small
REST_000533,,restaurant,Unknown,26.4436666,50.1130733,Prince Mohammed bin Fahd Stadium,3.5161346767299198,Close,99,2034-07-01 14:00:00,2034,7,1,14,5,True,99,High,100.0,True,False,True,3,100.0,Medium
REST_000033,arocaria,cafe,Unknown,24.7089154,46.6630009,King Fahd International Stadium,3.6268795046125923,Close,52,2034-07-06 20:00:00,2034,7,6,20,3,False,33,Medium,63.46153846153846,False,True,True,3,63.46153846153846,Medium
REST_000773,ديوان القرية,cafe,Unknown,24.8170503,46.6442351,Prince Faisal bin Fahd Stadium,8.40398756253882,Moderate,58,2034-06-27 20:00:00,2034,6,27,20,1,False,56,High,96.55172413793103,False,True,True,2,96.55172413793103,Medium
REST_001216,Beefbar,restaurant,Unknown,24.7043323,46.7059386,King Fahd International Stadium,2.999598031405568,Close,120,2034-07-07 19:00:00,2034,7,7,19,4,True,120,High,100.0,False,True,True,3,100.0,Large
REST_000049,كودو,fast_food,Unknown,24.781792,46.7316492,Prince Faisal bin Fahd Stadium,2.3571051007927797,Close,69,2034-06-07 16:00:00,2034,6,7,16,2,False,69,High,100.0,False,False,False,3,100.0,Medium
REST_000655,Gulf Royal Chinese Restaurant,restaurant,Unknown,24.7028885,46.6811631,King Fahd International Stadium,2.1526778037766414,Close,102,2034-06-11 17:00:00,2034,6,11,17,6,False,67,Medium,65.68627450980392,False,False,False,3,65.68627450980392,Large
REST_000667,صب واي,fast_food,Unknown,26.357221,43.965995,King Abdullah City Stadium,1.0563545340912888,Very Close,62,2034-07-06 19:00:00,2034,7,6,19,3,False,62,High,100.0,False,True,True,4,100.0,Medium
REST_001266,,cafe,Unknown,24.7938053,46.6451279,Prince Faisal bin Fahd Stadium,7.082110327484095,Moderate,91,2034-07-10 09:00:00,2034,7,10,9,0,False,52,Medium,57.14285714285714,False,False,False,2,57.14285714285714,Medium
REST_000805,19th Century Burger,fast_food,Unknown,21.6419465,39.1300137,King Abdullah Sports City,2.1766029928096278,Close,36,2034-06-25 17:00:00,2034,6,25,17,6,False,18,Medium,50.0,False,False,False,3,50.0,Small
REST_001194,ODD cafe,cafe,Unknown,24.7735044,46.6889856,Prince Faisal bin Fahd Stadium,2.2297762450163434,Close,65,2034-06-26 09:00:00,2034,6,26,9,0,False,50,Medium,76.92307692307693,False,False,False,3,76.92307692307693,Medium
REST_000679,مطعم السبيعي,restaurant,Unknown,24.598203,46.685459,King Fahd International Stadium,9.551688819366255,Moderate,184,2034-06-04 21:00:00,2034,6,4,21,6,False,112,Medium,60.86956521739131,False,True,True,2,60.86956521739131,Large
REST_000759,باستليتا,restaurant,Unknown,24.8119912,46.6462956,Prince Faisal bin Fahd Stadium,7.907992504126639,Moderate,145,2034-06-02 15:00:00,2034,6,2,15,4,True,145,High,100.0,False,False,False,2,100.0,Large
REST_000558,,cafe,Unknown,26.3644115,50.0955797,Prince Mohammed bin Fahd Stadium,6.2953193536538,Moderate,94,2034-06-21 18:00:00,2034,6,21,18,2,False,34,Low,36.17021276595745,False,False,False,2,36.17021276595745,Medium
REST_000684,ماكدونالدز,fast_food,Unknown,21.6011471,39.1708865,King Abdullah Sports City,6.733776259059553,Moderate,46,2034-06-22 09:00:00,2034,6,22,9,3,False,29,Medium,63.04347826086957,False,False,False,2,63.04347826086957,Small
REST_000322,Mahboob,fast_food,Unknown,24.7590745,46.6639915,Prince Faisal bin Fahd Stadium,4.9559935509830595,Close,50,2034-06-27 21:00:00,2034,6,27,21,1,False,39,Medium,78.0,False,True,True,3,78.0,Medium
REST_001335,,restaurant,Unknown,24.7987557,46.6663059,Prince Faisal bin Fahd Stadium,5.410669423428039,Moderate,70,2034-06-23 19:00:00,2034,6,23,19,4,True,70,High,100.0,False,True,True,2,100.0,Medium
REST_000497,بيت الدجاج,fast_food,Unknown,26.3618725,43.9583732,King Abdullah City Stadium,0.988116211265392,Very Close,58,2034-06-01 20:00:00,2034,6,1,20,3,False,58,High,100.0,False,True,True,4,100.0,Medium
REST_001141,فلافل عرفة,restaurant,Unknown,26.356933,43.9523422,King Abdullah City Stadium,1.7960470957293113,Very Close,143,2034-07-14 22:00:00,2034,7,14,22,4,True,143,High,100.0,False,True,True,4,100.0,Large
REST_001307,جافا تايم,cafe,Unknown,24.6828568,46.69716,King Fahd International Stadium,1.105912715294937,Very Close,88,2034-06-06 10:00:00,2034,6,6,10,1,False,46,Medium,52.27272727272727,False,False,False,4,52.27272727272727,Medium
REST_000678,هرفي,fast_food,Unknown,24.5980523,46.684862,King Fahd International Stadium,9.569171453582342,Moderate,35,2034-06-07 17:00:00,2034,6,7,17,2,False,10,Low,28.57142857142857,False,False,False,2,28.57142857142857,Small
REST_001413,The Pancake House,restaurant,Unknown,24.7079737,46.6751704,King Fahd International Stadium,2.8829289311906243,Close,100,2034-06-02 14:00:00,2034,6,2,14,4,True,100,High,100.0,True,False,True,3,100.0,Large
REST_001041,مايسترو,restaurant,Unknown,21.5991497,39.1446547,King Abdullah Sports City,4.689150418406639,Close,61,2034-07-01 10:00:00,2034,7,1,10,5,True,61,High,100.0,False,False,False,3,100.0,Medium
REST_001088,كانتون,fast_food,Unknown,24.8250499,46.7505652,Prince Faisal bin Fahd Stadium,7.132901944566299,Moderate,66,2034-06-08 12:00:00,2034,6,8,12,3,False,42,Medium,63.63636363636363,True,False,True,2,63.63636363636363,Medium
REST_000105,,cafe,Unknown,26.4509591,50.1064509,Prince Mohammed bin Fahd Stadium,3.7959962999609917,Close,84,2034-06-09 09:00:00,2034,6,9,9,4,True,56,Medium,66.66666666666666,False,False,False,3,66.66666666666666,Medium
REST_001423,Shiraz Restaurant (Iranian),restaurant,Unknown,24.7014755,46.6916745,King Fahd International Stadium,2.0069137128661634,Close,95,2034-06-28 12:00:00,2034,6,28,12,2,False,95,High,100.0,True,False,True,3,100.0,Medium
REST_001496,ماكدونالدز,fast_food,Unknown,26.3867527,43.9634966,King Abdullah City Stadium,2.252478544125855,Close,77,2034-06-07 10:00:00,2034,6,7,10,2,False,53,Medium,68.83116883116884,False,False,False,3,68.83116883116884,Medium
REST_000431,,restaurant,Unknown,21.5934705,39.1460582,King Abdullah Sports City,5.258085772146678,Moderate,107,2034-06-25 13:00:00,2034,6,25,13,6,False,57,Medium,53.271028037383175,True,False,True,2,53.271028037383175,Large
REST_000169,مطعم البيت السوري,restaurant,Unknown,26.4416327,50.0771557,Prince Mohammed bin Fahd Stadium,2.600399165773961,Close,187,2034-06-30 15:00:00,2034,6,30,15,4,True,90,Low,48.1283422459893,False,False,False,3,48.1283422459893,Large
REST_001418,Shikara Restaurant,restaurant,Unknown,24.7128171,46.6711407,King Fahd International Stadium,3.541438994349068,Close,119,2034-06-24 17:00:00,2034,6,24,17,5,True,92,Medium,77.31092436974791,False,False,False,3,77.31092436974791,Large
REST_000596,دانكن دونتس,fast_food,Unknown,24.8185961,46.6866878,Prince Faisal bin Fahd Stadium,5.743140914582132,Moderate,48,2034-06-18 10:00:00,2034,6,18,10,6,False,34,Medium,70.83333333333334,False,False,False,2,70.83333333333334,Small
REST_001416,,cafe,Unknown,24.6987722,46.6900044,King Fahd International Stadium,1.6738491454561468,Very Close,61,2034-07-08 17:00:00,2034,7,8,17,5,True,61,High,100.0,False,False,False,4,100.0,Medium
REST_000824,مقهى بلانو كافيه,cafe,Unknown,24.7379427,46.6889009,Prince Faisal bin Fahd Stadium,4.385983710593129,Close,85,2034-07-05 18:00:00,2034,7,5,18,2,False,85,High,100.0,False,False,False,3,100.0,Medium
REST_001564,,restaurant,Unknown,24.7667736,46.6596068,Prince Faisal bin Fahd Stadium,5.220140939662833,Moderate,173,2034-07-03 17:00:00,2034,7,3,17,0,False,127,Medium,73.41040462427746,False,False,False,2,73.41040462427746,Large
REST_000167,Kudu,restaurant,Unknown,26.4508454,50.118796,Prince Mohammed bin Fahd Stadium,4.489541804088695,Close,64,2034-07-06 14:00:00,2034,7,6,14,3,False,64,High,100.0,True,False,True,3,100.0,Medium
REST_001212,Urth Caffe,cafe,Unknown,24.6749932,46.6246864,King Fahd International Stadium,6.3071408996924445,Moderate,45,2034-07-07 09:00:00,2034,7,7,9,4,True,30,Medium,66.66666666666666,False,False,False,2,66.66666666666666,Small
REST_000032,بيتزا هت,restaurant,Unknown,24.7052277,46.6854976,King Fahd International Stadium,2.3506911903769763,Close,67,2034-07-15 18:00:00,2034,7,15,18,5,True,67,High,100.0,False,False,False,3,100.0,Medium
REST_000342,,restaurant,Unknown,24.7938651,46.6548152,Prince Faisal bin Fahd Stadium,6.175594203497771,Moderate,96,2034-06-18 16:00:00,2034,6,18,16,6,False,32,Low,33.33333333333333,False,False,False,2,33.33333333333333,Medium
REST_001470,عالم البيتزا,restaurant,Unknown,26.3735217,43.9304679,King Abdullah City Stadium,3.6884409469073103,Close,149,2034-06-03 15:00:00,2034,6,3,15,5,True,149,High,100.0,False,False,False,3,100.0,Large
REST_001494,فلافل عرفة,restaurant,Unknown,26.3565213,43.9529245,King Abdullah City Stadium,1.7789626297867553,Very Close,161,2034-06-21 12:00:00,2034,6,21,12,2,False,161,High,100.0,True,False,True,4,100.0,Large
REST_000766,هاك شاورما,restaurant,Unknown,24.7953516,46.6352325,Prince Faisal bin Fahd Stadium,8.081292725182989,Moderate,156,2034-06-23 12:00:00,2034,6,23,12,4,True,139,High,89.1025641025641,True,False,True,2,89.1025641025641,Large
REST_000336,شاورمر,fast_food,Unknown,24.8114498,46.6261347,Prince Faisal bin Fahd Stadium,9.629738008464582,Moderate,36,2034-07-04 18:00:00,2034,7,4,18,1,False,15,Low,41.66666666666667,False,False,False,2,41.66666666666667,Small
REST_000844,دانكن دونتس,fast_food,Unknown,24.8346375,46.7354588,Prince Faisal bin Fahd Stadium,7.4000600489304045,Moderate,61,2034-07-12 15:00:00,2034,7,12,15,2,False,30,Low,49.18032786885246,False,False,False,2,49.18032786885246,Medium
REST_000690,دانكن دونتس,fast_food,Unknown,21.5724549,39.1586974,King Abdullah Sports City,7.905330247035989,Moderate,53,2034-07-05 08:00:00,2034,7,5,8,2,False,18,Low,33.9622641509434,False,False,False,2,33.9622641509434,Medium
REST_000655,Gulf Royal Chinese Restaurant,restaurant,Unknown,24.7028885,46.6811631,King Fahd International Stadium,2.1526778037766414,Close,102,2034-06-22 18:00:00,2034,6,22,18,3,False,44,Low,43.13725490196079,False,False,False,3,43.13725490196079,Large
REST_001006,مطبخ و مطعم همام,restaurant,Unknown,21.6118522,39.1236758,King Abdullah Sports City,2.255948652574545,Close,99,2034-07-08 18:00:00,2034,7,8,18,5,True,63,Medium,63.63636363636363,False,False,False,3,63.63636363636363,Medium
REST_000574,عمو نبيل للمأكولات البحرية,restaurant,Unknown,21.5867638,39.1575781,King Abdullah Sports City,6.607926746952486,Moderate,156,2034-06-08 14:00:00,2034,6,8,14,3,False,138,High,88.46153846153845,True,False,True,2,88.46153846153845,Large
REST_001417,,restaurant,Unknown,24.697574,46.687515,King Fahd International Stadium,1.503260463121365,Very Close,59,2034-07-01 15:00:00,2034,7,1,15,5,True,59,High,100.0,False,False,False,4,100.0,Medium
REST_001113,كانتون,fast_food,Unknown,24.601063,46.698922,King Fahd International Stadium,9.321001131896013,Moderate,44,2034-06-22 10:00:00,2034,6,22,10,3,False,21,Low,47.72727272727273,False,False,False,2,47.72727272727273,Small
REST_000682,ستاربكس,cafe,Unknown,21.5768392,39.1091898,King Abdullah Sports City,5.905807231835083,Moderate,24,2034-06-03 15:00:00,2034,6,3,15,5,True,24,High,100.0,False,False,False,2,100.0,Small
REST_000667,صب واي,fast_food,Unknown,26.357221,43.965995,King Abdullah City Stadium,1.0563545340912888,Very Close,62,2034-06-28 08:00:00,2034,6,28,8,2,False,51,High,82.25806451612904,False,False,False,4,82.25806451612904,Medium
REST_001127,كانتون,fast_food,Unknown,21.5496814,39.1476104,King Abdullah Sports City,9.581478278878778,Moderate,64,2034-06-02 12:00:00,2034,6,2,12,4,True,31,Low,48.4375,True,False,True,2,48.4375,Medium
REST_000635,,cafe,Unknown,21.5723976,39.1433779,King Abdullah Sports City,7.09101064382348,Moderate,83,2034-06-11 11:00:00,2034,6,11,11,6,False,70,High,84.33734939759037,False,False,False,2,84.33734939759037,Medium
REST_001343,friday's,restaurant,Unknown,21.6315972,39.1333664,King Abdullah Sports City,2.0631811575655674,Close,160,2034-06-02 14:00:00,2034,6,2,14,4,True,160,High,100.0,True,False,True,3,100.0,Large
REST_000638,Fish & Chips,fast_food,Unknown,24.7006869,46.6928923,King Fahd International Stadium,1.9609427883677322,Very Close,31,2034-06-26 11:00:00,2034,6,26,11,0,False,22,Medium,70.96774193548387,False,False,False,4,70.96774193548387,Small
REST_000290,مطعم نايستي رويال,restaurant,Unknown,26.3759626,43.9827338,King Abdullah City Stadium,1.9006057710493627,Very Close,74,2034-07-01 14:00:00,2034,7,1,14,5,True,74,High,100.0,True,False,True,4,100.0,Medium
REST_000391,Tofarea Restaurant,restaurant,Unknown,21.5966742,39.1436491,King Abdullah Sports City,4.825095711016929,Close,148,2034-07-09 22:00:00,2034,7,9,22,6,False,148,High,100.0,False,True,True,3,100.0,Large
REST_000347,,cafe,Unknown,24.7787495,46.7118329,Prince Faisal bin Fahd Stadium,0.7662576771674339,Very Close,30,2034-06-26 11:00:00,2034,6,26,11,0,False,22,Medium,73.33333333333333,False,False,False,4,73.33333333333333,Small
REST_000037,Ghawar,restaurant,Unknown,24.6697399,46.7315827,King Fahd International Stadium,4.846000136590066,Close,57,2034-06-27 21:00:00,2034,6,27,21,1,False,37,Medium,64.91228070175438,False,True,True,3,64.91228070175438,Medium
REST_000750,شريمبلس,restaurant,Unknown,24.8182369,46.6422566,Prince Faisal bin Fahd Stadium,8.642958312867966,Moderate,110,2034-06-25 16:00:00,2034,6,25,16,6,False,94,High,85.45454545454545,False,False,False,2,85.45454545454545,Large
REST_000927,د.كيف,cafe,Unknown,24.6746514,46.7799945,King Fahd International Stadium,9.52484767466136,Moderate,54,2034-07-11 16:00:00,2034,7,11,16,1,False,23,Low,42.592592592592595,False,False,False,2,42.592592592592595,Medium
REST_000140,مطعم خاروف الشيف,restaurant,Unknown,26.4553987,50.0968831,Prince Mohammed bin Fahd Stadium,3.941361623330932,Close,165,2034-07-08 21:00:00,2034,7,8,21,5,True,127,Medium,76.96969696969697,False,True,True,3,76.96969696969697,Large
REST_001460,مطاعم ومطابخ مضياف,restaurant,Unknown,26.404773,43.9141945,King Abdullah City Stadium,6.728810304967679,Moderate,114,2034-07-03 17:00:00,2034,7,3,17,0,False,65,Medium,57.01754385964912,False,False,False,2,57.01754385964912,Large
REST_000502,سمكة حرة,restaurant,Unknown,21.5809069,39.1603235,King Abdullah Sports City,7.279425720687104,Moderate,72,2034-07-03 22:00:00,2034,7,3,22,0,False,72,High,100.0,False,True,True,2,100.0,Medium
REST_000752,اليجرو,cafe,Unknown,24.8105987,46.6473842,Prince Faisal bin Fahd Stadium,7.7302515093621835,Moderate,84,2034-07-15 14:00:00,2034,7,15,14,5,True,84,High,100.0,True,False,True,2,100.0,Medium
REST_000702,Kaman Lounge,cafe,Unknown,24.8318742,46.7325524,Prince Faisal bin Fahd Stadium,7.014693590946382,Moderate,76,2034-06-30 10:00:00,2034,6,30,10,4,True,28,Low,36.84210526315789,False,False,False,2,36.84210526315789,Medium
REST_000682,ستاربكس,cafe,Unknown,21.5768392,39.1091898,King Abdullah Sports City,5.905807231835083,Moderate,24,2034-07-11 13:00:00,2034,7,11,13,1,False,23,High,95.83333333333334,True,False,True,2,95.83333333333334,Small
REST_000127,Various,fast_food,Unknown,26.40382,50.0573913,Prince Mohammed bin Fahd Stadium,3.6478713725823533,Close,61,2034-06-02 19:00:00,2034,6,2,19,4,True,61,High,100.0,False,True,True,3,100.0,Medium
REST_000117,,fast_food,Unknown,26.4141811,50.1200195,Prince Mohammed bin Fahd Stadium,3.1923339300378895,Close,68,2034-06-06 11:00:00,2034,6,6,11,1,False,32,Low,47.05882352941176,False,False,False,3,47.05882352941176,Medium
REST_000750,شريمبلس,restaurant,Unknown,24.8182369,46.6422566,Prince Faisal bin Fahd Stadium,8.642958312867966,Moderate,110,2034-07-10 08:00:00,2034,7,10,8,0,False,89,High,80.9090909090909,False,False,False,2,80.9090909090909,Large
REST_000753,Emmy Squared Pizza,restaurant,Unknown,21.6520446,39.1003966,King Abdullah Sports City,2.819990562693474,Close,111,2034-07-06 14:00:00,2034,7,6,14,3,False,111,High,100.0,True,False,True,3,100.0,Large
REST_000333,بيتزا هت,restaurant,Unknown,24.8004341,46.7399092,Prince Faisal bin Fahd Stadium,4.310936884667517,Close,139,2034-06-07 09:00:00,2034,6,7,9,2,False,110,Medium,79.13669064748201,False,False,False,3,79.13669064748201,Large
REST_001331,,restaurant,Unknown,24.8072019,46.7805878,Prince Faisal bin Fahd Stadium,8.047144803866747,Moderate,87,2034-06-11 19:00:00,2034,6,11,19,6,False,81,High,93.10344827586206,False,True,True,2,93.10344827586206,Medium
REST_000573,LITE AND DELIGHT,cafe,Unknown,21.568907,39.165085,King Abdullah Sports City,8.619135423414782,Moderate,66,2034-06-04 20:00:00,2034,6,4,20,6,False,41,Medium,62.121212121212125,False,True,True,2,62.121212121212125,Medium
REST_000344,,restaurant,Unknown,24.7799522,46.6939272,Prince Faisal bin Fahd Stadium,1.942345146229976,Very Close,57,2034-07-05 14:00:00,2034,7,5,14,2,False,57,High,100.0,True,False,True,4,100.0,Medium
REST_001127,كانتون,fast_food,Unknown,21.5496814,39.1476104,King Abdullah Sports City,9.581478278878778,Moderate,64,2034-07-05 09:00:00,2034,7,5,9,2,False,23,Low,35.9375,False,False,False,2,35.9375,Medium
REST_001379,واحد فول,restaurant,Unknown,24.6609768,46.7013086,King Fahd International Stadium,2.985101121124223,Close,103,2034-06-15 19:00:00,2034,6,15,19,3,False,97,High,94.1747572815534,False,True,True,3,94.1747572815534,Large
REST_001061,QEUZ,restaurant,Unknown,24.8049729,46.6607622,Prince Faisal bin Fahd Stadium,6.264526233635944,Moderate,130,2034-07-13 15:00:00,2034,7,13,15,3,False,113,High,86.92307692307692,False,False,False,2,86.92307692307692,Large
REST_000846,Ranosh,fast_food,Unknown,24.8336759,46.733879,Prince Faisal bin Fahd Stadium,7.246971349091567,Moderate,49,2034-06-14 22:00:00,2034,6,14,22,2,False,49,High,100.0,False,True,True,2,100.0,Small
REST_000144,,fast_food,Unknown,26.4554155,50.0889525,Prince Mohammed bin Fahd Stadium,3.8602173379676294,Close,71,2034-07-03 13:00:00,2034,7,3,13,0,False,45,Medium,63.38028169014085,True,False,True,3,63.38028169014085,Medium
REST_001297,McDonald's,fast_food,Unknown,24.8026886,46.7949259,Prince Faisal bin Fahd Stadium,9.13792283907063,Moderate,56,2034-06-25 18:00:00,2034,6,25,18,6,False,31,Medium,55.35714285714286,False,False,False,2,55.35714285714286,Medium
REST_000685,مطعم تاكسي,fast_food,Unknown,24.5977115,46.6843568,King Fahd International Stadium,9.607970430368933,Moderate,45,2034-07-08 12:00:00,2034,7,8,12,5,True,45,High,100.0,True,False,True,2,100.0,Small
REST_000317,ميوزد بيت القهوة,cafe,Unknown,24.8035305,46.6743369,Prince Faisal bin Fahd Stadium,5.105766897844834,Moderate,97,2034-06-16 14:00:00,2034,6,16,14,4,True,97,High,100.0,True,False,True,2,100.0,Medium
REST_000655,Gulf Royal Chinese Restaurant,restaurant,Unknown,24.7028885,46.6811631,King Fahd International Stadium,2.1526778037766414,Close,102,2034-06-26 12:00:00,2034,6,26,12,0,False,102,High,100.0,True,False,True,3,100.0,Large
REST_000298,تشيز برقر,fast_food,Unknown,26.3906432,43.9182763,King Abdullah City Stadium,5.509759371692815,Moderate,54,2034-06-09 08:00:00,2034,6,9,8,4,True,20,Low,37.03703703703704,False,False,False,2,37.03703703703704,Medium
REST_001499,مندي صالح,restaurant,Unknown,26.324595,43.9612958,King Abdullah City Stadium,4.712729775299977,Close,93,2034-06-10 20:00:00,2034,6,10,20,5,True,93,High,100.0,False,True,True,3,100.0,Medium
REST_001412,,cafe,Unknown,24.7078801,46.6747489,King Fahd International Stadium,2.890276620829415,Close,47,2034-06-13 22:00:00,2034,6,13,22,1,False,47,High,100.0,False,True,True,3,100.0,Small
REST_001023,Agio,restaurant,Unknown,24.7521049,46.624429,Prince Faisal bin Fahd Stadium,9.014046215456707,Moderate,109,2034-07-01 19:00:00,2034,7,1,19,5,True,109,High,100.0,False,True,True,2,100.0,Large
REST_000407,Chkn,fast_food,Unknown,24.8453094,46.7582844,Prince Faisal bin Fahd Stadium,9.455576825942822,Moderate,50,2034-06-30 17:00:00,2034,6,30,17,4,True,48,High,96.0,False,False,False,2,96.0,Medium
REST_001143,الشام شامك,restaurant,Unknown,26.3960741,43.9496506,King Abdullah City Stadium,3.6814203848002136,Close,105,2034-06-19 22:00:00,2034,6,19,22,0,False,105,High,100.0,False,True,True,3,100.0,Large
REST_000315,,restaurant,Unknown,24.8129579,46.6472593,Prince Faisal bin Fahd Stadium,7.889523934515827,Moderate,175,2034-07-12 08:00:00,2034,7,12,8,2,False,76,Low,43.42857142857143,False,False,False,2,43.42857142857143,Large
REST_000759,باستليتا,restaurant,Unknown,24.8119912,46.6462956,Prince Faisal bin Fahd Stadium,7.907992504126639,Moderate,145,2034-06-21 22:00:00,2034,6,21,22,2,False,145,High,100.0,False,True,True,2,100.0,Large
REST_001419,,restaurant,Unknown,24.6976718,46.6875901,King Fahd International Stadium,1.514733255482438,Very Close,67,2034-07-04 10:00:00,2034,7,4,10,1,False,33,Low,49.25373134328358,False,False,False,4,49.25373134328358,Medium
REST_000282,كودو,restaurant,Unknown,26.3573865,43.9661676,King Abdullah City Stadium,1.0369714984039948,Very Close,122,2034-07-15 09:00:00,2034,7,15,9,5,True,102,High,83.60655737704919,False,False,False,4,83.60655737704919,Large
REST_001496,ماكدونالدز,fast_food,Unknown,26.3867527,43.9634966,King Abdullah City Stadium,2.252478544125855,Close,77,2034-06-20 14:00:00,2034,6,20,14,1,False,77,High,100.0,True,False,True,3,100.0,Medium
REST_000638,Fish & Chips,fast_food,Unknown,24.7006869,46.6928923,King Fahd International Stadium,1.9609427883677322,Very Close,31,2034-06-15 17:00:00,2034,6,15,17,3,False,31,High,100.0,False,False,False,4,100.0,Small
REST_000405,Chkn,fast_food,Unknown,24.7052437,46.6856344,King Fahd International Stadium,2.3520335760972437,Close,70,2034-07-04 08:00:00,2034,7,4,8,1,False,61,High,87.14285714285714,False,False,False,3,87.14285714285714,Medium
REST_001291,,cafe,Unknown,24.7857326,46.6336383,Prince Faisal bin Fahd Stadium,7.9602568484893155,Moderate,57,2034-07-09 12:00:00,2034,7,9,12,6,False,35,Medium,61.40350877192983,True,False,True,2,61.40350877192983,Medium
REST_000558,,cafe,Unknown,26.3644115,50.0955797,Prince Mohammed bin Fahd Stadium,6.2953193536538,Moderate,94,2034-06-14 14:00:00,2034,6,14,14,2,False,94,High,100.0,True,False,True,2,100.0,Medium
REST_000077,,restaurant,Unknown,24.8164903,46.7748421,Prince Faisal bin Fahd Stadium,8.131173254585994,Moderate,95,2034-06-11 22:00:00,2034,6,11,22,6,False,95,High,100.0,False,True,True,2,100.0,Medium
REST_000081,pure juice,restaurant,Unknown,26.3608854,50.0972872,Prince Mohammed bin Fahd Stadium,6.704590543009442,Moderate,185,2034-06-11 11:00:00,2034,6,11,11,6,False,89,Low,48.10810810810811,False,False,False,2,48.10810810810811,Large
REST_000523,Be Karam بي كرم,restaurant,Unknown,24.7413004,46.6463797,Prince Faisal bin Fahd Stadium,7.3589187295888925,Moderate,159,2034-07-13 08:00:00,2034,7,13,8,3,False,93,Medium,58.490566037735846,False,False,False,2,58.490566037735846,Large
REST_000939,,restaurant,Unknown,24.6495878,46.7065663,King Fahd International Stadium,4.349808103745881,Close,127,2034-07-06 14:00:00,2034,7,6,14,3,False,127,High,100.0,True,False,True,3,100.0,Large
REST_000292,كوب القهوة,cafe,Unknown,26.3180939,44.0372088,King Abdullah City Stadium,8.864373847296573,Moderate,80,2034-07-02 14:00:00,2034,7,2,14,6,False,64,High,80.0,True,False,True,2,80.0,Medium
REST_000915,Dhahia Juice,fast_food,Unknown,24.8393628,46.732541,Prince Faisal bin Fahd Stadium,7.810262697915714,Moderate,69,2034-06-08 08:00:00,2034,6,8,8,3,False,50,Medium,72.46376811594203,False,False,False,2,72.46376811594203,Medium
REST_001498,فرحات,restaurant,Unknown,26.396264,43.9496302,King Abdullah City Stadium,3.7011003387809818,Close,149,2034-06-14 09:00:00,2034,6,14,9,2,False,144,High,96.64429530201343,False,False,False,3,96.64429530201343,Large
REST_000845,Barn's,restaurant,Unknown,24.8334509,46.733426,Prince Faisal bin Fahd Stadium,7.208773253950492,Moderate,119,2034-06-23 10:00:00,2034,6,23,10,4,True,51,Low,42.857142857142854,False,False,False,2,42.857142857142854,Large
REST_000535,,cafe,Unknown,26.4494409,50.0883834,Prince Mohammed bin Fahd Stadium,3.19611144997641,Close,34,2034-07-09 12:00:00,2034,7,9,12,6,False,34,High,100.0,True,False,True,3,100.0,Small
REST_001134,كانتون,fast_food,Unknown,24.7616196,46.6732453,Prince Faisal bin Fahd Stadium,3.97969955798032,Close,49,2034-07-01 12:00:00,2034,7,1,12,5,True,32,Medium,65.3061224489796,True,False,True,3,65.3061224489796,Small
REST_000606,شواية الحرازي,restaurant,Unknown,21.5918202,39.16888,King Abdullah Sports City,7.1142112353585825,Moderate,130,2034-07-04 20:00:00,2034,7,4,20,1,False,81,Medium,62.30769230769231,False,True,True,2,62.30769230769231,Large
REST_000378,marrsm,cafe,Unknown,21.6103849,39.125339,King Abdullah Sports City,2.4816162492231526,Close,36,2034-06-03 12:00:00,2034,6,3,12,5,True,36,High,100.0,True,False,True,3,100.0,Small
REST_000033,arocaria,cafe,Unknown,24.7089154,46.6630009,King Fahd International Stadium,3.6268795046125923,Close,52,2034-06-06 20:00:00,2034,6,6,20,1,False,43,High,82.6923076923077,False,True,True,3,82.6923076923077,Medium
REST_001228,الطازج,fast_food,Unknown,24.7561287,46.6561546,Prince Faisal bin Fahd Stadium,5.8087604809389175,Moderate,46,2034-06-04 15:00:00,2034,6,4,15,6,False,28,Medium,60.86956521739131,False,False,False,2,60.86956521739131,Small
REST_000616,د.كيف,cafe,Unknown,24.847569,46.7336478,Prince Faisal bin Fahd Stadium,8.718994264118326,Moderate,80,2034-06-22 20:00:00,2034,6,22,20,3,False,67,High,83.75,False,True,True,2,83.75,Medium
REST_000840,ميلانا كافيه,cafe,Unknown,24.8336702,46.7334612,Prince Faisal bin Fahd Stadium,7.233041214872869,Moderate,64,2034-06-09 11:00:00,2034,6,9,11,4,True,27,Low,42.1875,False,False,False,2,42.1875,Medium
REST_000299,EIGHTY + ثمانين,cafe,Unknown,26.4065469,43.9282725,King Abdullah City Stadium,5.855216754611595,Moderate,63,2034-06-20 10:00:00,2034,6,20,10,1,False,43,Medium,68.25396825396825,False,False,False,2,68.25396825396825,Medium
REST_000387,ليفاني كوفي - Leivani coffee,cafe,Unknown,24.747746,46.7018094,Prince Faisal bin Fahd Stadium,2.841605378077961,Close,77,2034-07-01 12:00:00,2034,7,1,12,5,True,67,High,87.01298701298701,True,False,True,3,87.01298701298701,Medium
REST_000935,محمصة الدار,cafe,Unknown,24.6514046,46.7066725,King Fahd International Stadium,4.177932531041271,Close,71,2034-07-06 21:00:00,2034,7,6,21,3,False,71,High,100.0,False,True,True,3,100.0,Medium
REST_000965,Nano Kitchen,restaurant,Unknown,24.7340037,46.6974471,Prince Faisal bin Fahd Stadium,4.43054027730751,Close,112,2034-07-12 19:00:00,2034,7,12,19,2,False,112,High,100.0,False,True,True,3,100.0,Large
REST_000693,Bharath Restaurant,restaurant,Unknown,24.6747018,46.7444784,King Fahd International Stadium,5.970410854236347,Moderate,135,2034-07-04 21:00:00,2034,7,4,21,1,False,124,High,91.85185185185185,False,True,True,2,91.85185185185185,Large
REST_001238,البيك,fast_food,Unknown,21.6058287,39.1070223,King Abdullah Sports City,2.7483116028926604,Close,51,2034-06-18 19:00:00,2034,6,18,19,6,False,51,High,100.0,False,True,True,3,100.0,Medium
REST_000640,Al Rabe'a,restaurant,Unknown,24.6975196,46.7805034,King Fahd International Stadium,9.63353899962464,Moderate,118,2034-06-23 09:00:00,2034,6,23,9,4,True,118,High,100.0,False,False,False,2,100.0,Large
REST_000667,صب واي,fast_food,Unknown,26.357221,43.965995,King Abdullah City Stadium,1.0563545340912888,Very Close,62,2034-07-04 17:00:00,2034,7,4,17,1,False,62,High,100.0,False,False,False,4,100.0,Medium
REST_001409,Friday's,restaurant,Unknown,24.7044957,46.6646636,King Fahd International Stadium,3.149804203532667,Close,164,2034-06-23 14:00:00,2034,6,23,14,4,True,164,High,100.0,True,False,True,3,100.0,Large
REST_000640,Al Rabe'a,restaurant,Unknown,24.6975196,46.7805034,King Fahd International Stadium,9.63353899962464,Moderate,118,2034-06-06 20:00:00,2034,6,6,20,1,False,89,Medium,75.42372881355932,False,True,True,2,75.42372881355932,Large
REST_001433,شوكليت ايتالياني,restaurant,Unknown,24.6969313,46.6858361,King Fahd International Stadium,1.4275450174103979,Very Close,157,2034-06-02 21:00:00,2034,6,2,21,4,True,157,High,100.0,False,True,True,4,100.0,Large
REST_000737,أقوس,restaurant,Unknown,24.7039122,46.7024194,King Fahd International Stadium,2.7395695219487366,Close,127,2034-07-11 21:00:00,2034,7,11,21,1,False,108,High,85.03937007874016,False,True,True,3,85.03937007874016,Large
REST_001107,كانتون,fast_food,Unknown,24.684872,46.7751744,King Fahd International Stadium,8.979753197045342,Moderate,76,2034-06-24 17:00:00,2034,6,24,17,5,True,76,High,100.0,False,False,False,2,100.0,Medium
REST_001498,فرحات,restaurant,Unknown,26.396264,43.9496302,King Abdullah City Stadium,3.7011003387809818,Close,149,2034-06-29 18:00:00,2034,6,29,18,3,False,88,Medium,59.06040268456376,False,False,False,3,59.06040268456376,Large
REST_000503,البيت الحلبي,restaurant,Unknown,21.5810751,39.1602975,King Abdullah Sports City,7.263675490661112,Moderate,193,2034-07-13 21:00:00,2034,7,13,21,3,False,105,Medium,54.40414507772021,False,True,True,2,54.40414507772021,Large
REST_000925,جافا تايم,cafe,Unknown,24.7468121,46.6549157,Prince Faisal bin Fahd Stadium,6.312835867432516,Moderate,44,2034-07-13 21:00:00,2034,7,13,21,3,False,35,Medium,79.54545454545455,False,True,True,2,79.54545454545455,Small
REST_000737,أقوس,restaurant,Unknown,24.7039122,46.7024194,King Fahd International Stadium,2.7395695219487366,Close,127,2034-07-12 14:00:00,2034,7,12,14,2,False,127,High,100.0,True,False,True,3,100.0,Large
REST_000342,,restaurant,Unknown,24.7938651,46.6548152,Prince Faisal bin Fahd Stadium,6.175594203497771,Moderate,96,2034-07-08 13:00:00,2034,7,8,13,5,True,77,High,80.20833333333334,True,False,True,2,80.20833333333334,Medium
REST_001135,كانتون,fast_food,Unknown,21.6321162,39.1554527,King Abdullah Sports City,4.344052787106037,Close,49,2034-06-13 13:00:00,2034,6,13,13,1,False,30,Medium,61.224489795918366,True,False,True,3,61.224489795918366,Small
REST_000123,KFC,fast_food,Unknown,26.3999225,50.0415142,Prince Mohammed bin Fahd Stadium,5.245387849801892,Moderate,76,2034-06-05 08:00:00,2034,6,5,8,0,False,45,Medium,59.210526315789465,False,False,False,2,59.210526315789465,Medium
REST_001227,Mood Master Specialty Coffee Roasters and Cafe,cafe,Unknown,24.8013936,46.7071438,Prince Faisal bin Fahd Stadium,3.3025624772767106,Close,75,2034-07-12 22:00:00,2034,7,12,22,2,False,75,High,100.0,False,True,True,3,100.0,Medium
REST_000757,سمك,restaurant,Unknown,24.8151713,46.6353868,Prince Faisal bin Fahd Stadium,9.022795291434852,Moderate,92,2034-06-16 09:00:00,2034,6,16,9,4,True,58,Medium,63.04347826086957,False,False,False,2,63.04347826086957,Medium
REST_001113,كانتون,fast_food,Unknown,24.601063,46.698922,King Fahd International Stadium,9.321001131896013,Moderate,44,2034-07-15 09:00:00,2034,7,15,9,5,True,44,High,100.0,False,False,False,2,100.0,Small
REST_000078,,restaurant,Unknown,24.8172304,46.7756146,Prince Faisal bin Fahd Stadium,8.243163488733538,Moderate,154,2034-07-08 22:00:00,2034,7,8,22,5,True,96,Medium,62.33766233766234,False,True,True,2,62.33766233766234,Large
REST_000308,ليون كافيه,cafe,Unknown,26.3542632,43.9540151,King Abdullah City Stadium,1.873420729208515,Very Close,71,2034-06-09 15:00:00,2034,6,9,15,4,True,64,High,90.14084507042254,False,False,False,4,90.14084507042254,Medium
REST_001212,Urth Caffe,cafe,Unknown,24.6749932,46.6246864,King Fahd International Stadium,6.3071408996924445,Moderate,45,2034-07-06 12:00:00,2034,7,6,12,3,False,36,High,80.0,True,False,True,2,80.0,Small
REST_000391,Tofarea Restaurant,restaurant,Unknown,21.5966742,39.1436491,King Abdullah Sports City,4.825095711016929,Close,148,2034-07-05 17:00:00,2034,7,5,17,2,False,96,Medium,64.86486486486487,False,False,False,3,64.86486486486487,Large
REST_000347,,cafe,Unknown,24.7787495,46.7118329,Prince Faisal bin Fahd Stadium,0.7662576771674339,Very Close,30,2034-06-25 08:00:00,2034,6,25,8,6,False,24,High,80.0,False,False,False,4,80.0,Small
REST_000701,Vero | فيرو,cafe,Unknown,24.787034,46.6472064,Prince Faisal bin Fahd Stadium,6.656631907640486,Moderate,57,2034-06-23 16:00:00,2034,6,23,16,4,True,36,Medium,63.1578947368421,False,False,False,2,63.1578947368421,Medium
REST_001079,Urth Caffe,cafe,Unknown,21.5668615,39.1248304,King Abdullah Sports City,7.095803038786741,Moderate,80,2034-06-15 16:00:00,2034,6,15,16,3,False,26,Low,32.5,False,False,False,2,32.5,Medium
REST_001436,,fast_food,Unknown,24.6998806,46.6823339,King Fahd International Stadium,1.7998893815554278,Very Close,55,2034-07-01 16:00:00,2034,7,1,16,5,True,55,High,100.0,False,False,False,4,100.0,Medium
REST_001305,ماكدونالدز,fast_food,Unknown,24.7608687,46.6952563,Prince Faisal bin Fahd Stadium,2.007846447499641,Close,71,2034-07-03 14:00:00,2034,7,3,14,0,False,70,High,98.59154929577466,True,False,True,3,98.59154929577466,Medium
REST_000322,Mahboob,fast_food,Unknown,24.7590745,46.6639915,Prince Faisal bin Fahd Stadium,4.9559935509830595,Close,50,2034-06-06 11:00:00,2034,6,6,11,1,False,50,High,100.0,False,False,False,3,100.0,Medium
REST_001412,,cafe,Unknown,24.7078801,46.6747489,King Fahd International Stadium,2.890276620829415,Close,47,2034-06-12 09:00:00,2034,6,12,9,0,False,40,High,85.1063829787234,False,False,False,3,85.1063829787234,Small
REST_001495,,restaurant,Unknown,26.3877205,43.9540534,King Abdullah City Stadium,2.6552758290148737,Close,168,2034-06-13 16:00:00,2034,6,13,16,1,False,114,Medium,67.85714285714286,False,False,False,3,67.85714285714286,Large
REST_001411,,cafe,Unknown,24.7063771,46.6753106,King Fahd International Stadium,2.7145144864048505,Close,98,2034-07-07 11:00:00,2034,7,7,11,4,True,92,High,93.87755102040816,False,False,False,3,93.87755102040816,Medium
REST_000141,مطعم اسماك السلطان,restaurant,Unknown,26.4363725,50.0942901,Prince Mohammed bin Fahd Stadium,1.8264340061687887,Very Close,84,2034-07-05 22:00:00,2034,7,5,22,2,False,84,High,100.0,False,True,True,4,100.0,Medium
REST_001459,مايسترو بيتزا,fast_food,Unknown,26.3940382,43.9258729,King Abdullah City Stadium,5.0775390276442876,Moderate,32,2034-06-16 16:00:00,2034,6,16,16,4,True,21,Medium,65.625,False,False,False,2,65.625,Small
REST_000441,Starbucks,cafe,Unknown,26.4539347,50.1205844,Prince Mohammed bin Fahd Stadium,4.865387943686088,Close,27,2034-06-25 13:00:00,2034,6,25,13,6,False,20,Medium,74.07407407407408,True,False,True,3,74.07407407407408,Small
REST_000298,تشيز برقر,fast_food,Unknown,26.3906432,43.9182763,King Abdullah City Stadium,5.509759371692815,Moderate,54,2034-06-28 12:00:00,2034,6,28,12,2,False,25,Low,46.2962962962963,True,False,True,2,46.2962962962963,Medium
REST_001374,باسكن روبنز,cafe,Unknown,24.6896202,46.7332326,King Fahd International Stadium,4.781266262286317,Close,64,2034-06-01 11:00:00,2034,6,1,11,3,False,55,High,85.9375,False,False,False,3,85.9375,Medium
REST_001384,مطعم السقالة,restaurant,Unknown,21.7179366,39.1039789,King Abdullah Sports City,9.84960291038882,Moderate,94,2034-07-15 19:00:00,2034,7,15,19,5,True,94,High,100.0,False,True,True,2,100.0,Medium
REST_000929,بوردقا,cafe,Unknown,26.3145371,44.0380191,King Abdullah City Stadium,9.17340685021479,Moderate,90,2034-07-04 19:00:00,2034,7,4,19,1,False,90,High,100.0,False,True,True,2,100.0,Medium
REST_001216,Beefbar,restaurant,Unknown,24.7043323,46.7059386,King Fahd International Stadium,2.999598031405568,Close,120,2034-06-01 16:00:00,2034,6,1,16,3,False,88,Medium,73.33333333333333,False,False,False,3,73.33333333333333,Large
REST_000748,ذوق الحجازي,restaurant,Unknown,24.812489,46.6285748,Prince Faisal bin Fahd Stadium,9.46579312144128,Moderate,126,2034-07-11 13:00:00,2034,7,11,13,1,False,121,High,96.03174603174604,True,False,True,2,96.03174603174604,Large
REST_001498,فرحات,restaurant,Unknown,26.396264,43.9496302,King Abdullah City Stadium,3.7011003387809818,Close,149,2034-06-12 08:00:00,2034,6,12,8,0,False,92,Medium,61.74496644295302,False,False,False,3,61.74496644295302,Large
REST_000752,اليجرو,cafe,Unknown,24.8105987,46.6473842,Prince Faisal bin Fahd Stadium,7.7302515093621835,Moderate,84,2034-06-05 14:00:00,2034,6,5,14,0,False,82,High,97.61904761904762,True,False,True,2,97.61904761904762,Medium
REST_001416,,cafe,Unknown,24.6987722,46.6900044,King Fahd International Stadium,1.6738491454561468,Very Close,61,2034-06-02 12:00:00,2034,6,2,12,4,True,61,High,100.0,True,False,True,4,100.0,Medium
REST_000698,بيت الدونات,fast_food,Unknown,21.5768762,39.1497784,King Abdullah Sports City,6.978438990022302,Moderate,36,2034-06-30 08:00:00,2034,6,30,8,4,True,21,Medium,58.333333333333336,False,False,False,2,58.333333333333336,Small
REST_001365,La Plage Resturant,restaurant,Unknown,21.7104034,39.0858491,King Abdullah Sports City,9.407135130792394,Moderate,109,2034-06-05 16:00:00,2034,6,5,16,0,False,61,Medium,55.96330275229357,False,False,False,2,55.96330275229357,Large
REST_001078,Urth Caffe,cafe,Unknown,24.705692,46.7056408,King Fahd International Stadium,3.0955146999388123,Close,48,2034-06-13 11:00:00,2034,6,13,11,1,False,48,High,100.0,False,False,False,3,100.0,Small
REST_001238,البيك,fast_food,Unknown,21.6058287,39.1070223,King Abdullah Sports City,2.7483116028926604,Close,51,2034-06-05 18:00:00,2034,6,5,18,0,False,51,High,100.0,False,False,False,3,100.0,Medium
REST_001061,QEUZ,restaurant,Unknown,24.8049729,46.6607622,Prince Faisal bin Fahd Stadium,6.264526233635944,Moderate,130,2034-06-08 14:00:00,2034,6,8,14,3,False,91,Medium,70.0,True,False,True,2,70.0,Large
REST_001266,,cafe,Unknown,24.7938053,46.6451279,Prince Faisal bin Fahd Stadium,7.082110327484095,Moderate,91,2034-06-02 20:00:00,2034,6,2,20,4,True,67,Medium,73.62637362637363,False,True,True,2,73.62637362637363,Medium
REST_001079,Urth Caffe,cafe,Unknown,21.5668615,39.1248304,King Abdullah Sports City,7.095803038786741,Moderate,80,2034-06-14 11:00:00,2034,6,14,11,2,False,58,Medium,72.5,False,False,False,2,72.5,Medium
REST_000033,arocaria,cafe,Unknown,24.7089154,46.6630009,King Fahd International Stadium,3.6268795046125923,Close,52,2034-06-24 18:00:00,2034,6,24,18,5,True,52,High,100.0,False,False,False,3,100.0,Medium
REST_000457,دانكن دونتس,fast_food,Unknown,24.6807131,46.6945961,King Fahd International Stadium,0.9189211472499675,Very Close,52,2034-06-06 16:00:00,2034,6,6,16,1,False,52,High,100.0,False,False,False,4,100.0,Medium
REST_000746,Marina Petit Cafe,restaurant,Unknown,21.6533769,39.1025319,King Abdullah Sports City,2.856232064999067,Close,105,2034-07-07 11:00:00,2034,7,7,11,4,True,73,Medium,69.52380952380952,False,False,False,3,69.52380952380952,Large
REST_001228,الطازج,fast_food,Unknown,24.7561287,46.6561546,Prince Faisal bin Fahd Stadium,5.8087604809389175,Moderate,46,2034-07-11 14:00:00,2034,7,11,14,1,False,46,High,100.0,True,False,True,2,100.0,Small
REST_000594,ستاربكس,cafe,Unknown,24.8178723,46.6870169,Prince Faisal bin Fahd Stadium,5.656185142465266,Moderate,59,2034-06-15 17:00:00,2034,6,15,17,3,False,39,Medium,66.10169491525424,False,False,False,2,66.10169491525424,Medium
REST_001032,Kayzo,restaurant,Unknown,24.7039425,46.7064966,King Fahd International Stadium,3.0052158624346768,Close,143,2034-07-12 10:00:00,2034,7,12,10,2,False,83,Medium,58.04195804195804,False,False,False,3,58.04195804195804,Large
REST_001437,The Pizza Company,restaurant,Unknown,24.7026567,46.6799824,King Fahd International Stadium,2.159866708073871,Close,89,2034-06-20 12:00:00,2034,6,20,12,1,False,89,High,100.0,True,False,True,3,100.0,Medium
REST_000690,دانكن دونتس,fast_food,Unknown,21.5724549,39.1586974,King Abdullah Sports City,7.905330247035989,Moderate,53,2034-06-18 14:00:00,2034,6,18,14,6,False,37,Medium,69.81132075471697,True,False,True,2,69.81132075471697,Medium
REST_000408,Ulb,fast_food,Unknown,24.7668209,46.7066941,Prince Faisal bin Fahd Stadium,0.7127197008308248,Very Close,57,2034-06-08 16:00:00,2034,6,8,16,3,False,57,High,100.0,False,False,False,4,100.0,Medium
REST_000188,بيت الربيان,restaurant,Unknown,26.4592864,50.0869988,Prince Mohammed bin Fahd Stadium,4.294358112095671,Close,50,2034-07-11 10:00:00,2034,7,11,10,1,False,50,High,100.0,False,False,False,3,100.0,Medium
REST_000619,Java Cafe,cafe,Unknown,24.6883445,46.7185334,King Fahd International Stadium,3.290648674299839,Close,74,2034-07-02 20:00:00,2034,7,2,20,6,False,74,High,100.0,False,True,True,3,100.0,Medium
REST_000077,,restaurant,Unknown,24.8164903,46.7748421,Prince Faisal bin Fahd Stadium,8.131173254585994,Moderate,95,2034-06-13 16:00:00,2034,6,13,16,1,False,31,Low,32.631578947368425,False,False,False,2,32.631578947368425,Medium
REST_000301,بيت البيتزا,restaurant,Unknown,26.3764941,43.9298523,King Abdullah City Stadium,3.8290226560374574,Close,130,2034-06-07 18:00:00,2034,6,7,18,2,False,130,High,100.0,False,False,False,3,100.0,Large
REST_000662,,restaurant,Unknown,21.5938365,39.1310084,King Abdullah Sports City,4.389499925790339,Close,172,2034-06-08 11:00:00,2034,6,8,11,3,False,152,High,88.37209302325581,False,False,False,3,88.37209302325581,Large
REST_000477,Italian,restaurant,Unknown,24.7707353,46.6720081,Prince Faisal bin Fahd Stadium,3.938891701818023,Close,79,2034-07-14 19:00:00,2034,7,14,19,4,True,79,High,100.0,False,True,True,3,100.0,Medium
REST_000424,UMQ Coffee 2.2 قهوة عمق,cafe,Unknown,26.4586931,50.0852868,Prince Mohammed bin Fahd Stadium,4.239096066625124,Close,37,2034-06-03 15:00:00,2034,6,3,15,5,True,37,High,100.0,False,False,False,3,100.0,Small
REST_000367,Burger King,fast_food,Unknown,21.6154588,39.1080491,King Abdullah Sports City,1.6912883854134428,Very Close,46,2034-06-11 10:00:00,2034,6,11,10,6,False,46,High,100.0,False,False,False,4,100.0,Small
REST_000946,سالدوتش,fast_food,Unknown,24.666506,46.683194,King Fahd International Stadium,1.9813759557512207,Very Close,43,2034-06-04 21:00:00,2034,6,4,21,6,False,43,High,100.0,False,True,True,4,100.0,Small
REST_000964,Coffe Day,cafe,Unknown,24.7341694,46.6973022,Prince Faisal bin Fahd Stadium,4.417579149713125,Close,77,2034-07-02 11:00:00,2034,7,2,11,6,False,72,High,93.5064935064935,False,False,False,3,93.5064935064935,Medium
REST_001147,Tony Roma's,restaurant,Unknown,24.7027286,46.6801722,King Fahd International Stadium,2.161937210848951,Close,137,2034-06-02 21:00:00,2034,6,2,21,4,True,137,High,100.0,False,True,True,3,100.0,Large
REST_000538,Chkn,fast_food,Unknown,24.7389047,46.7596526,Prince Faisal bin Fahd Stadium,6.131575014450844,Moderate,51,2034-06-02 22:00:00,2034,6,2,22,4,True,46,High,90.19607843137256,False,True,True,2,90.19607843137256,Medium
REST_000542,,cafe,Unknown,26.4729058,50.0862236,Prince Mohammed bin Fahd Stadium,5.810684253519465,Moderate,92,2034-06-18 20:00:00,2034,6,18,20,6,False,59,Medium,64.13043478260869,False,True,True,2,64.13043478260869,Medium
REST_001471,كودو,fast_food,Unknown,26.3674717,43.9620048,King Abdullah City Stadium,0.4755740798475391,Very Close,79,2034-06-17 21:00:00,2034,6,17,21,5,True,79,High,100.0,False,True,True,4,100.0,Medium
REST_000911,ستاربكس,cafe,Unknown,24.838724,46.7318325,Prince Faisal bin Fahd Stadium,7.72228756712405,Moderate,70,2034-07-13 10:00:00,2034,7,13,10,3,False,55,Medium,78.57142857142857,False,False,False,2,78.57142857142857,Medium
REST_001237,ماكدونالدز,fast_food,Unknown,21.6135637,39.1072174,King Abdullah Sports City,1.9186500867305076,Very Close,65,2034-06-09 16:00:00,2034,6,9,16,4,True,65,High,100.0,False,False,False,4,100.0,Medium
REST_000122,دلع بطنك الدمام,restaurant,Unknown,26.4369935,50.084037,Prince Mohammed bin Fahd Stadium,1.8728016672082712,Very Close,121,2034-06-09 20:00:00,2034,6,9,20,4,True,121,High,100.0,False,True,True,4,100.0,Large
REST_000574,عمو نبيل للمأكولات البحرية,restaurant,Unknown,21.5867638,39.1575781,King Abdullah Sports City,6.607926746952486,Moderate,156,2034-07-15 19:00:00,2034,7,15,19,5,True,156,High,100.0,False,True,True,2,100.0,Large
REST_000505,ساف,fast_food,Unknown,26.3310818,43.9592924,King Abdullah City Stadium,4.028755533640447,Close,47,2034-06-27 15:00:00,2034,6,27,15,1,False,44,High,93.61702127659575,False,False,False,3,93.61702127659575,Small
REST_001039,,restaurant,Unknown,21.5750808,39.1427883,King Abdullah Sports City,6.796297500888847,Moderate,181,2034-06-22 20:00:00,2034,6,22,20,3,False,142,Medium,78.45303867403315,False,True,True,2,78.45303867403315,Large
REST_000698,بيت الدونات,fast_food,Unknown,21.5768762,39.1497784,King Abdullah Sports City,6.978438990022302,Moderate,36,2034-06-03 22:00:00,2034,6,3,22,5,True,30,High,83.33333333333334,False,True,True,2,83.33333333333334,Small
REST_001305,ماكدونالدز,fast_food,Unknown,24.7608687,46.6952563,Prince Faisal bin Fahd Stadium,2.007846447499641,Close,71,2034-06-11 16:00:00,2034,6,11,16,6,False,71,High,100.0,False,False,False,3,100.0,Medium
REST_000682,ستاربكس,cafe,Unknown,21.5768392,39.1091898,King Abdullah Sports City,5.905807231835083,Moderate,24,2034-06-30 22:00:00,2034,6,30,22,4,True,24,High,100.0,False,True,True,2,100.0,Small
REST_000692,الطازج,restaurant,Unknown,21.5989399,39.1636782,King Abdullah Sports City,6.219521631995177,Moderate,59,2034-06-12 16:00:00,2034,6,12,16,0,False,53,High,89.83050847457628,False,False,False,2,89.83050847457628,Medium
REST_001110,كانتون,fast_food,Unknown,24.808371,46.6698492,Prince Faisal bin Fahd Stadium,5.805407420939589,Moderate,64,2034-07-13 09:00:00,2034,7,13,9,3,False,19,Low,29.6875,False,False,False,2,29.6875,Medium
REST_000755,Mashi No Mashi,restaurant,Unknown,21.6531959,39.1005238,King Abdullah Sports City,2.9268734872086792,Close,99,2034-07-07 12:00:00,2034,7,7,12,4,True,69,Medium,69.6969696969697,True,False,True,3,69.6969696969697,Medium
REST_000320,,fast_food,Unknown,24.7616639,46.6733369,Prince Faisal bin Fahd Stadium,3.9694256632844938,Close,38,2034-06-21 15:00:00,2034,6,21,15,2,False,26,Medium,68.42105263157895,False,False,False,3,68.42105263157895,Small
REST_001047,مطاعم الباهر,restaurant,Unknown,21.5850807,39.1597016,King Abdullah Sports City,6.894931529153274,Moderate,75,2034-07-03 10:00:00,2034,7,3,10,0,False,40,Medium,53.333333333333336,False,False,False,2,53.333333333333336,Medium
REST_000357,Meaty  Buns,restaurant,Unknown,26.408365,43.9110596,King Abdullah City Stadium,7.22365829818569,Moderate,63,2034-07-14 10:00:00,2034,7,14,10,4,True,61,High,96.82539682539682,False,False,False,2,96.82539682539682,Medium
REST_001238,البيك,fast_food,Unknown,21.6058287,39.1070223,King Abdullah Sports City,2.7483116028926604,Close,51,2034-06-09 16:00:00,2034,6,9,16,4,True,51,High,100.0,False,False,False,3,100.0,Medium
REST_000596,دانكن دونتس,fast_food,Unknown,24.8185961,46.6866878,Prince Faisal bin Fahd Stadium,5.743140914582132,Moderate,48,2034-06-06 10:00:00,2034,6,6,10,1,False,33,Medium,68.75,False,False,False,2,68.75,Small
REST_000338,نقطة | قهوة مختصة,cafe,Unknown,24.7795758,46.6826275,Prince Faisal bin Fahd Stadium,2.988940800144785,Close,49,2034-07-11 18:00:00,2034,7,11,18,1,False,22,Low,44.89795918367347,False,False,False,3,44.89795918367347,Small
REST_000594,ستاربكس,cafe,Unknown,24.8178723,46.6870169,Prince Faisal bin Fahd Stadium,5.656185142465266,Moderate,59,2034-07-12 18:00:00,2034,7,12,18,2,False,25,Low,42.3728813559322,False,False,False,2,42.3728813559322,Medium
REST_001409,Friday's,restaurant,Unknown,24.7044957,46.6646636,King Fahd International Stadium,3.149804203532667,Close,164,2034-07-10 13:00:00,2034,7,10,13,0,False,96,Medium,58.536585365853654,True,False,True,3,58.536585365853654,Large
REST_001245,مطعم فول وعدس,restaurant,Unknown,24.7090425,46.6795473,King Fahd International Stadium,2.8561454670752604,Close,97,2034-07-14 11:00:00,2034,7,14,11,4,True,76,Medium,78.35051546391753,False,False,False,3,78.35051546391753,Medium
REST_001066,جاردن لاونج مطعم وكافيه,restaurant,Unknown,24.6823089,46.7778529,King Fahd International Stadium,9.252201535974685,Moderate,154,2034-07-03 18:00:00,2034,7,3,18,0,False,110,Medium,71.42857142857143,False,False,False,2,71.42857142857143,Large
REST_000676,مطعم هرفي,restaurant,Unknown,26.4194699,50.0201496,Prince Mohammed bin Fahd Stadium,6.837661872347182,Moderate,169,2034-06-10 14:00:00,2034,6,10,14,5,True,162,High,95.85798816568047,True,False,True,2,95.85798816568047,Large
REST_000335,بيتزاهت,restaurant,Unknown,24.7953067,46.7424813,Prince Faisal bin Fahd Stadium,4.107885037850816,Close,126,2034-07-09 21:00:00,2034,7,9,21,6,False,76,Medium,60.317460317460316,False,True,True,3,60.317460317460316,Large
REST_000699,,cafe,Unknown,21.5967854,39.1574669,King Abdullah Sports City,5.842530175364363,Moderate,49,2034-07-12 08:00:00,2034,7,12,8,2,False,29,Medium,59.183673469387756,False,False,False,2,59.183673469387756,Small
REST_000698,بيت الدونات,fast_food,Unknown,21.5768762,39.1497784,King Abdullah Sports City,6.978438990022302,Moderate,36,2034-06-11 12:00:00,2034,6,11,12,6,False,36,High,100.0,True,False,True,2,100.0,Small
REST_000283,al fares,restaurant,Unknown,26.3373754,43.9662608,King Abdullah City Stadium,3.261040392550364,Close,165,2034-06-02 14:00:00,2034,6,2,14,4,True,165,High,100.0,True,False,True,3,100.0,Large
REST_000766,هاك شاورما,restaurant,Unknown,24.7953516,46.6352325,Prince Faisal bin Fahd Stadium,8.081292725182989,Moderate,156,2034-07-15 14:00:00,2034,7,15,14,5,True,156,High,100.0,True,False,True,2,100.0,Large
REST_000667,صب واي,fast_food,Unknown,26.357221,43.965995,King Abdullah City Stadium,1.0563545340912888,Very Close,62,2034-06-27 16:00:00,2034,6,27,16,1,False,62,High,100.0,False,False,False,4,100.0,Medium
REST_001436,,fast_food,Unknown,24.6998806,46.6823339,King Fahd International Stadium,1.7998893815554278,Very Close,55,2034-06-25 18:00:00,2034,6,25,18,6,False,31,Medium,56.36363636363636,False,False,False,4,56.36363636363636,Medium
REST_001249,Bukhara Alhara,fast_food,Unknown,24.7670622,46.707419,Prince Faisal bin Fahd Stadium,0.6481518912623792,Very Close,73,2034-06-06 17:00:00,2034,6,6,17,1,False,73,High,100.0,False,False,False,4,100.0,Medium
REST_000061,KFC,fast_food,Unknown,26.3823463,50.1781289,Prince Mohammed bin Fahd Stadium,9.866260254697771,Moderate,60,2034-06-07 16:00:00,2034,6,7,16,2,False,51,High,85.0,False,False,False,2,85.0,Medium
REST_000651,Domino's Pizza,fast_food,Unknown,24.7009672,46.6765959,King Fahd International Stadium,2.1163233808426667,Close,79,2034-06-04 08:00:00,2034,6,4,8,6,False,55,Medium,69.62025316455697,False,False,False,3,69.62025316455697,Medium
REST_000049,كودو,fast_food,Unknown,24.781792,46.7316492,Prince Faisal bin Fahd Stadium,2.3571051007927797,Close,69,2034-06-11 16:00:00,2034,6,11,16,6,False,69,High,100.0,False,False,False,3,100.0,Medium
REST_000482,كيان,cafe,Unknown,21.5940752,39.1474478,King Abdullah Sports City,5.300598736968713,Moderate,48,2034-06-28 16:00:00,2034,6,28,16,2,False,29,Medium,60.416666666666664,False,False,False,2,60.416666666666664,Small
REST_001074,,restaurant,Unknown,26.4492315,50.1185042,Prince Mohammed bin Fahd Stadium,4.337340455624325,Close,153,2034-06-11 18:00:00,2034,6,11,18,6,False,114,Medium,74.50980392156863,False,False,False,3,74.50980392156863,Large
REST_000929,بوردقا,cafe,Unknown,26.3145371,44.0380191,King Abdullah City Stadium,9.17340685021479,Moderate,90,2034-06-11 19:00:00,2034,6,11,19,6,False,67,Medium,74.44444444444444,False,True,True,2,74.44444444444444,Medium
REST_000663,برغر فيول,fast_food,Unknown,24.8106225,46.7344265,Prince Faisal bin Fahd Stadium,4.912425939962434,Close,39,2034-06-17 20:00:00,2034,6,17,20,5,True,39,High,100.0,False,True,True,3,100.0,Small
REST_001105,كانتون,fast_food,Unknown,24.758633,46.7144332,Prince Faisal bin Fahd Stadium,1.5154029092945864,Very Close,42,2034-06-30 11:00:00,2034,6,30,11,4,True,42,High,100.0,False,False,False,4,100.0,Small
REST_000117,,fast_food,Unknown,26.4141811,50.1200195,Prince Mohammed bin Fahd Stadium,3.1923339300378895,Close,68,2034-06-28 21:00:00,2034,6,28,21,2,False,43,Medium,63.23529411764706,False,True,True,3,63.23529411764706,Medium
REST_001468,اكلات جدودنا,restaurant,Unknown,26.3707036,43.923929,King Abdullah City Stadium,4.284278486583965,Close,140,2034-06-28 17:00:00,2034,6,28,17,2,False,104,Medium,74.28571428571429,False,False,False,3,74.28571428571429,Large
REST_000081,pure juice,restaurant,Unknown,26.3608854,50.0972872,Prince Mohammed bin Fahd Stadium,6.704590543009442,Moderate,185,2034-06-13 13:00:00,2034,6,13,13,1,False,99,Medium,53.51351351351351,True,False,True,2,53.51351351351351,Large
REST_001277,,cafe,Unknown,24.8327713,46.7676109,Prince Faisal bin Fahd Stadium,8.858096344878021,Moderate,97,2034-07-15 10:00:00,2034,7,15,10,5,True,66,Medium,68.04123711340206,False,False,False,2,68.04123711340206,Medium
REST_000950,سالدوتش,fast_food,Unknown,24.7449215,46.7560798,Prince Faisal bin Fahd Stadium,5.451508723546728,Moderate,49,2034-06-27 12:00:00,2034,6,27,12,1,False,25,Medium,51.02040816326531,True,False,True,2,51.02040816326531,Small
REST_001222,,cafe,Unknown,21.5978624,39.1398157,King Abdullah Sports City,4.473526925877618,Close,71,2034-07-15 21:00:00,2034,7,15,21,5,True,57,High,80.28169014084507,False,True,True,3,80.28169014084507,Medium
REST_000472,Kudu,fast_food,Unknown,24.5987299,46.6894311,King Fahd International Stadium,9.497995373537016,Moderate,31,2034-06-20 21:00:00,2034,6,20,21,1,False,27,High,87.09677419354838,False,True,True,2,87.09677419354838,Small
REST_000335,بيتزاهت,restaurant,Unknown,24.7953067,46.7424813,Prince Faisal bin Fahd Stadium,4.107885037850816,Close,126,2034-06-19 17:00:00,2034,6,19,17,0,False,102,High,80.95238095238095,False,False,False,3,80.95238095238095,Large
REST_001067,مطعم حنيذ حمود‭,restaurant,Unknown,24.8404046,46.7486088,Prince Faisal bin Fahd Stadium,8.510831431999422,Moderate,183,2034-06-27 10:00:00,2034,6,27,10,1,False,145,Medium,79.23497267759562,False,False,False,2,79.23497267759562,Large
REST_000424,UMQ Coffee 2.2 قهوة عمق,cafe,Unknown,26.4586931,50.0852868,Prince Mohammed bin Fahd Stadium,4.239096066625124,Close,37,2034-06-06 12:00:00,2034,6,6,12,1,False,37,High,100.0,True,False,True,3,100.0,Small
REST_000037,Ghawar,restaurant,Unknown,24.6697399,46.7315827,King Fahd International Stadium,4.846000136590066,Close,57,2034-07-13 11:00:00,2034,7,13,11,3,False,57,High,100.0,False,False,False,3,100.0,Medium
REST_000367,Burger King,fast_food,Unknown,21.6154588,39.1080491,King Abdullah Sports City,1.6912883854134428,Very Close,46,2034-07-09 15:00:00,2034,7,9,15,6,False,46,High,100.0,False,False,False,4,100.0,Small
REST_000059,كافيه دي جاردن,cafe,Unknown,24.802743,46.7165124,Prince Faisal bin Fahd Stadium,3.4744386588744103,Close,77,2034-06-20 20:00:00,2034,6,20,20,1,False,70,High,90.9090909090909,False,True,True,3,90.9090909090909,Medium
REST_001020,كانتون,fast_food,Unknown,26.4036565,50.0573132,Prince Mohammed bin Fahd Stadium,3.663915326926866,Close,73,2034-06-18 15:00:00,2034,6,18,15,6,False,40,Medium,54.794520547945204,False,False,False,3,54.794520547945204,Medium
REST_000758,بارولي كافيه,cafe,Unknown,24.8173852,46.644058,Prince Faisal bin Fahd Stadium,8.440585172298908,Moderate,53,2034-06-24 20:00:00,2034,6,24,20,5,True,53,High,100.0,False,True,True,2,100.0,Medium
REST_001247,Nevermind,fast_food,Unknown,24.7049025,46.6846816,King Fahd International Stadium,2.3189036566434207,Close,72,2034-06-23 09:00:00,2034,6,23,9,4,True,51,Medium,70.83333333333334,False,False,False,3,70.83333333333334,Medium
REST_001565,,restaurant,Unknown,24.767318,46.6594862,Prince Faisal bin Fahd Stadium,5.225984830982848,Moderate,72,2034-07-05 22:00:00,2034,7,5,22,2,False,40,Medium,55.55555555555556,False,True,True,2,55.55555555555556,Medium
REST_000502,سمكة حرة,restaurant,Unknown,21.5809069,39.1603235,King Abdullah Sports City,7.279425720687104,Moderate,72,2034-06-12 16:00:00,2034,6,12,16,0,False,62,High,86.11111111111111,False,False,False,2,86.11111111111111,Medium
REST_001205,مطعم فلفلة,restaurant,Unknown,26.3506278,50.0511467,Prince Mohammed bin Fahd Stadium,8.64741469840064,Moderate,55,2034-06-05 22:00:00,2034,6,5,22,0,False,55,High,100.0,False,True,True,2,100.0,Medium
REST_001042,مطعم شناشيل,restaurant,Unknown,21.5982477,39.1405734,King Abdullah Sports City,4.48801369964674,Close,137,2034-07-06 11:00:00,2034,7,6,11,3,False,137,High,100.0,False,False,False,3,100.0,Large
REST_000805,19th Century Burger,fast_food,Unknown,21.6419465,39.1300137,King Abdullah Sports City,2.1766029928096278,Close,36,2034-07-11 16:00:00,2034,7,11,16,1,False,16,Low,44.44444444444444,False,False,False,3,44.44444444444444,Small
REST_000660,Roma Cafe,cafe,Unknown,24.7016088,46.6915377,King Fahd International Stadium,2.0175182881893976,Close,52,2034-06-13 21:00:00,2034,6,13,21,1,False,52,High,100.0,False,True,True,3,100.0,Medium
REST_000179,مطابخ الانصار,restaurant,Unknown,26.3941641,50.0277195,Prince Mohammed bin Fahd Stadium,6.760989474154515,Moderate,124,2034-06-30 08:00:00,2034,6,30,8,4,True,99,Medium,79.83870967741935,False,False,False,2,79.83870967741935,Large
REST_000670,Starbucks,cafe,Unknown,21.7020283,39.1053149,King Abdullah Sports City,8.075838318376288,Moderate,99,2034-07-04 09:00:00,2034,7,4,9,1,False,69,Medium,69.6969696969697,False,False,False,2,69.6969696969697,Medium
REST_001285,منتو يغمش,restaurant,Unknown,24.8005739,46.7829763,Prince Faisal bin Fahd Stadium,7.934873923007209,Moderate,126,2034-06-22 11:00:00,2034,6,22,11,3,False,64,Medium,50.79365079365079,False,False,False,2,50.79365079365079,Large
REST_000595,دانكن دونتس,fast_food,Unknown,24.8177774,46.6862018,Prince Faisal bin Fahd Stadium,5.682413507376354,Moderate,30,2034-06-07 09:00:00,2034,6,7,9,2,False,14,Low,46.666666666666664,False,False,False,2,46.666666666666664,Small
REST_000363,Reyash,restaurant,Unknown,24.7045029,46.7019314,King Fahd International Stadium,2.764200338826347,Close,178,2034-06-05 16:00:00,2034,6,5,16,0,False,170,High,95.50561797752809,False,False,False,3,95.50561797752809,Large
REST_001434,Hardee's,restaurant,Unknown,24.7042627,46.6651055,King Fahd International Stadium,3.1002027463570068,Close,144,2034-06-06 20:00:00,2034,6,6,20,1,False,144,High,100.0,False,True,True,3,100.0,Large
REST_001420,,cafe,Unknown,24.6984321,46.6893818,King Fahd International Stadium,1.6237859376843085,Very Close,70,2034-06-08 19:00:00,2034,6,8,19,3,False,70,High,100.0,False,True,True,4,100.0,Medium
REST_001085,كانتون,fast_food,Unknown,24.8114338,46.7694112,Prince Faisal bin Fahd Stadium,7.354754705283516,Moderate,36,2034-06-23 12:00:00,2034,6,23,12,4,True,36,High,100.0,True,False,True,2,100.0,Small
REST_000615,دانكن دونتس,fast_food,Unknown,24.8469814,46.7334068,Prince Faisal bin Fahd Stadium,8.649568040622029,Moderate,69,2034-06-26 09:00:00,2034,6,26,9,0,False,58,High,84.05797101449275,False,False,False,2,84.05797101449275,Medium
REST_001084,كانتون,fast_food,Unknown,24.7679633,46.7154415,Prince Faisal bin Fahd Stadium,0.6266665682220814,Very Close,64,2034-07-06 17:00:00,2034,7,6,17,3,False,30,Low,46.875,False,False,False,4,46.875,Medium
REST_000805,19th Century Burger,fast_food,Unknown,21.6419465,39.1300137,King Abdullah Sports City,2.1766029928096278,Close,36,2034-07-12 19:00:00,2034,7,12,19,2,False,27,Medium,75.0,False,True,True,3,75.0,Small
REST_000460,فلافل عمو باسل,restaurant,Unknown,26.3637343,50.0712777,Prince Mohammed bin Fahd Stadium,6.570345335794803,Moderate,73,2034-07-02 17:00:00,2034,7,2,17,6,False,29,Low,39.726027397260275,False,False,False,2,39.726027397260275,Medium
REST_001396,روزاليا برجر,fast_food,Unknown,24.8060683,46.6928391,Prince Faisal bin Fahd Stadium,4.218541253442646,Close,43,2034-07-12 14:00:00,2034,7,12,14,2,False,43,High,100.0,True,False,True,3,100.0,Small
REST_000747,Obo Beach House,restaurant,Unknown,21.6516243,39.1026142,King Abdullah Sports City,2.67488942711563,Close,125,2034-07-02 14:00:00,2034,7,2,14,6,False,105,High,84.0,True,False,True,3,84.0,Large
REST_000170,الصفصاف مطعم,restaurant,Unknown,26.439842,50.0823,Prince Mohammed bin Fahd Stadium,2.224719924262925,Close,134,2034-06-10 13:00:00,2034,6,10,13,5,True,96,Medium,71.64179104477611,True,False,True,3,71.64179104477611,Large
REST_001411,,cafe,Unknown,24.7063771,46.6753106,King Fahd International Stadium,2.7145144864048505,Close,98,2034-07-03 11:00:00,2034,7,3,11,0,False,67,Medium,68.36734693877551,False,False,False,3,68.36734693877551,Medium
REST_001291,,cafe,Unknown,24.7857326,46.6336383,Prince Faisal bin Fahd Stadium,7.9602568484893155,Moderate,57,2034-06-22 19:00:00,2034,6,22,19,3,False,41,Medium,71.9298245614035,False,True,True,2,71.9298245614035,Medium
REST_001435,Krespe Kreme Doughnuts,cafe,Unknown,24.7048086,46.6649739,King Fahd International Stadium,3.1534451506418426,Close,39,2034-07-09 14:00:00,2034,7,9,14,6,False,38,High,97.43589743589743,True,False,True,3,97.43589743589743,Small
REST_000667,صب واي,fast_food,Unknown,26.357221,43.965995,King Abdullah City Stadium,1.0563545340912888,Very Close,62,2034-07-15 20:00:00,2034,7,15,20,5,True,62,High,100.0,False,True,True,4,100.0,Medium
REST_000431,,restaurant,Unknown,21.5934705,39.1460582,King Abdullah Sports City,5.258085772146678,Moderate,107,2034-06-11 18:00:00,2034,6,11,18,6,False,69,Medium,64.48598130841121,False,False,False,2,64.48598130841121,Large
REST_000142,,restaurant,Unknown,26.4433236,50.09398,Prince Mohammed bin Fahd Stadium,2.5679599914778457,Close,138,2034-07-01 15:00:00,2034,7,1,15,5,True,120,High,86.95652173913044,False,False,False,3,86.95652173913044,Large
REST_001344,كنتاكي,restaurant,Unknown,21.6131515,39.1531451,King Abdullah Sports City,4.496880710443324,Close,114,2034-06-13 09:00:00,2034,6,13,9,1,False,79,Medium,69.2982456140351,False,False,False,3,69.2982456140351,Large
REST_000846,Ranosh,fast_food,Unknown,24.8336759,46.733879,Prince Faisal bin Fahd Stadium,7.246971349091567,Moderate,49,2034-07-08 09:00:00,2034,7,8,9,5,True,49,High,100.0,False,False,False,2,100.0,Small
REST_001282,,restaurant,Unknown,24.7815563,46.6973544,Prince Faisal bin Fahd Stadium,1.7466583320160158,Very Close,109,2034-07-10 15:00:00,2034,7,10,15,0,False,72,Medium,66.05504587155964,False,False,False,4,66.05504587155964,Large
REST_001495,,restaurant,Unknown,26.3877205,43.9540534,King Abdullah City Stadium,2.6552758290148737,Close,168,2034-06-04 21:00:00,2034,6,4,21,6,False,168,High,100.0,False,True,True,3,100.0,Large
REST_000701,Vero | فيرو,cafe,Unknown,24.787034,46.6472064,Prince Faisal bin Fahd Stadium,6.656631907640486,Moderate,57,2034-06-26 09:00:00,2034,6,26,9,0,False,40,Medium,70.17543859649122,False,False,False,2,70.17543859649122,Medium
REST_001383,Mocaccino,cafe,Unknown,21.708482,39.1024248,King Abdullah Sports City,8.823577256598817,Moderate,37,2034-06-30 16:00:00,2034,6,30,16,4,True,33,High,89.1891891891892,False,False,False,2,89.1891891891892,Small
REST_000027,واينز,cafe,Unknown,24.847172,46.7334545,Prince Faisal bin Fahd Stadium,8.671282932966674,Moderate,31,2034-06-17 22:00:00,2034,6,17,22,5,True,23,Medium,74.19354838709677,False,True,True,2,74.19354838709677,Small
REST_000407,Chkn,fast_food,Unknown,24.8453094,46.7582844,Prince Faisal bin Fahd Stadium,9.455576825942822,Moderate,50,2034-07-04 18:00:00,2034,7,4,18,1,False,32,Medium,64.0,False,False,False,2,64.0,Medium
REST_000811,Al Nakheel,restaurant,Unknown,21.5643739,39.1116299,King Abdullah Sports City,7.277619197092621,Moderate,68,2034-06-26 17:00:00,2034,6,26,17,0,False,32,Low,47.05882352941176,False,False,False,2,47.05882352941176,Medium
REST_000120,طيف ماضينا,restaurant,Unknown,26.40684,50.107802,Prince Mohammed bin Fahd Stadium,2.4405236711242657,Close,78,2034-07-04 10:00:00,2034,7,4,10,1,False,44,Medium,56.41025641025641,False,False,False,3,56.41025641025641,Medium
REST_000651,Domino's Pizza,fast_food,Unknown,24.7009672,46.6765959,King Fahd International Stadium,2.1163233808426667,Close,79,2034-06-20 14:00:00,2034,6,20,14,1,False,61,Medium,77.21518987341773,True,False,True,3,77.21518987341773,Medium
REST_001365,La Plage Resturant,restaurant,Unknown,21.7104034,39.0858491,King Abdullah Sports City,9.407135130792394,Moderate,109,2034-06-08 20:00:00,2034,6,8,20,3,False,86,Medium,78.89908256880734,False,True,True,2,78.89908256880734,Large
REST_000642,,restaurant,Unknown,24.6950224,46.6821823,King Fahd International Stadium,1.2837885491746757,Very Close,85,2034-07-08 09:00:00,2034,7,8,9,5,True,85,High,100.0,False,False,False,4,100.0,Medium
REST_001570,,cafe,Unknown,24.7941063,46.6554261,Prince Faisal bin Fahd Stadium,6.1297478461302,Moderate,22,2034-06-09 13:00:00,2034,6,9,13,4,True,22,High,100.0,True,False,True,2,100.0,Small
REST_000378,marrsm,cafe,Unknown,21.6103849,39.125339,King Abdullah Sports City,2.4816162492231526,Close,36,2034-06-08 12:00:00,2034,6,8,12,3,False,34,High,94.44444444444444,True,False,True,3,94.44444444444444,Small
REST_000661,Dose Cafe,cafe,Unknown,24.8401038,46.7323744,Prince Faisal bin Fahd Stadium,7.884814874295175,Moderate,69,2034-06-26 10:00:00,2034,6,26,10,0,False,58,High,84.05797101449275,False,False,False,2,84.05797101449275,Medium
REST_001422,,restaurant,Unknown,24.6983833,46.6873862,King Fahd International Stadium,1.5920170775778464,Very Close,84,2034-07-05 15:00:00,2034,7,5,15,2,False,51,Medium,60.71428571428571,False,False,False,4,60.71428571428571,Medium
REST_001365,La Plage Resturant,restaurant,Unknown,21.7104034,39.0858491,King Abdullah Sports City,9.407135130792394,Moderate,109,2034-07-08 20:00:00,2034,7,8,20,5,True,67,Medium,61.46788990825688,False,True,True,2,61.46788990825688,Large
REST_000925,جافا تايم,cafe,Unknown,24.7468121,46.6549157,Prince Faisal bin Fahd Stadium,6.312835867432516,Moderate,44,2034-06-20 10:00:00,2034,6,20,10,1,False,31,Medium,70.45454545454545,False,False,False,2,70.45454545454545,Small
REST_001469,ماكدونالدز,fast_food,Unknown,26.3643605,43.9361055,King Abdullah City Stadium,3.0591597290519763,Close,34,2034-06-11 21:00:00,2034,6,11,21,6,False,33,High,97.05882352941177,False,True,True,3,97.05882352941177,Small
REST_000840,ميلانا كافيه,cafe,Unknown,24.8336702,46.7334612,Prince Faisal bin Fahd Stadium,7.233041214872869,Moderate,64,2034-07-06 20:00:00,2034,7,6,20,3,False,64,High,100.0,False,True,True,2,100.0,Medium
REST_000768,ديب فرايز,restaurant,Unknown,24.8151974,46.6354608,Prince Faisal bin Fahd Stadium,9.018025347370818,Moderate,86,2034-06-07 14:00:00,2034,6,7,14,2,False,47,Medium,54.65116279069767,True,False,True,2,54.65116279069767,Medium
REST_000317,ميوزد بيت القهوة,cafe,Unknown,24.8035305,46.6743369,Prince Faisal bin Fahd Stadium,5.105766897844834,Moderate,97,2034-06-19 20:00:00,2034,6,19,20,0,False,97,High,100.0,False,True,True,2,100.0,Medium
REST_000170,الصفصاف مطعم,restaurant,Unknown,26.439842,50.0823,Prince Mohammed bin Fahd Stadium,2.224719924262925,Close,134,2034-06-15 08:00:00,2034,6,15,8,3,False,130,High,97.01492537313433,False,False,False,3,97.01492537313433,Large
REST_000377,,cafe,Unknown,26.458763,50.0890652,Prince Mohammed bin Fahd Stadium,4.23249485585094,Close,65,2034-06-19 14:00:00,2034,6,19,14,0,False,65,High,100.0,True,False,True,3,100.0,Medium
REST_001148,بروست زهرتي,fast_food,Unknown,26.3571976,43.9530467,King Abdullah City Stadium,1.7224554020216554,Very Close,66,2034-06-11 19:00:00,2034,6,11,19,6,False,66,High,100.0,False,True,True,4,100.0,Medium
REST_000606,شواية الحرازي,restaurant,Unknown,21.5918202,39.16888,King Abdullah Sports City,7.1142112353585825,Moderate,130,2034-06-14 12:00:00,2034,6,14,12,2,False,130,High,100.0,True,False,True,2,100.0,Large
REST_001113,كانتون,fast_food,Unknown,24.601063,46.698922,King Fahd International Stadium,9.321001131896013,Moderate,44,2034-06-29 22:00:00,2034,6,29,22,3,False,44,High,100.0,False,True,True,2,100.0,Small
REST_000862,المذاق المغربي,cafe,Unknown,21.6060343,39.1067035,King Abdullah Sports City,2.7344259551684136,Close,43,2034-06-26 17:00:00,2034,6,26,17,0,False,39,High,90.69767441860465,False,False,False,3,90.69767441860465,Small
REST_001378,Chinese restaurant,restaurant,Unknown,24.6941334,46.6852727,King Fahd International Stadium,1.120480418058852,Very Close,91,2034-07-01 18:00:00,2034,7,1,18,5,True,50,Medium,54.94505494505495,False,False,False,4,54.94505494505495,Medium
REST_000477,Italian,restaurant,Unknown,24.7707353,46.6720081,Prince Faisal bin Fahd Stadium,3.938891701818023,Close,79,2034-06-30 19:00:00,2034,6,30,19,4,True,79,High,100.0,False,True,True,3,100.0,Medium
REST_000650,,restaurant,Unknown,24.7150349,46.6698149,King Fahd International Stadium,3.821735120478624,Close,75,2034-07-03 18:00:00,2034,7,3,18,0,False,45,Medium,60.0,False,False,False,3,60.0,Medium
REST_001309,دوار السعادة,restaurant,Unknown,24.7582768,46.674634,Prince Faisal bin Fahd Stadium,3.9720294278051407,Close,165,2034-07-04 08:00:00,2034,7,4,8,1,False,75,Low,45.45454545454545,False,False,False,3,45.45454545454545,Large
REST_000348,,restaurant,Unknown,24.7671892,46.7170346,Prince Faisal bin Fahd Stadium,0.8034990755507266,Very Close,103,2034-07-09 14:00:00,2034,7,9,14,6,False,94,High,91.2621359223301,True,False,True,4,91.2621359223301,Large
REST_001110,كانتون,fast_food,Unknown,24.808371,46.6698492,Prince Faisal bin Fahd Stadium,5.805407420939589,Moderate,64,2034-06-09 12:00:00,2034,6,9,12,4,True,57,High,89.0625,True,False,True,2,89.0625,Medium
REST_000334,Krispy Kreme,fast_food,Unknown,24.8008561,46.7438247,Prince Faisal bin Fahd Stadium,4.620337375864432,Close,35,2034-07-01 19:00:00,2034,7,1,19,5,True,35,High,100.0,False,True,True,3,100.0,Small
REST_000039,Pishawri Kabab,restaurant,Unknown,26.43663,50.107813,Prince Mohammed bin Fahd Stadium,2.592648428991508,Close,104,2034-07-06 12:00:00,2034,7,6,12,3,False,104,High,100.0,True,False,True,3,100.0,Large
REST_000771,ميت لوفر,restaurant,Unknown,24.8173115,46.6440981,Prince Faisal bin Fahd Stadium,8.432436504913907,Moderate,97,2034-06-10 08:00:00,2034,6,10,8,5,True,73,Medium,75.25773195876289,False,False,False,2,75.25773195876289,Medium
REST_000614,Al Nafoura Rest. & Sweets,restaurant,Unknown,24.6884918,46.7238554,King Fahd International Stadium,3.8256171655155704,Close,82,2034-07-11 17:00:00,2034,7,11,17,1,False,41,Medium,50.0,False,False,False,3,50.0,Medium
REST_000647,,restaurant,Unknown,24.7072014,46.6901711,King Fahd International Stadium,2.598357578327232,Close,150,2034-06-02 12:00:00,2034,6,2,12,4,True,150,High,100.0,True,False,True,3,100.0,Large
REST_000183,Golden Corner,restaurant,Unknown,26.4112319,50.0801591,Prince Mohammed bin Fahd Stadium,1.359728737700047,Very Close,134,2034-07-04 15:00:00,2034,7,4,15,1,False,134,High,100.0,False,False,False,4,100.0,Large
REST_000342,,restaurant,Unknown,24.7938651,46.6548152,Prince Faisal bin Fahd Stadium,6.175594203497771,Moderate,96,2034-06-25 08:00:00,2034,6,25,8,6,False,72,Medium,75.0,False,False,False,2,75.0,Medium
REST_000460,فلافل عمو باسل,restaurant,Unknown,26.3637343,50.0712777,Prince Mohammed bin Fahd Stadium,6.570345335794803,Moderate,73,2034-06-09 16:00:00,2034,6,9,16,4,True,42,Medium,57.534246575342465,False,False,False,2,57.534246575342465,Medium
REST_000336,شاورمر,fast_food,Unknown,24.8114498,46.6261347,Prince Faisal bin Fahd Stadium,9.629738008464582,Moderate,36,2034-06-21 17:00:00,2034,6,21,17,2,False,27,Medium,75.0,False,False,False,2,75.0,Small
REST_001216,Beefbar,restaurant,Unknown,24.7043323,46.7059386,King Fahd International Stadium,2.999598031405568,Close,120,2034-06-22 17:00:00,2034,6,22,17,3,False,114,High,95.0,False,False,False,3,95.0,Large
REST_000539,Pizza Hut,fast_food,Unknown,26.46027,50.092427,Prince Mohammed bin Fahd Stadium,4.4147772647908265,Close,58,2034-06-06 09:00:00,2034,6,6,9,1,False,42,Medium,72.41379310344827,False,False,False,3,72.41379310344827,Medium
REST_000497,بيت الدجاج,fast_food,Unknown,26.3618725,43.9583732,King Abdullah City Stadium,0.988116211265392,Very Close,58,2034-06-10 13:00:00,2034,6,10,13,5,True,58,High,100.0,True,False,True,4,100.0,Medium
REST_000519,ارببكا,cafe,Unknown,24.6372046,46.6931329,King Fahd International Stadium,5.260047735977853,Moderate,28,2034-07-04 13:00:00,2034,7,4,13,1,False,21,Medium,75.0,True,False,True,2,75.0,Small
REST_000281,فطيرة الفلافل,restaurant,Unknown,26.3291475,43.9607734,King Abdullah City Stadium,4.2172002362013945,Close,64,2034-06-10 09:00:00,2034,6,10,9,5,True,64,High,100.0,False,False,False,3,100.0,Medium
REST_000952,سالدوتش,fast_food,Unknown,24.6630084,46.7290325,King Fahd International Stadium,4.913642089362509,Close,62,2034-06-17 13:00:00,2034,6,17,13,5,True,62,High,100.0,True,False,True,3,100.0,Medium
REST_000751,مطعم ذوق مغل,restaurant,Unknown,24.8185898,46.6431326,Prince Faisal bin Fahd Stadium,8.595759822282936,Moderate,78,2034-06-09 11:00:00,2034,6,9,11,4,True,37,Low,47.43589743589743,False,False,False,2,47.43589743589743,Medium
REST_001238,البيك,fast_food,Unknown,21.6058287,39.1070223,King Abdullah Sports City,2.7483116028926604,Close,51,2034-06-20 13:00:00,2034,6,20,13,1,False,51,High,100.0,True,False,True,3,100.0,Medium
REST_001468,اكلات جدودنا,restaurant,Unknown,26.3707036,43.923929,King Abdullah City Stadium,4.284278486583965,Close,140,2034-06-03 09:00:00,2034,6,3,9,5,True,140,High,100.0,False,False,False,3,100.0,Large
REST_000679,مطعم السبيعي,restaurant,Unknown,24.598203,46.685459,King Fahd International Stadium,9.551688819366255,Moderate,184,2034-06-08 16:00:00,2034,6,8,16,3,False,118,Medium,64.13043478260869,False,False,False,2,64.13043478260869,Large
REST_000169,مطعم البيت السوري,restaurant,Unknown,26.4416327,50.0771557,Prince Mohammed bin Fahd Stadium,2.600399165773961,Close,187,2034-06-21 16:00:00,2034,6,21,16,2,False,110,Medium,58.82352941176471,False,False,False,3,58.82352941176471,Large
REST_001384,مطعم السقالة,restaurant,Unknown,21.7179366,39.1039789,King Abdullah Sports City,9.84960291038882,Moderate,94,2034-06-27 15:00:00,2034,6,27,15,1,False,82,High,87.2340425531915,False,False,False,2,87.2340425531915,Medium
REST_000359,Urth Caffe,cafe,Unknown,24.7562198,46.6302112,Prince Faisal bin Fahd Stadium,8.341460675087477,Moderate,55,2034-06-04 15:00:00,2034,6,4,15,6,False,37,Medium,67.27272727272727,False,False,False,2,67.27272727272727,Medium
REST_001276,Kudu,fast_food,Unknown,24.7796537,46.7883129,Prince Faisal bin Fahd Stadium,7.852979221204432,Moderate,34,2034-06-18 19:00:00,2034,6,18,19,6,False,28,High,82.35294117647058,False,True,True,2,82.35294117647058,Small
REST_000125,الذهبي,restaurant,Unknown,26.3823139,50.0554028,Prince Mohammed bin Fahd Stadium,5.411358520220647,Moderate,187,2034-06-04 13:00:00,2034,6,4,13,6,False,109,Medium,58.288770053475936,True,False,True,2,58.288770053475936,Large
REST_001423,Shiraz Restaurant (Iranian),restaurant,Unknown,24.7014755,46.6916745,King Fahd International Stadium,2.0069137128661634,Close,95,2034-06-17 08:00:00,2034,6,17,8,5,True,95,High,100.0,False,False,False,3,100.0,Medium
REST_000037,Ghawar,restaurant,Unknown,24.6697399,46.7315827,King Fahd International Stadium,4.846000136590066,Close,57,2034-06-29 10:00:00,2034,6,29,10,3,False,23,Low,40.35087719298245,False,False,False,3,40.35087719298245,Medium
REST_001377,Kudu,restaurant,Unknown,24.704312,46.6833077,King Fahd International Stadium,2.267711502191541,Close,54,2034-07-11 19:00:00,2034,7,11,19,1,False,54,High,100.0,False,True,True,3,100.0,Medium
REST_001282,,restaurant,Unknown,24.7815563,46.6973544,Prince Faisal bin Fahd Stadium,1.7466583320160158,Very Close,109,2034-06-11 18:00:00,2034,6,11,18,6,False,99,High,90.82568807339449,False,False,False,4,90.82568807339449,Large
REST_000317,ميوزد بيت القهوة,cafe,Unknown,24.8035305,46.6743369,Prince Faisal bin Fahd Stadium,5.105766897844834,Moderate,97,2034-07-14 20:00:00,2034,7,14,20,4,True,97,High,100.0,False,True,True,2,100.0,Medium
REST_001040,كفتيريا صاري,restaurant,Unknown,21.5760017,39.1485623,King Abdullah Sports City,6.994665584351821,Moderate,60,2034-06-11 09:00:00,2034,6,11,9,6,False,28,Low,46.666666666666664,False,False,False,2,46.666666666666664,Medium
REST_001114,كانتون,fast_food,Unknown,26.4621818,50.0643558,Prince Mohammed bin Fahd Stadium,5.215248827445351,Moderate,36,2034-06-29 17:00:00,2034,6,29,17,3,False,31,High,86.11111111111111,False,False,False,2,86.11111111111111,Small
REST_001381,Abu zaid,restaurant,Unknown,21.7087895,39.1030025,King Abdullah Sports City,8.849966247534358,Moderate,60,2034-06-02 13:00:00,2034,6,2,13,4,True,57,High,95.0,True,False,True,2,95.0,Medium
REST_000126,Hardee's,fast_food,Unknown,26.3998014,50.0416004,Prince Mohammed bin Fahd Stadium,5.243638033258615,Moderate,62,2034-06-28 09:00:00,2034,6,28,9,2,False,55,High,88.70967741935483,False,False,False,2,88.70967741935483,Medium
REST_000852,McDonald's,fast_food,Unknown,24.7616003,46.6734739,Prince Faisal bin Fahd Stadium,3.958217349628823,Close,57,2034-07-14 16:00:00,2034,7,14,16,4,True,57,High,100.0,False,False,False,3,100.0,Medium
REST_000036,,restaurant,Unknown,24.6892064,46.6736943,King Fahd International Stadium,1.3944236747431706,Very Close,106,2034-06-12 08:00:00,2034,6,12,8,0,False,61,Medium,57.54716981132076,False,False,False,4,57.54716981132076,Large
REST_000683,بارنز,cafe,Unknown,21.6013229,39.1712084,King Abdullah Sports City,6.753920525841267,Moderate,39,2034-06-15 19:00:00,2034,6,15,19,3,False,22,Medium,56.41025641025641,False,True,True,2,56.41025641025641,Small
REST_001291,,cafe,Unknown,24.7857326,46.6336383,Prince Faisal bin Fahd Stadium,7.9602568484893155,Moderate,57,2034-06-16 20:00:00,2034,6,16,20,4,True,57,High,100.0,False,True,True,2,100.0,Medium
REST_000737,أقوس,restaurant,Unknown,24.7039122,46.7024194,King Fahd International Stadium,2.7395695219487366,Close,127,2034-06-28 15:00:00,2034,6,28,15,2,False,127,High,100.0,False,False,False,3,100.0,Large
REST_000403,Tiko,fast_food,Unknown,24.7439764,46.6214222,King Fahd International Stadium,9.342068256175649,Moderate,68,2034-06-17 13:00:00,2034,6,17,13,5,True,68,High,100.0,True,False,True,2,100.0,Medium
REST_000339,كاشو,fast_food,Unknown,24.7804606,46.6633466,Prince Faisal bin Fahd Stadium,4.904334415073274,Close,54,2034-06-07 21:00:00,2034,6,7,21,2,False,54,High,100.0,False,True,True,3,100.0,Medium
REST_000702,Kaman Lounge,cafe,Unknown,24.8318742,46.7325524,Prince Faisal bin Fahd Stadium,7.014693590946382,Moderate,76,2034-06-06 14:00:00,2034,6,6,14,1,False,76,High,100.0,True,False,True,2,100.0,Medium
REST_000747,Obo Beach House,restaurant,Unknown,21.6516243,39.1026142,King Abdullah Sports City,2.67488942711563,Close,125,2034-06-24 15:00:00,2034,6,24,15,5,True,109,High,87.2,False,False,False,3,87.2,Large
REST_001289,الوجه الذهبي,cafe,Unknown,24.7919336,46.6254011,Prince Faisal bin Fahd Stadium,8.924135294064044,Moderate,20,2034-07-12 18:00:00,2034,7,12,18,2,False,12,Medium,60.0,False,False,False,2,60.0,Small
REST_000764,شاورمر Shawarmer,restaurant,Unknown,24.81146,46.6261625,Prince Faisal bin Fahd Stadium,9.627759340618688,Moderate,151,2034-07-09 18:00:00,2034,7,9,18,6,False,60,Low,39.735099337748345,False,False,False,2,39.735099337748345,Large
REST_000646,,fast_food,Unknown,24.6900265,46.6863838,King Fahd International Stadium,0.6590511171992249,Very Close,62,2034-06-13 08:00:00,2034,6,13,8,1,False,62,High,100.0,False,False,False,4,100.0,Medium
REST_001026,Crazy Pizza,restaurant,Unknown,24.7057895,46.7053592,King Fahd International Stadium,3.086101290809832,Close,75,2034-06-11 18:00:00,2034,6,11,18,6,False,55,Medium,73.33333333333333,False,False,False,3,73.33333333333333,Medium
REST_000667,صب واي,fast_food,Unknown,26.357221,43.965995,King Abdullah City Stadium,1.0563545340912888,Very Close,62,2034-06-04 14:00:00,2034,6,4,14,6,False,54,High,87.09677419354838,True,False,True,4,87.09677419354838,Medium
REST_000537,Chkn,fast_food,Unknown,24.7937913,46.6546921,Prince Faisal bin Fahd Stadium,6.183777034351501,Moderate,54,2034-07-10 14:00:00,2034,7,10,14,0,False,26,Low,48.148148148148145,True,False,True,2,48.148148148148145,Medium
REST_000754,Karamna,restaurant,Unknown,21.652994,39.1005612,King Abdullah Sports City,2.905156137804369,Close,183,2034-06-13 12:00:00,2034,6,13,12,1,False,136,Medium,74.31693989071039,True,False,True,3,74.31693989071039,Large
REST_000279,دجاج كنتاكي,fast_food,Unknown,26.3787797,43.9523162,King Abdullah City Stadium,1.9640570360088907,Very Close,37,2034-06-10 16:00:00,2034,6,10,16,5,True,37,High,100.0,False,False,False,4,100.0,Small
REST_001496,ماكدونالدز,fast_food,Unknown,26.3867527,43.9634966,King Abdullah City Stadium,2.252478544125855,Close,77,2034-07-07 11:00:00,2034,7,7,11,4,True,77,High,100.0,False,False,False,3,100.0,Medium
REST_000304,اورفيلا,restaurant,Unknown,26.3999028,43.9170009,King Abdullah City Stadium,6.175754032491097,Moderate,119,2034-07-04 19:00:00,2034,7,4,19,1,False,80,Medium,67.22689075630252,False,True,True,2,67.22689075630252,Large
REST_000565,zonice | زونايس,restaurant,Unknown,26.375623,43.9359581,King Abdullah City Stadium,3.219325361091538,Close,134,2034-06-28 21:00:00,2034,6,28,21,2,False,106,Medium,79.1044776119403,False,True,True,3,79.1044776119403,Large
REST_000771,ميت لوفر,restaurant,Unknown,24.8173115,46.6440981,Prince Faisal bin Fahd Stadium,8.432436504913907,Moderate,97,2034-06-23 17:00:00,2034,6,23,17,4,True,37,Low,38.144329896907216,False,False,False,2,38.144329896907216,Medium
REST_001054,Butcher Shop & Grill,restaurant,Unknown,21.5598064,39.1530824,King Abdullah Sports City,8.793294534174183,Moderate,173,2034-07-04 14:00:00,2034,7,4,14,1,False,173,High,100.0,True,False,True,2,100.0,Large
REST_001264,,cafe,Unknown,24.7856045,46.6457319,Prince Faisal bin Fahd Stadium,6.763220039975659,Moderate,27,2034-06-11 14:00:00,2034,6,11,14,6,False,18,Medium,66.66666666666666,True,False,True,2,66.66666666666666,Small
REST_000105,,cafe,Unknown,26.4509591,50.1064509,Prince Mohammed bin Fahd Stadium,3.7959962999609917,Close,84,2034-06-22 16:00:00,2034,6,22,16,3,False,37,Low,44.047619047619044,False,False,False,3,44.047619047619044,Medium
REST_001217,Pizza Hut,fast_food,Unknown,21.5737554,39.1105204,King Abdullah Sports City,6.239484026388619,Moderate,70,2034-07-02 18:00:00,2034,7,2,18,6,False,45,Medium,64.28571428571429,False,False,False,2,64.28571428571429,Medium
REST_001264,,cafe,Unknown,24.7856045,46.6457319,Prince Faisal bin Fahd Stadium,6.763220039975659,Moderate,27,2034-06-06 14:00:00,2034,6,6,14,1,False,27,High,100.0,True,False,True,2,100.0,Small
REST_001039,,restaurant,Unknown,21.5750808,39.1427883,King Abdullah Sports City,6.796297500888847,Moderate,181,2034-07-02 10:00:00,2034,7,2,10,6,False,101,Medium,55.80110497237569,False,False,False,2,55.80110497237569,Large
REST_001460,مطاعم ومطابخ مضياف,restaurant,Unknown,26.404773,43.9141945,King Abdullah City Stadium,6.728810304967679,Moderate,114,2034-07-10 09:00:00,2034,7,10,9,0,False,82,Medium,71.9298245614035,False,False,False,2,71.9298245614035,Large
REST_001227,Mood Master Specialty Coffee Roasters and Cafe,cafe,Unknown,24.8013936,46.7071438,Prince Faisal bin Fahd Stadium,3.3025624772767106,Close,75,2034-07-10 17:00:00,2034,7,10,17,0,False,48,Medium,64.0,False,False,False,3,64.0,Medium
REST_001061,QEUZ,restaurant,Unknown,24.8049729,46.6607622,Prince Faisal bin Fahd Stadium,6.264526233635944,Moderate,130,2034-07-06 22:00:00,2034,7,6,22,3,False,129,High,99.23076923076923,False,True,True,2,99.23076923076923,Large
REST_000775,أبو جبارة,restaurant,Unknown,24.7976486,46.6413662,Prince Faisal bin Fahd Stadium,7.590410045113112,Moderate,87,2034-07-02 09:00:00,2034,7,2,9,6,False,58,Medium,66.66666666666666,False,False,False,2,66.66666666666666,Medium
REST_000812,Al Wada'a,restaurant,Unknown,21.5881688,39.1057078,King Abdullah Sports City,4.698746029721953,Close,82,2034-06-07 17:00:00,2034,6,7,17,2,False,68,High,82.92682926829268,False,False,False,3,82.92682926829268,Medium
REST_000967,شاورما جساس,fast_food,Unknown,21.6325188,39.1551692,King Abdullah Sports City,4.317698316997511,Close,31,2034-07-01 08:00:00,2034,7,1,8,5,True,31,High,100.0,False,False,False,3,100.0,Small
REST_000301,بيت البيتزا,restaurant,Unknown,26.3764941,43.9298523,King Abdullah City Stadium,3.8290226560374574,Close,130,2034-06-20 18:00:00,2034,6,20,18,1,False,130,High,100.0,False,False,False,3,100.0,Large
REST_001345,Applebee's,restaurant,Unknown,21.6467484,39.1310317,King Abdullah Sports City,2.614419369990409,Close,192,2034-07-09 08:00:00,2034,7,9,8,6,False,140,Medium,72.91666666666666,False,False,False,3,72.91666666666666,Large
REST_001047,مطاعم الباهر,restaurant,Unknown,21.5850807,39.1597016,King Abdullah Sports City,6.894931529153274,Moderate,75,2034-06-16 22:00:00,2034,6,16,22,4,True,75,High,100.0,False,True,True,2,100.0,Medium
REST_000683,بارنز,cafe,Unknown,21.6013229,39.1712084,King Abdullah Sports City,6.753920525841267,Moderate,39,2034-06-10 09:00:00,2034,6,10,9,5,True,36,High,92.3076923076923,False,False,False,2,92.3076923076923,Small
REST_001238,البيك,fast_food,Unknown,21.6058287,39.1070223,King Abdullah Sports City,2.7483116028926604,Close,51,2034-06-19 10:00:00,2034,6,19,10,0,False,26,Medium,50.98039215686274,False,False,False,3,50.98039215686274,Medium
REST_001201,Rose Restaurant,restaurant,Unknown,26.4367344,50.1060511,Prince Mohammed bin Fahd Stadium,2.4757990144658746,Close,50,2034-06-04 12:00:00,2034,6,4,12,6,False,47,High,94.0,True,False,True,3,94.0,Medium
REST_000027,واينز,cafe,Unknown,24.847172,46.7334545,Prince Faisal bin Fahd Stadium,8.671282932966674,Moderate,31,2034-07-13 20:00:00,2034,7,13,20,3,False,31,High,100.0,False,True,True,2,100.0,Small
REST_000116,Phd55,restaurant,Unknown,26.4140411,50.1193958,Prince Mohammed bin Fahd Stadium,3.13551917326331,Close,94,2034-07-05 12:00:00,2034,7,5,12,2,False,94,High,100.0,True,False,True,3,100.0,Medium
REST_001110,كانتون,fast_food,Unknown,24.808371,46.6698492,Prince Faisal bin Fahd Stadium,5.805407420939589,Moderate,64,2034-06-17 17:00:00,2034,6,17,17,5,True,57,High,89.0625,False,False,False,2,89.0625,Medium
REST_000651,Domino's Pizza,fast_food,Unknown,24.7009672,46.6765959,King Fahd International Stadium,2.1163233808426667,Close,79,2034-06-15 20:00:00,2034,6,15,20,3,False,64,High,81.0126582278481,False,True,True,3,81.0126582278481,Medium
REST_000862,المذاق المغربي,cafe,Unknown,21.6060343,39.1067035,King Abdullah Sports City,2.7344259551684136,Close,43,2034-06-18 17:00:00,2034,6,18,17,6,False,35,High,81.3953488372093,False,False,False,3,81.3953488372093,Small
REST_001377,Kudu,restaurant,Unknown,24.704312,46.6833077,King Fahd International Stadium,2.267711502191541,Close,54,2034-07-02 19:00:00,2034,7,2,19,6,False,49,High,90.74074074074075,False,True,True,3,90.74074074074075,Medium
REST_001025,Signor Sassi,restaurant,Unknown,24.6996074,46.7047665,King Fahd International Stadium,2.5404642792417063,Close,190,2034-06-06 17:00:00,2034,6,6,17,1,False,114,Medium,60.0,False,False,False,3,60.0,Large
REST_001277,,cafe,Unknown,24.8327713,46.7676109,Prince Faisal bin Fahd Stadium,8.858096344878021,Moderate,97,2034-06-11 11:00:00,2034,6,11,11,6,False,44,Low,45.36082474226804,False,False,False,2,45.36082474226804,Medium
REST_001384,مطعم السقالة,restaurant,Unknown,21.7179366,39.1039789,King Abdullah Sports City,9.84960291038882,Moderate,94,2034-06-08 22:00:00,2034,6,8,22,3,False,57,Medium,60.63829787234043,False,True,True,2,60.63829787234043,Medium
REST_000378,marrsm,cafe,Unknown,21.6103849,39.125339,King Abdullah Sports City,2.4816162492231526,Close,36,2034-07-12 09:00:00,2034,7,12,9,2,False,28,Medium,77.77777777777779,False,False,False,3,77.77777777777779,Small
REST_000299,EIGHTY + ثمانين,cafe,Unknown,26.4065469,43.9282725,King Abdullah City Stadium,5.855216754611595,Moderate,63,2034-07-06 20:00:00,2034,7,6,20,3,False,63,High,100.0,False,True,True,2,100.0,Medium
REST_001564,,restaurant,Unknown,24.7667736,46.6596068,Prince Faisal bin Fahd Stadium,5.220140939662833,Moderate,173,2034-07-15 19:00:00,2034,7,15,19,5,True,173,High,100.0,False,True,True,2,100.0,Large
REST_001571,,restaurant,Unknown,24.7933327,46.655822,Prince Faisal bin Fahd Stadium,6.058854710120394,Moderate,55,2034-06-18 08:00:00,2034,6,18,8,6,False,47,High,85.45454545454545,False,False,False,2,85.45454545454545,Medium
REST_001264,,cafe,Unknown,24.7856045,46.6457319,Prince Faisal bin Fahd Stadium,6.763220039975659,Moderate,27,2034-07-07 12:00:00,2034,7,7,12,4,True,16,Medium,59.25925925925925,True,False,True,2,59.25925925925925,Small
REST_001028,Crazy Pizza,restaurant,Unknown,24.6752569,46.6249792,King Fahd International Stadium,6.273273163013817,Moderate,91,2034-06-20 17:00:00,2034,6,20,17,1,False,39,Low,42.857142857142854,False,False,False,2,42.857142857142854,Medium
REST_000862,المذاق المغربي,cafe,Unknown,21.6060343,39.1067035,King Abdullah Sports City,2.7344259551684136,Close,43,2034-06-03 11:00:00,2034,6,3,11,5,True,26,Medium,60.46511627906976,False,False,False,3,60.46511627906976,Small
REST_000002,مطعم النافورة,restaurant,Unknown,24.7990314,46.78546,Prince Faisal bin Fahd Stadium,8.099702923725907,Moderate,186,2034-06-17 21:00:00,2034,6,17,21,5,True,153,High,82.25806451612904,False,True,True,2,82.25806451612904,Large
REST_000431,,restaurant,Unknown,21.5934705,39.1460582,King Abdullah Sports City,5.258085772146678,Moderate,107,2034-06-26 15:00:00,2034,6,26,15,0,False,79,Medium,73.83177570093457,False,False,False,2,73.83177570093457,Large
REST_000300,قهوة باش المختصة,cafe,Unknown,26.4083543,43.9279608,King Abdullah City Stadium,6.028541712294963,Moderate,62,2034-07-07 20:00:00,2034,7,7,20,4,True,62,High,100.0,False,True,True,2,100.0,Medium
REST_000429,,cafe,Unknown,21.614964,39.153345,King Abdullah Sports City,4.4368840980897195,Close,23,2034-06-09 14:00:00,2034,6,9,14,4,True,23,High,100.0,True,False,True,3,100.0,Small
REST_000167,Kudu,restaurant,Unknown,26.4508454,50.118796,Prince Mohammed bin Fahd Stadium,4.489541804088695,Close,64,2034-07-01 10:00:00,2034,7,1,10,5,True,46,Medium,71.875,False,False,False,3,71.875,Medium
REST_001469,ماكدونالدز,fast_food,Unknown,26.3643605,43.9361055,King Abdullah City Stadium,3.0591597290519763,Close,34,2034-06-13 09:00:00,2034,6,13,9,1,False,23,Medium,67.64705882352942,False,False,False,3,67.64705882352942,Small
REST_000112,السيف لاونج,cafe,Unknown,26.4568159,50.1307542,Prince Mohammed bin Fahd Stadium,5.794504884134874,Moderate,72,2034-06-23 09:00:00,2034,6,23,9,4,True,42,Medium,58.333333333333336,False,False,False,2,58.333333333333336,Medium
REST_000339,كاشو,fast_food,Unknown,24.7804606,46.6633466,Prince Faisal bin Fahd Stadium,4.904334415073274,Close,54,2034-07-06 08:00:00,2034,7,6,8,3,False,28,Medium,51.85185185185185,False,False,False,3,51.85185185185185,Medium
REST_000335,بيتزاهت,restaurant,Unknown,24.7953067,46.7424813,Prince Faisal bin Fahd Stadium,4.107885037850816,Close,126,2034-07-03 22:00:00,2034,7,3,22,0,False,126,High,100.0,False,True,True,3,100.0,Large
REST_001336,مطعم كمون البخاري,restaurant,Unknown,24.6851879,46.7667693,King Fahd International Stadium,8.131030996167413,Moderate,73,2034-06-15 14:00:00,2034,6,15,14,3,False,73,High,100.0,True,False,True,2,100.0,Medium
REST_001282,,restaurant,Unknown,24.7815563,46.6973544,Prince Faisal bin Fahd Stadium,1.7466583320160158,Very Close,109,2034-07-01 09:00:00,2034,7,1,9,5,True,109,High,100.0,False,False,False,4,100.0,Large
REST_000803,Goodies,restaurant,Unknown,21.573008,39.1273857,King Abdullah Sports City,6.476101290694813,Moderate,152,2034-06-23 13:00:00,2034,6,23,13,4,True,152,High,100.0,True,False,True,2,100.0,Large
REST_001287,بوفية لذيذة,fast_food,Unknown,24.789891,46.6516004,Prince Faisal bin Fahd Stadium,6.321617562001353,Moderate,71,2034-06-18 22:00:00,2034,6,18,22,6,False,51,Medium,71.83098591549296,False,True,True,2,71.83098591549296,Medium
REST_001283,,cafe,Unknown,24.7821629,46.7063921,Prince Faisal bin Fahd Stadium,1.2323621339488111,Very Close,85,2034-07-06 18:00:00,2034,7,6,18,3,False,67,Medium,78.82352941176471,False,False,False,4,78.82352941176471,Medium
REST_000920,,restaurant,Unknown,24.7457208,46.6196273,King Fahd International Stadium,9.607457209008999,Moderate,154,2034-06-08 11:00:00,2034,6,8,11,3,False,51,Low,33.116883116883116,False,False,False,2,33.116883116883116,Large
REST_000302,مطعم رز بخاري,restaurant,Unknown,26.3978656,43.9393978,King Abdullah City Stadium,4.405228600598905,Close,191,2034-07-14 09:00:00,2034,7,14,9,4,True,104,Medium,54.45026178010471,False,False,False,3,54.45026178010471,Large
REST_000645,,restaurant,Unknown,24.6552535,46.7440452,King Fahd International Stadium,6.6584500373935125,Moderate,164,2034-07-04 08:00:00,2034,7,4,8,1,False,146,High,89.02439024390245,False,False,False,2,89.02439024390245,Large
REST_001202,Horizon Restaurant,restaurant,Unknown,26.4389531,50.1054376,Prince Mohammed bin Fahd Stadium,2.6199213311316063,Close,78,2034-06-26 10:00:00,2034,6,26,10,0,False,78,High,100.0,False,False,False,3,100.0,Medium
REST_000747,Obo Beach House,restaurant,Unknown,21.6516243,39.1026142,King Abdullah Sports City,2.67488942711563,Close,125,2034-06-05 20:00:00,2034,6,5,20,0,False,125,High,100.0,False,True,True,3,100.0,Large
REST_001380,,restaurant,Unknown,21.7077244,39.1020064,King Abdullah Sports City,8.745821526203569,Moderate,102,2034-06-25 09:00:00,2034,6,25,9,6,False,50,Low,49.01960784313725,False,False,False,2,49.01960784313725,Large
REST_000424,UMQ Coffee 2.2 قهوة عمق,cafe,Unknown,26.4586931,50.0852868,Prince Mohammed bin Fahd Stadium,4.239096066625124,Close,37,2034-06-22 16:00:00,2034,6,22,16,3,False,24,Medium,64.86486486486487,False,False,False,3,64.86486486486487,Small
REST_001378,Chinese restaurant,restaurant,Unknown,24.6941334,46.6852727,King Fahd International Stadium,1.120480418058852,Very Close,91,2034-06-07 19:00:00,2034,6,7,19,2,False,79,High,86.81318681318682,False,True,True,4,86.81318681318682,Medium
REST_000441,Starbucks,cafe,Unknown,26.4539347,50.1205844,Prince Mohammed bin Fahd Stadium,4.865387943686088,Close,27,2034-06-06 15:00:00,2034,6,6,15,1,False,27,High,100.0,False,False,False,3,100.0,Small
REST_001496,ماكدونالدز,fast_food,Unknown,26.3867527,43.9634966,King Abdullah City Stadium,2.252478544125855,Close,77,2034-07-01 08:00:00,2034,7,1,8,5,True,77,High,100.0,False,False,False,3,100.0,Medium
REST_000322,Mahboob,fast_food,Unknown,24.7590745,46.6639915,Prince Faisal bin Fahd Stadium,4.9559935509830595,Close,50,2034-07-04 20:00:00,2034,7,4,20,1,False,50,High,100.0,False,True,True,3,100.0,Medium
REST_001035,San Carlo Cicchetti,restaurant,Unknown,24.7012182,46.705378,King Fahd International Stadium,2.7088790925678645,Close,155,2034-06-28 10:00:00,2034,6,28,10,2,False,155,High,100.0,False,False,False,3,100.0,Large
REST_000667,صب واي,fast_food,Unknown,26.357221,43.965995,King Abdullah City Stadium,1.0563545340912888,Very Close,62,2034-06-05 12:00:00,2034,6,5,12,0,False,62,High,100.0,True,False,True,4,100.0,Medium
REST_001094,كانتون,fast_food,Unknown,26.400639,50.1173329,Prince Mohammed bin Fahd Stadium,3.6125453122142086,Close,68,2034-06-20 21:00:00,2034,6,20,21,1,False,68,High,100.0,False,True,True,3,100.0,Medium
REST_000404,Ulb,fast_food,Unknown,24.7444149,46.6206874,King Fahd International Stadium,9.428894084691638,Moderate,35,2034-06-03 18:00:00,2034,6,3,18,5,True,18,Medium,51.42857142857142,False,False,False,2,51.42857142857142,Small
REST_000344,,restaurant,Unknown,24.7799522,46.6939272,Prince Faisal bin Fahd Stadium,1.942345146229976,Very Close,57,2034-06-20 15:00:00,2034,6,20,15,1,False,34,Medium,59.64912280701754,False,False,False,4,59.64912280701754,Medium
REST_000595,دانكن دونتس,fast_food,Unknown,24.8177774,46.6862018,Prince Faisal bin Fahd Stadium,5.682413507376354,Moderate,30,2034-06-21 19:00:00,2034,6,21,19,2,False,30,High,100.0,False,True,True,2,100.0,Small
REST_001436,,fast_food,Unknown,24.6998806,46.6823339,King Fahd International Stadium,1.7998893815554278,Very Close,55,2034-07-04 21:00:00,2034,7,4,21,1,False,55,High,100.0,False,True,True,4,100.0,Medium
REST_001379,واحد فول,restaurant,Unknown,24.6609768,46.7013086,King Fahd International Stadium,2.985101121124223,Close,103,2034-07-05 13:00:00,2034,7,5,13,2,False,56,Medium,54.36893203883495,True,False,True,3,54.36893203883495,Large
REST_001216,Beefbar,restaurant,Unknown,24.7043323,46.7059386,King Fahd International Stadium,2.999598031405568,Close,120,2034-07-14 21:00:00,2034,7,14,21,4,True,120,High,100.0,False,True,True,3,100.0,Large
REST_000053,ماكدونالز,fast_food,Unknown,24.811728,46.7691345,Prince Faisal bin Fahd Stadium,7.35203380959969,Moderate,61,2034-07-14 21:00:00,2034,7,14,21,4,True,61,High,100.0,False,True,True,2,100.0,Medium
REST_001079,Urth Caffe,cafe,Unknown,21.5668615,39.1248304,King Abdullah Sports City,7.095803038786741,Moderate,80,2034-07-13 22:00:00,2034,7,13,22,3,False,80,High,100.0,False,True,True,2,100.0,Medium
REST_000689,بروست تشيليز,fast_food,Unknown,21.5939486,39.1662543,King Abdullah Sports City,6.755310660145509,Moderate,70,2034-06-27 22:00:00,2034,6,27,22,1,False,36,Medium,51.42857142857142,False,True,True,2,51.42857142857142,Medium
REST_001227,Mood Master Specialty Coffee Roasters and Cafe,cafe,Unknown,24.8013936,46.7071438,Prince Faisal bin Fahd Stadium,3.3025624772767106,Close,75,2034-06-22 09:00:00,2034,6,22,9,3,False,57,Medium,76.0,False,False,False,3,76.0,Medium
REST_000395,Ulb,fast_food,Unknown,24.8445257,46.7571205,Prince Faisal bin Fahd Stadium,9.321237992116538,Moderate,66,2034-06-28 16:00:00,2034,6,28,16,2,False,23,Low,34.84848484848485,False,False,False,2,34.84848484848485,Medium
REST_001264,,cafe,Unknown,24.7856045,46.6457319,Prince Faisal bin Fahd Stadium,6.763220039975659,Moderate,27,2034-06-19 20:00:00,2034,6,19,20,0,False,12,Low,44.44444444444444,False,True,True,2,44.44444444444444,Small
REST_001337,,restaurant,Unknown,24.7678767,46.7155281,Prince Faisal bin Fahd Stadium,0.6396503472173186,Very Close,152,2034-07-14 12:00:00,2034,7,14,12,4,True,126,High,82.89473684210526,True,False,True,4,82.89473684210526,Large
REST_000290,مطعم نايستي رويال,restaurant,Unknown,26.3759626,43.9827338,King Abdullah City Stadium,1.9006057710493627,Very Close,74,2034-07-13 19:00:00,2034,7,13,19,3,False,74,High,100.0,False,True,True,4,100.0,Medium
REST_000395,Ulb,fast_food,Unknown,24.8445257,46.7571205,Prince Faisal bin Fahd Stadium,9.321237992116538,Moderate,66,2034-07-09 13:00:00,2034,7,9,13,6,False,43,Medium,65.15151515151516,True,False,True,2,65.15151515151516,Medium
REST_000333,بيتزا هت,restaurant,Unknown,24.8004341,46.7399092,Prince Faisal bin Fahd Stadium,4.310936884667517,Close,139,2034-06-19 21:00:00,2034,6,19,21,0,False,139,High,100.0,False,True,True,3,100.0,Large
REST_000369,بيت الدونات,cafe,Unknown,21.5845758,39.159072,King Abdullah Sports City,6.890871683076867,Moderate,51,2034-07-09 15:00:00,2034,7,9,15,6,False,20,Low,39.21568627450981,False,False,False,2,39.21568627450981,Medium
REST_000596,دانكن دونتس,fast_food,Unknown,24.8185961,46.6866878,Prince Faisal bin Fahd Stadium,5.743140914582132,Moderate,48,2034-06-27 15:00:00,2034,6,27,15,1,False,20,Low,41.66666666666667,False,False,False,2,41.66666666666667,Small
REST_000616,د.كيف,cafe,Unknown,24.847569,46.7336478,Prince Faisal bin Fahd Stadium,8.718994264118326,Moderate,80,2034-07-13 22:00:00,2034,7,13,22,3,False,80,High,100.0,False,True,True,2,100.0,Medium
REST_001450,كافيه ناي نسائي,cafe,Unknown,26.3639518,43.9492486,King Abdullah City Stadium,1.7653075026122027,Very Close,88,2034-06-15 15:00:00,2034,6,15,15,3,False,82,High,93.18181818181817,False,False,False,4,93.18181818181817,Medium
REST_000282,كودو,restaurant,Unknown,26.3573865,43.9661676,King Abdullah City Stadium,1.0369714984039948,Very Close,122,2034-06-28 13:00:00,2034,6,28,13,2,False,122,High,100.0,True,False,True,4,100.0,Large
REST_001105,كانتون,fast_food,Unknown,24.758633,46.7144332,Prince Faisal bin Fahd Stadium,1.5154029092945864,Very Close,42,2034-06-20 13:00:00,2034,6,20,13,1,False,42,High,100.0,True,False,True,4,100.0,Small
REST_000746,Marina Petit Cafe,restaurant,Unknown,21.6533769,39.1025319,King Abdullah Sports City,2.856232064999067,Close,105,2034-06-02 17:00:00,2034,6,2,17,4,True,105,High,100.0,False,False,False,3,100.0,Large
REST_000949,سالدوتش,fast_food,Unknown,24.6914219,46.7007083,King Fahd International Stadium,1.667899849851937,Very Close,45,2034-06-08 08:00:00,2034,6,8,8,3,False,28,Medium,62.22222222222222,False,False,False,4,62.22222222222222,Small
REST_001570,,cafe,Unknown,24.7941063,46.6554261,Prince Faisal bin Fahd Stadium,6.1297478461302,Moderate,22,2034-06-06 12:00:00,2034,6,6,12,1,False,12,Medium,54.54545454545454,True,False,True,2,54.54545454545454,Small
REST_001457,ديل برجر,restaurant,Unknown,26.3926371,43.9203766,King Abdullah City Stadium,5.441693716202213,Moderate,167,2034-07-15 12:00:00,2034,7,15,12,5,True,167,High,100.0,True,False,True,2,100.0,Large
REST_000678,هرفي,fast_food,Unknown,24.5980523,46.684862,King Fahd International Stadium,9.569171453582342,Moderate,35,2034-07-03 22:00:00,2034,7,3,22,0,False,35,High,100.0,False,True,True,2,100.0,Small
REST_001417,,restaurant,Unknown,24.697574,46.687515,King Fahd International Stadium,1.503260463121365,Very Close,59,2034-07-13 15:00:00,2034,7,13,15,3,False,34,Medium,57.6271186440678,False,False,False,4,57.6271186440678,Medium
REST_000457,دانكن دونتس,fast_food,Unknown,24.6807131,46.6945961,King Fahd International Stadium,0.9189211472499675,Very Close,52,2034-06-05 14:00:00,2034,6,5,14,0,False,52,High,100.0,True,False,True,4,100.0,Medium
REST_001285,منتو يغمش,restaurant,Unknown,24.8005739,46.7829763,Prince Faisal bin Fahd Stadium,7.934873923007209,Moderate,126,2034-06-01 12:00:00,2034,6,1,12,3,False,58,Low,46.03174603174603,True,False,True,2,46.03174603174603,Large
REST_000122,دلع بطنك الدمام,restaurant,Unknown,26.4369935,50.084037,Prince Mohammed bin Fahd Stadium,1.8728016672082712,Very Close,121,2034-06-16 22:00:00,2034,6,16,22,4,True,121,High,100.0,False,True,True,4,100.0,Large
REST_000179,مطابخ الانصار,restaurant,Unknown,26.3941641,50.0277195,Prince Mohammed bin Fahd Stadium,6.760989474154515,Moderate,124,2034-06-11 17:00:00,2034,6,11,17,6,False,44,Low,35.483870967741936,False,False,False,2,35.483870967741936,Large
REST_001411,,cafe,Unknown,24.7063771,46.6753106,King Fahd International Stadium,2.7145144864048505,Close,98,2034-06-17 19:00:00,2034,6,17,19,5,True,98,High,100.0,False,True,True,3,100.0,Medium
REST_000334,Krispy Kreme,fast_food,Unknown,24.8008561,46.7438247,Prince Faisal bin Fahd Stadium,4.620337375864432,Close,35,2034-06-09 20:00:00,2034,6,9,20,4,True,32,High,91.42857142857143,False,True,True,3,91.42857142857143,Small
REST_000323,مطعم فينور,restaurant,Unknown,26.3963787,43.9190606,King Abdullah City Stadium,5.780250129844871,Moderate,99,2034-06-01 15:00:00,2034,6,1,15,3,False,87,High,87.87878787878788,False,False,False,2,87.87878787878788,Medium
REST_001499,مندي صالح,restaurant,Unknown,26.324595,43.9612958,King Abdullah City Stadium,4.712729775299977,Close,93,2034-07-01 09:00:00,2034,7,1,9,5,True,93,High,100.0,False,False,False,3,100.0,Medium
REST_000188,بيت الربيان,restaurant,Unknown,26.4592864,50.0869988,Prince Mohammed bin Fahd Stadium,4.294358112095671,Close,50,2034-06-29 19:00:00,2034,6,29,19,3,False,45,High,90.0,False,True,True,3,90.0,Medium
REST_001422,,restaurant,Unknown,24.6983833,46.6873862,King Fahd International Stadium,1.5920170775778464,Very Close,84,2034-06-15 13:00:00,2034,6,15,13,3,False,84,High,100.0,True,False,True,4,100.0,Medium
REST_000911,ستاربكس,cafe,Unknown,24.838724,46.7318325,Prince Faisal bin Fahd Stadium,7.72228756712405,Moderate,70,2034-06-09 08:00:00,2034,6,9,8,4,True,46,Medium,65.71428571428571,False,False,False,2,65.71428571428571,Medium
REST_000749,عريشة أوراق العنب,restaurant,Unknown,24.8127717,46.6292445,Prince Faisal bin Fahd Stadium,9.421538539008969,Moderate,89,2034-06-28 18:00:00,2034,6,28,18,2,False,59,Medium,66.29213483146067,False,False,False,2,66.29213483146067,Medium
REST_001020,كانتون,fast_food,Unknown,26.4036565,50.0573132,Prince Mohammed bin Fahd Stadium,3.663915326926866,Close,73,2034-06-02 20:00:00,2034,6,2,20,4,True,73,High,100.0,False,True,True,3,100.0,Medium
REST_001111,كانتون,fast_food,Unknown,24.6863651,46.6475898,King Fahd International Stadium,3.919127586994456,Close,37,2034-07-03 11:00:00,2034,7,3,11,0,False,24,Medium,64.86486486486487,False,False,False,3,64.86486486486487,Small
REST_000045,Golden Palace Chinese Restaurant,restaurant,Unknown,21.5566055,39.1691506,King Abdullah Sports City,9.96729911629322,Moderate,98,2034-07-10 09:00:00,2034,7,10,9,0,False,47,Low,47.95918367346938,False,False,False,2,47.95918367346938,Medium
REST_000947,سالدوتش,fast_food,Unknown,24.7797699,46.7882341,Prince Faisal bin Fahd Stadium,7.846498600273864,Moderate,70,2034-06-20 15:00:00,2034,6,20,15,1,False,50,Medium,71.42857142857143,False,False,False,2,71.42857142857143,Medium
REST_000788,رونه للقهوة المختصة | الشاطئ,cafe,Unknown,21.6023188,39.1083762,King Abdullah Sports City,3.1013357493641704,Close,38,2034-06-27 18:00:00,2034,6,27,18,1,False,20,Medium,52.63157894736842,False,False,False,3,52.63157894736842,Small
REST_001433,شوكليت ايتالياني,restaurant,Unknown,24.6969313,46.6858361,King Fahd International Stadium,1.4275450174103979,Very Close,157,2034-07-08 09:00:00,2034,7,8,9,5,True,157,High,100.0,False,False,False,4,100.0,Large
REST_000306,الناضج,restaurant,Unknown,26.3582887,43.948908,King Abdullah City Stadium,2.004246793354236,Close,50,2034-06-28 09:00:00,2034,6,28,9,2,False,39,Medium,78.0,False,False,False,3,78.0,Medium
REST_000301,بيت البيتزا,restaurant,Unknown,26.3764941,43.9298523,King Abdullah City Stadium,3.8290226560374574,Close,130,2034-06-28 21:00:00,2034,6,28,21,2,False,91,Medium,70.0,False,True,True,3,70.0,Large
REST_001466,الرومانسية,restaurant,Unknown,26.366117,43.9424868,King Abdullah City Stadium,2.413173240425537,Close,99,2034-06-04 14:00:00,2034,6,4,14,6,False,99,High,100.0,True,False,True,3,100.0,Medium
REST_000347,,cafe,Unknown,24.7787495,46.7118329,Prince Faisal bin Fahd Stadium,0.7662576771674339,Very Close,30,2034-06-01 18:00:00,2034,6,1,18,3,False,27,High,90.0,False,False,False,4,90.0,Small
REST_000120,طيف ماضينا,restaurant,Unknown,26.40684,50.107802,Prince Mohammed bin Fahd Stadium,2.4405236711242657,Close,78,2034-06-22 18:00:00,2034,6,22,18,3,False,35,Low,44.871794871794876,False,False,False,3,44.871794871794876,Medium
REST_000264,Vendor Coffee - مقهى فيندور,cafe,Unknown,24.7558162,46.7718623,Prince Faisal bin Fahd Stadium,6.4001987570527925,Moderate,58,2034-06-28 22:00:00,2034,6,28,22,2,False,32,Medium,55.172413793103445,False,True,True,2,55.172413793103445,Medium
REST_000678,هرفي,fast_food,Unknown,24.5980523,46.684862,King Fahd International Stadium,9.569171453582342,Moderate,35,2034-06-01 18:00:00,2034,6,1,18,3,False,13,Low,37.142857142857146,False,False,False,2,37.142857142857146,Small
REST_001365,La Plage Resturant,restaurant,Unknown,21.7104034,39.0858491,King Abdullah Sports City,9.407135130792394,Moderate,109,2034-06-17 20:00:00,2034,6,17,20,5,True,109,High,100.0,False,True,True,2,100.0,Large
REST_001469,ماكدونالدز,fast_food,Unknown,26.3643605,43.9361055,King Abdullah City Stadium,3.0591597290519763,Close,34,2034-06-14 18:00:00,2034,6,14,18,2,False,19,Medium,55.88235294117647,False,False,False,3,55.88235294117647,Small
REST_000859,واحة المرباع,restaurant,Unknown,26.3941797,43.9288784,King Abdullah City Stadium,4.85094280500056,Close,124,2034-07-04 09:00:00,2034,7,4,9,1,False,50,Low,40.32258064516129,False,False,False,3,40.32258064516129,Large
REST_000292,كوب القهوة,cafe,Unknown,26.3180939,44.0372088,King Abdullah City Stadium,8.864373847296573,Moderate,80,2034-07-11 10:00:00,2034,7,11,10,1,False,49,Medium,61.25000000000001,False,False,False,2,61.25000000000001,Medium
REST_000656,Al Mansaf,restaurant,Unknown,24.711061,46.6977886,King Fahd International Stadium,3.2147468402165744,Close,90,2034-06-17 16:00:00,2034,6,17,16,5,True,90,High,100.0,False,False,False,3,100.0,Medium
REST_000615,دانكن دونتس,fast_food,Unknown,24.8469814,46.7334068,Prince Faisal bin Fahd Stadium,8.649568040622029,Moderate,69,2034-06-02 21:00:00,2034,6,2,21,4,True,69,High,100.0,False,True,True,2,100.0,Medium
REST_001217,Pizza Hut,fast_food,Unknown,21.5737554,39.1105204,King Abdullah Sports City,6.239484026388619,Moderate,70,2034-07-03 12:00:00,2034,7,3,12,0,False,33,Low,47.14285714285714,True,False,True,2,47.14285714285714,Medium
REST_000504,مطبغ الضيافة,restaurant,Unknown,21.5813302,39.1601843,King Abdullah Sports City,7.234726941392608,Moderate,138,2034-06-13 09:00:00,2034,6,13,9,1,False,70,Medium,50.72463768115942,False,False,False,2,50.72463768115942,Large
REST_000606,شواية الحرازي,restaurant,Unknown,21.5918202,39.16888,King Abdullah Sports City,7.1142112353585825,Moderate,130,2034-06-02 20:00:00,2034,6,2,20,4,True,130,High,100.0,False,True,True,2,100.0,Large
REST_000663,برغر فيول,fast_food,Unknown,24.8106225,46.7344265,Prince Faisal bin Fahd Stadium,4.912425939962434,Close,39,2034-06-04 21:00:00,2034,6,4,21,6,False,39,High,100.0,False,True,True,3,100.0,Small
REST_001564,,restaurant,Unknown,24.7667736,46.6596068,Prince Faisal bin Fahd Stadium,5.220140939662833,Moderate,173,2034-06-05 21:00:00,2034,6,5,21,0,False,173,High,100.0,False,True,True,2,100.0,Large
REST_000596,دانكن دونتس,fast_food,Unknown,24.8185961,46.6866878,Prince Faisal bin Fahd Stadium,5.743140914582132,Moderate,48,2034-06-14 19:00:00,2034,6,14,19,2,False,43,High,89.58333333333334,False,True,True,2,89.58333333333334,Small
REST_001421,Pizza Inn,fast_food,Unknown,24.7008989,46.676671,King Fahd International Stadium,2.1060806403644046,Close,61,2034-06-21 16:00:00,2034,6,21,16,2,False,61,High,100.0,False,False,False,3,100.0,Medium
REST_001378,Chinese restaurant,restaurant,Unknown,24.6941334,46.6852727,King Fahd International Stadium,1.120480418058852,Very Close,91,2034-06-20 10:00:00,2034,6,20,10,1,False,55,Medium,60.43956043956044,False,False,False,4,60.43956043956044,Medium
REST_000618,,cafe,Unknown,21.5985513,39.1237252,King Abdullah Sports City,3.631922233509138,Close,95,2034-06-26 09:00:00,2034,6,26,9,0,False,62,Medium,65.26315789473685,False,False,False,3,65.26315789473685,Medium
REST_000919,,fast_food,Unknown,24.7616932,46.7985908,Prince Faisal bin Fahd Stadium,8.916330619529694,Moderate,69,2034-06-14 19:00:00,2034,6,14,19,2,False,33,Low,47.82608695652174,False,True,True,2,47.82608695652174,Medium
REST_001331,,restaurant,Unknown,24.8072019,46.7805878,Prince Faisal bin Fahd Stadium,8.047144803866747,Moderate,87,2034-07-10 20:00:00,2034,7,10,20,0,False,72,High,82.75862068965517,False,True,True,2,82.75862068965517,Medium
REST_000536,Chkn,fast_food,Unknown,24.7668817,46.7072939,Prince Faisal bin Fahd Stadium,0.6718559948661714,Very Close,45,2034-06-18 16:00:00,2034,6,18,16,6,False,36,High,80.0,False,False,False,4,80.0,Small
REST_000738,,restaurant,Unknown,24.6833207,46.7184462,King Fahd International Stadium,3.249037641162283,Close,172,2034-06-14 15:00:00,2034,6,14,15,2,False,165,High,95.93023255813954,False,False,False,3,95.93023255813954,Large
REST_000912,تيم هورتونز,cafe,Unknown,24.8387541,46.7325597,Prince Faisal bin Fahd Stadium,7.7458084164826735,Moderate,25,2034-06-05 13:00:00,2034,6,5,13,0,False,25,High,100.0,True,False,True,2,100.0,Small
REST_001111,كانتون,fast_food,Unknown,24.6863651,46.6475898,King Fahd International Stadium,3.919127586994456,Close,37,2034-06-08 22:00:00,2034,6,8,22,3,False,37,High,100.0,False,True,True,3,100.0,Small
REST_001237,ماكدونالدز,fast_food,Unknown,21.6135637,39.1072174,King Abdullah Sports City,1.9186500867305076,Very Close,65,2034-07-04 12:00:00,2034,7,4,12,1,False,65,High,100.0,True,False,True,4,100.0,Medium
REST_001564,,restaurant,Unknown,24.7667736,46.6596068,Prince Faisal bin Fahd Stadium,5.220140939662833,Moderate,173,2034-06-21 08:00:00,2034,6,21,8,2,False,132,Medium,76.30057803468208,False,False,False,2,76.30057803468208,Large
REST_000845,Barn's,restaurant,Unknown,24.8334509,46.733426,Prince Faisal bin Fahd Stadium,7.208773253950492,Moderate,119,2034-07-10 14:00:00,2034,7,10,14,0,False,102,High,85.71428571428571,True,False,True,2,85.71428571428571,Large
REST_001282,,restaurant,Unknown,24.7815563,46.6973544,Prince Faisal bin Fahd Stadium,1.7466583320160158,Very Close,109,2034-07-08 12:00:00,2034,7,8,12,5,True,109,High,100.0,True,False,True,4,100.0,Large
REST_000032,بيتزا هت,restaurant,Unknown,24.7052277,46.6854976,King Fahd International Stadium,2.3506911903769763,Close,67,2034-07-01 20:00:00,2034,7,1,20,5,True,67,High,100.0,False,True,True,3,100.0,Medium
REST_001413,The Pancake House,restaurant,Unknown,24.7079737,46.6751704,King Fahd International Stadium,2.8829289311906243,Close,100,2034-06-25 13:00:00,2034,6,25,13,6,False,100,High,100.0,True,False,True,3,100.0,Large
REST_001498,فرحات,restaurant,Unknown,26.396264,43.9496302,King Abdullah City Stadium,3.7011003387809818,Close,149,2034-06-05 09:00:00,2034,6,5,9,0,False,143,High,95.9731543624161,False,False,False,3,95.9731543624161,Large
REST_000674,دومينوز بيتزا,fast_food,Unknown,26.3575068,43.9658404,King Abdullah City Stadium,1.025818514384294,Very Close,35,2034-07-04 11:00:00,2034,7,4,11,1,False,31,High,88.57142857142857,False,False,False,4,88.57142857142857,Small
REST_000408,Ulb,fast_food,Unknown,24.7668209,46.7066941,Prince Faisal bin Fahd Stadium,0.7127197008308248,Very Close,57,2034-06-07 17:00:00,2034,6,7,17,2,False,33,Medium,57.89473684210527,False,False,False,4,57.89473684210527,Medium
REST_000562,هوت دوق اكسبرس,restaurant,Unknown,24.8004505,46.7396469,Prince Faisal bin Fahd Stadium,4.294402722510452,Close,110,2034-06-29 16:00:00,2034,6,29,16,3,False,68,Medium,61.81818181818181,False,False,False,3,61.81818181818181,Large
REST_000116,Phd55,restaurant,Unknown,26.4140411,50.1193958,Prince Mohammed bin Fahd Stadium,3.13551917326331,Close,94,2034-06-26 14:00:00,2034,6,26,14,0,False,94,High,100.0,True,False,True,3,100.0,Medium
REST_000705,,restaurant,Unknown,24.793833,46.6547551,Prince Faisal bin Fahd Stadium,6.179758496862934,Moderate,93,2034-06-15 18:00:00,2034,6,15,18,3,False,78,High,83.87096774193549,False,False,False,2,83.87096774193549,Medium
REST_000952,سالدوتش,fast_food,Unknown,24.6630084,46.7290325,King Fahd International Stadium,4.913642089362509,Close,62,2034-06-10 09:00:00,2034,6,10,9,5,True,62,High,100.0,False,False,False,3,100.0,Medium
REST_000323,مطعم فينور,restaurant,Unknown,26.3963787,43.9190606,King Abdullah City Stadium,5.780250129844871,Moderate,99,2034-06-24 16:00:00,2034,6,24,16,5,True,85,High,85.85858585858585,False,False,False,2,85.85858585858585,Medium
REST_000348,,restaurant,Unknown,24.7671892,46.7170346,Prince Faisal bin Fahd Stadium,0.8034990755507266,Very Close,103,2034-06-18 12:00:00,2034,6,18,12,6,False,103,High,100.0,True,False,True,4,100.0,Large
REST_000657,,restaurant,Unknown,24.6996722,46.6924899,King Fahd International Stadium,1.841013688108124,Very Close,80,2034-07-05 18:00:00,2034,7,5,18,2,False,51,Medium,63.74999999999999,False,False,False,4,63.74999999999999,Medium
REST_001074,,restaurant,Unknown,26.4492315,50.1185042,Prince Mohammed bin Fahd Stadium,4.337340455624325,Close,153,2034-07-04 18:00:00,2034,7,4,18,1,False,85,Medium,55.55555555555556,False,False,False,3,55.55555555555556,Large
REST_000661,Dose Cafe,cafe,Unknown,24.8401038,46.7323744,Prince Faisal bin Fahd Stadium,7.884814874295175,Moderate,69,2034-07-14 16:00:00,2034,7,14,16,4,True,49,Medium,71.01449275362319,False,False,False,2,71.01449275362319,Medium
REST_000542,,cafe,Unknown,26.4729058,50.0862236,Prince Mohammed bin Fahd Stadium,5.810684253519465,Moderate,92,2034-06-29 15:00:00,2034,6,29,15,3,False,64,Medium,69.56521739130434,False,False,False,2,69.56521739130434,Medium
REST_000952,سالدوتش,fast_food,Unknown,24.6630084,46.7290325,King Fahd International Stadium,4.913642089362509,Close,62,2034-06-11 09:00:00,2034,6,11,9,6,False,48,Medium,77.41935483870968,False,False,False,3,77.41935483870968,Medium
REST_000738,,restaurant,Unknown,24.6833207,46.7184462,King Fahd International Stadium,3.249037641162283,Close,172,2034-06-06 14:00:00,2034,6,6,14,1,False,172,High,100.0,True,False,True,3,100.0,Large
REST_000318,درافت كافيه,cafe,Unknown,24.8036447,46.6742323,Prince Faisal bin Fahd Stadium,5.122167928149393,Moderate,38,2034-06-18 21:00:00,2034,6,18,21,6,False,38,High,100.0,False,True,True,2,100.0,Small
REST_001039,,restaurant,Unknown,21.5750808,39.1427883,King Abdullah Sports City,6.796297500888847,Moderate,181,2034-06-15 19:00:00,2034,6,15,19,3,False,166,High,91.71270718232044,False,True,True,2,91.71270718232044,Large
REST_000059,كافيه دي جاردن,cafe,Unknown,24.802743,46.7165124,Prince Faisal bin Fahd Stadium,3.4744386588744103,Close,77,2034-06-11 20:00:00,2034,6,11,20,6,False,77,High,100.0,False,True,True,3,100.0,Medium
REST_000168,,restaurant,Unknown,26.4489936,50.1183693,Prince Mohammed bin Fahd Stadium,4.308842021998596,Close,159,2034-06-21 11:00:00,2034,6,21,11,2,False,123,Medium,77.35849056603774,False,False,False,3,77.35849056603774,Large
REST_000476,بروستد بونواس,restaurant,Unknown,26.4493532,50.1185439,Prince Mohammed bin Fahd Stadium,4.349937758093283,Close,149,2034-06-09 09:00:00,2034,6,9,9,4,True,149,High,100.0,False,False,False,3,100.0,Large
REST_000765,كوفليت,restaurant,Unknown,24.8131505,46.6460734,Prince Faisal bin Fahd Stadium,7.999713221320555,Moderate,70,2034-07-08 14:00:00,2034,7,8,14,5,True,70,High,100.0,True,False,True,2,100.0,Medium
REST_000039,Pishawri Kabab,restaurant,Unknown,26.43663,50.107813,Prince Mohammed bin Fahd Stadium,2.592648428991508,Close,104,2034-07-05 22:00:00,2034,7,5,22,2,False,104,High,100.0,False,True,True,3,100.0,Large
REST_000682,ستاربكس,cafe,Unknown,21.5768392,39.1091898,King Abdullah Sports City,5.905807231835083,Moderate,24,2034-07-08 19:00:00,2034,7,8,19,5,True,13,Medium,54.166666666666664,False,True,True,2,54.166666666666664,Small
REST_000319,مطعم الخروف للمأكولات الكويتية,restaurant,Unknown,24.805779,46.6605281,Prince Faisal bin Fahd Stadium,6.336535466410876,Moderate,173,2034-07-04 19:00:00,2034,7,4,19,1,False,173,High,100.0,False,True,True,2,100.0,Large
REST_001409,Friday's,restaurant,Unknown,24.7044957,46.6646636,King Fahd International Stadium,3.149804203532667,Close,164,2034-06-04 21:00:00,2034,6,4,21,6,False,153,High,93.29268292682927,False,True,True,3,93.29268292682927,Large
REST_000939,,restaurant,Unknown,24.6495878,46.7065663,King Fahd International Stadium,4.349808103745881,Close,127,2034-06-21 11:00:00,2034,6,21,11,2,False,92,Medium,72.44094488188976,False,False,False,3,72.44094488188976,Large
REST_000761,دانا كافيه,cafe,Unknown,24.7984163,46.6424103,Prince Faisal bin Fahd Stadium,7.525909337719232,Moderate,78,2034-06-07 16:00:00,2034,6,7,16,2,False,35,Low,44.871794871794876,False,False,False,2,44.871794871794876,Medium
REST_001289,الوجه الذهبي,cafe,Unknown,24.7919336,46.6254011,Prince Faisal bin Fahd Stadium,8.924135294064044,Moderate,20,2034-06-06 16:00:00,2034,6,6,16,1,False,13,Medium,65.0,False,False,False,2,65.0,Small
REST_000167,Kudu,restaurant,Unknown,26.4508454,50.118796,Prince Mohammed bin Fahd Stadium,4.489541804088695,Close,64,2034-06-01 19:00:00,2034,6,1,19,3,False,64,High,100.0,False,True,True,3,100.0,Medium
REST_001105,كانتون,fast_food,Unknown,24.758633,46.7144332,Prince Faisal bin Fahd Stadium,1.5154029092945864,Very Close,42,2034-07-13 11:00:00,2034,7,13,11,3,False,24,Medium,57.14285714285714,False,False,False,4,57.14285714285714,Small
REST_001305,ماكدونالدز,fast_food,Unknown,24.7608687,46.6952563,Prince Faisal bin Fahd Stadium,2.007846447499641,Close,71,2034-07-15 17:00:00,2034,7,15,17,5,True,71,High,100.0,False,False,False,3,100.0,Medium
REST_000683,بارنز,cafe,Unknown,21.6013229,39.1712084,King Abdullah Sports City,6.753920525841267,Moderate,39,2034-06-19 10:00:00,2034,6,19,10,0,False,27,Medium,69.23076923076923,False,False,False,2,69.23076923076923,Small
REST_001093,كانتون,fast_food,Unknown,26.4549221,50.1213564,Prince Mohammed bin Fahd Stadium,4.998786870689678,Close,39,2034-06-25 15:00:00,2034,6,25,15,6,False,19,Low,48.717948717948715,False,False,False,3,48.717948717948715,Small
REST_000786,Ziyada Toum,restaurant,Unknown,21.5726539,39.1292852,King Abdullah Sports City,6.560574943644657,Moderate,79,2034-06-18 13:00:00,2034,6,18,13,6,False,47,Medium,59.49367088607595,True,False,True,2,59.49367088607595,Medium
REST_001420,,cafe,Unknown,24.6984321,46.6893818,King Fahd International Stadium,1.6237859376843085,Very Close,70,2034-06-12 21:00:00,2034,6,12,21,0,False,70,High,100.0,False,True,True,4,100.0,Medium
REST_001499,مندي صالح,restaurant,Unknown,26.324595,43.9612958,King Abdullah City Stadium,4.712729775299977,Close,93,2034-07-12 14:00:00,2034,7,12,14,2,False,93,High,100.0,True,False,True,3,100.0,Medium
REST_001023,Agio,restaurant,Unknown,24.7521049,46.624429,Prince Faisal bin Fahd Stadium,9.014046215456707,Moderate,109,2034-06-19 20:00:00,2034,6,19,20,0,False,60,Medium,55.04587155963303,False,True,True,2,55.04587155963303,Large
REST_000964,Coffe Day,cafe,Unknown,24.7341694,46.6973022,Prince Faisal bin Fahd Stadium,4.417579149713125,Close,77,2034-07-03 16:00:00,2034,7,3,16,0,False,29,Low,37.66233766233766,False,False,False,3,37.66233766233766,Medium
REST_000435,Vapiano,restaurant,Unknown,24.6988545,46.6907787,King Fahd International Stadium,1.7018773917272554,Very Close,60,2034-06-17 15:00:00,2034,6,17,15,5,True,50,High,83.33333333333334,False,False,False,4,83.33333333333334,Medium
REST_001396,روزاليا برجر,fast_food,Unknown,24.8060683,46.6928391,Prince Faisal bin Fahd Stadium,4.218541253442646,Close,43,2034-07-03 15:00:00,2034,7,3,15,0,False,26,Medium,60.46511627906976,False,False,False,3,60.46511627906976,Small
REST_001067,مطعم حنيذ حمود‭,restaurant,Unknown,24.8404046,46.7486088,Prince Faisal bin Fahd Stadium,8.510831431999422,Moderate,183,2034-06-15 08:00:00,2034,6,15,8,3,False,70,Low,38.25136612021858,False,False,False,2,38.25136612021858,Large
REST_001192,Coya,restaurant,Unknown,24.7045628,46.7057789,King Fahd International Stadium,3.0082888484263424,Close,83,2034-06-05 15:00:00,2034,6,5,15,0,False,41,Low,49.39759036144578,False,False,False,3,49.39759036144578,Medium
REST_001263,,fast_food,Unknown,24.7854912,46.6456646,Prince Faisal bin Fahd Stadium,6.767018148103183,Moderate,60,2034-07-15 18:00:00,2034,7,15,18,5,True,30,Medium,50.0,False,False,False,2,50.0,Medium
REST_000405,Chkn,fast_food,Unknown,24.7052437,46.6856344,King Fahd International Stadium,2.3520335760972437,Close,70,2034-07-06 13:00:00,2034,7,6,13,3,False,49,Medium,70.0,True,False,True,3,70.0,Medium
REST_000925,جافا تايم,cafe,Unknown,24.7468121,46.6549157,Prince Faisal bin Fahd Stadium,6.312835867432516,Moderate,44,2034-06-04 17:00:00,2034,6,4,17,6,False,32,Medium,72.72727272727273,False,False,False,2,72.72727272727273,Small
REST_000743,ماكدونالدز,fast_food,Unknown,26.4344964,50.085207,Prince Mohammed bin Fahd Stadium,1.5752561988810607,Very Close,75,2034-06-02 08:00:00,2034,6,2,8,4,True,75,High,100.0,False,False,False,4,100.0,Medium
REST_001020,كانتون,fast_food,Unknown,26.4036565,50.0573132,Prince Mohammed bin Fahd Stadium,3.663915326926866,Close,73,2034-07-06 22:00:00,2034,7,6,22,3,False,73,High,100.0,False,True,True,3,100.0,Medium
REST_001411,,cafe,Unknown,24.7063771,46.6753106,King Fahd International Stadium,2.7145144864048505,Close,98,2034-06-01 13:00:00,2034,6,1,13,3,False,80,High,81.63265306122449,True,False,True,3,81.63265306122449,Medium
REST_000342,,restaurant,Unknown,24.7938651,46.6548152,Prince Faisal bin Fahd Stadium,6.175594203497771,Moderate,96,2034-07-09 19:00:00,2034,7,9,19,6,False,96,High,100.0,False,True,True,2,100.0,Medium
REST_000767,العنابي,restaurant,Unknown,24.8148748,46.6347003,Prince Faisal bin Fahd Stadium,9.064077076401924,Moderate,178,2034-07-01 16:00:00,2034,7,1,16,5,True,154,High,86.51685393258427,False,False,False,2,86.51685393258427,Large
REST_001467,رشوش,restaurant,Unknown,26.36949,43.9335526,King Abdullah City Stadium,3.3168870227743015,Close,171,2034-06-03 15:00:00,2034,6,3,15,5,True,95,Medium,55.55555555555556,False,False,False,3,55.55555555555556,Large
REST_000279,دجاج كنتاكي,fast_food,Unknown,26.3787797,43.9523162,King Abdullah City Stadium,1.9640570360088907,Very Close,37,2034-06-25 16:00:00,2034,6,25,16,6,False,34,High,91.8918918918919,False,False,False,4,91.8918918918919,Small
REST_000676,مطعم هرفي,restaurant,Unknown,26.4194699,50.0201496,Prince Mohammed bin Fahd Stadium,6.837661872347182,Moderate,169,2034-06-01 20:00:00,2034,6,1,20,3,False,84,Low,49.70414201183432,False,True,True,2,49.70414201183432,Large
REST_001307,جافا تايم,cafe,Unknown,24.6828568,46.69716,King Fahd International Stadium,1.105912715294937,Very Close,88,2034-06-10 21:00:00,2034,6,10,21,5,True,88,High,100.0,False,True,True,4,100.0,Medium
REST_000320,,fast_food,Unknown,24.7616639,46.6733369,Prince Faisal bin Fahd Stadium,3.9694256632844938,Close,38,2034-07-12 14:00:00,2034,7,12,14,2,False,38,High,100.0,True,False,True,3,100.0,Small
REST_000301,بيت البيتزا,restaurant,Unknown,26.3764941,43.9298523,King Abdullah City Stadium,3.8290226560374574,Close,130,2034-07-11 15:00:00,2034,7,11,15,1,False,71,Medium,54.61538461538461,False,False,False,3,54.61538461538461,Large
REST_000606,شواية الحرازي,restaurant,Unknown,21.5918202,39.16888,King Abdullah Sports City,7.1142112353585825,Moderate,130,2034-06-15 11:00:00,2034,6,15,11,3,False,79,Medium,60.76923076923077,False,False,False,2,60.76923076923077,Large
REST_000952,سالدوتش,fast_food,Unknown,24.6630084,46.7290325,King Fahd International Stadium,4.913642089362509,Close,62,2034-06-06 10:00:00,2034,6,6,10,1,False,46,Medium,74.19354838709677,False,False,False,3,74.19354838709677,Medium
REST_000349,Core Coffee & Roastery,cafe,Unknown,24.7662814,46.7150917,Prince Faisal bin Fahd Stadium,0.7489946960039923,Very Close,29,2034-06-13 09:00:00,2034,6,13,9,1,False,16,Medium,55.172413793103445,False,False,False,4,55.172413793103445,Small
REST_001412,,cafe,Unknown,24.7078801,46.6747489,King Fahd International Stadium,2.890276620829415,Close,47,2034-06-17 21:00:00,2034,6,17,21,5,True,47,High,100.0,False,True,True,3,100.0,Small
REST_001514,مطعم الدرة,restaurant,Unknown,26.3167846,43.945172,King Abdullah City Stadium,5.950488993521958,Moderate,97,2034-07-02 16:00:00,2034,7,2,16,6,False,67,Medium,69.0721649484536,False,False,False,2,69.0721649484536,Medium
REST_001266,,cafe,Unknown,24.7938053,46.6451279,Prince Faisal bin Fahd Stadium,7.082110327484095,Moderate,91,2034-06-21 13:00:00,2034,6,21,13,2,False,60,Medium,65.93406593406593,True,False,True,2,65.93406593406593,Medium
REST_000946,سالدوتش,fast_food,Unknown,24.666506,46.683194,King Fahd International Stadium,1.9813759557512207,Very Close,43,2034-06-10 08:00:00,2034,6,10,8,5,True,28,Medium,65.11627906976744,False,False,False,4,65.11627906976744,Small
REST_001335,,restaurant,Unknown,24.7987557,46.6663059,Prince Faisal bin Fahd Stadium,5.410669423428039,Moderate,70,2034-07-08 08:00:00,2034,7,8,8,5,True,44,Medium,62.857142857142854,False,False,False,2,62.857142857142854,Medium
REST_000460,فلافل عمو باسل,restaurant,Unknown,26.3637343,50.0712777,Prince Mohammed bin Fahd Stadium,6.570345335794803,Moderate,73,2034-06-28 19:00:00,2034,6,28,19,2,False,73,High,100.0,False,True,True,2,100.0,Medium
REST_000635,,cafe,Unknown,21.5723976,39.1433779,King Abdullah Sports City,7.09101064382348,Moderate,83,2034-06-27 13:00:00,2034,6,27,13,1,False,83,High,100.0,True,False,True,2,100.0,Medium
REST_001226,Shawarma House,fast_food,Unknown,24.756185,46.6568924,Prince Faisal bin Fahd Stadium,5.735873860566751,Moderate,44,2034-07-01 13:00:00,2034,7,1,13,5,True,40,High,90.9090909090909,True,False,True,2,90.9090909090909,Small
REST_000662,,restaurant,Unknown,21.5938365,39.1310084,King Abdullah Sports City,4.389499925790339,Close,172,2034-06-11 17:00:00,2034,6,11,17,6,False,167,High,97.09302325581395,False,False,False,3,97.09302325581395,Large
REST_000661,Dose Cafe,cafe,Unknown,24.8401038,46.7323744,Prince Faisal bin Fahd Stadium,7.884814874295175,Moderate,69,2034-06-18 09:00:00,2034,6,18,9,6,False,33,Low,47.82608695652174,False,False,False,2,47.82608695652174,Medium
REST_000061,KFC,fast_food,Unknown,26.3823463,50.1781289,Prince Mohammed bin Fahd Stadium,9.866260254697771,Moderate,60,2034-06-06 12:00:00,2034,6,6,12,1,False,49,High,81.66666666666667,True,False,True,2,81.66666666666667,Medium
REST_000188,بيت الربيان,restaurant,Unknown,26.4592864,50.0869988,Prince Mohammed bin Fahd Stadium,4.294358112095671,Close,50,2034-06-11 18:00:00,2034,6,11,18,6,False,26,Medium,52.0,False,False,False,3,52.0,Medium
REST_001422,,restaurant,Unknown,24.6983833,46.6873862,King Fahd International Stadium,1.5920170775778464,Very Close,84,2034-06-22 16:00:00,2034,6,22,16,3,False,39,Low,46.42857142857143,False,False,False,4,46.42857142857143,Medium
REST_000911,ستاربكس,cafe,Unknown,24.838724,46.7318325,Prince Faisal bin Fahd Stadium,7.72228756712405,Moderate,70,2034-07-15 14:00:00,2034,7,15,14,5,True,67,High,95.71428571428572,True,False,True,2,95.71428571428572,Medium
REST_000105,,cafe,Unknown,26.4509591,50.1064509,Prince Mohammed bin Fahd Stadium,3.7959962999609917,Close,84,2034-07-06 18:00:00,2034,7,6,18,3,False,46,Medium,54.761904761904766,False,False,False,3,54.761904761904766,Medium
REST_000935,محمصة الدار,cafe,Unknown,24.6514046,46.7066725,King Fahd International Stadium,4.177932531041271,Close,71,2034-06-20 18:00:00,2034,6,20,18,1,False,36,Medium,50.70422535211267,False,False,False,3,50.70422535211267,Medium
REST_001006,مطبخ و مطعم همام,restaurant,Unknown,21.6118522,39.1236758,King Abdullah Sports City,2.255948652574545,Close,99,2034-07-14 08:00:00,2034,7,14,8,4,True,99,High,100.0,False,False,False,3,100.0,Medium
REST_000390,Coffee Club نادي القهوة,cafe,Unknown,24.7718406,46.7195512,Prince Faisal bin Fahd Stadium,0.8633812385191314,Very Close,21,2034-06-29 18:00:00,2034,6,29,18,3,False,21,High,100.0,False,False,False,4,100.0,Small
REST_000845,Barn's,restaurant,Unknown,24.8334509,46.733426,Prince Faisal bin Fahd Stadium,7.208773253950492,Moderate,119,2034-06-08 18:00:00,2034,6,8,18,3,False,91,Medium,76.47058823529412,False,False,False,2,76.47058823529412,Large
REST_000482,كيان,cafe,Unknown,21.5940752,39.1474478,King Abdullah Sports City,5.300598736968713,Moderate,48,2034-06-02 12:00:00,2034,6,2,12,4,True,35,Medium,72.91666666666666,True,False,True,2,72.91666666666666,Small
REST_000615,دانكن دونتس,fast_food,Unknown,24.8469814,46.7334068,Prince Faisal bin Fahd Stadium,8.649568040622029,Moderate,69,2034-06-17 14:00:00,2034,6,17,14,5,True,53,Medium,76.81159420289855,True,False,True,2,76.81159420289855,Medium
REST_000786,Ziyada Toum,restaurant,Unknown,21.5726539,39.1292852,King Abdullah Sports City,6.560574943644657,Moderate,79,2034-06-03 08:00:00,2034,6,3,8,5,True,76,High,96.20253164556962,False,False,False,2,96.20253164556962,Medium
REST_000796,دانكن دونتس,fast_food,Unknown,21.5886282,39.1435931,King Abdullah Sports City,5.535106240925386,Moderate,78,2034-07-06 22:00:00,2034,7,6,22,3,False,78,High,100.0,False,True,True,2,100.0,Medium
REST_001032,Kayzo,restaurant,Unknown,24.7039425,46.7064966,King Fahd International Stadium,3.0052158624346768,Close,143,2034-06-01 21:00:00,2034,6,1,21,3,False,143,High,100.0,False,True,True,3,100.0,Large
REST_000773,ديوان القرية,cafe,Unknown,24.8170503,46.6442351,Prince Faisal bin Fahd Stadium,8.40398756253882,Moderate,58,2034-06-06 16:00:00,2034,6,6,16,1,False,22,Low,37.93103448275862,False,False,False,2,37.93103448275862,Medium
REST_000441,Starbucks,cafe,Unknown,26.4539347,50.1205844,Prince Mohammed bin Fahd Stadium,4.865387943686088,Close,27,2034-06-20 13:00:00,2034,6,20,13,1,False,25,High,92.5925925925926,True,False,True,3,92.5925925925926,Small
REST_000644,Hardees,fast_food,Unknown,24.7117224,46.6970049,King Fahd International Stadium,3.256294190088511,Close,35,2034-06-07 17:00:00,2034,6,7,17,2,False,15,Low,42.857142857142854,False,False,False,3,42.857142857142854,Small
REST_001565,,restaurant,Unknown,24.767318,46.6594862,Prince Faisal bin Fahd Stadium,5.225984830982848,Moderate,72,2034-06-16 22:00:00,2034,6,16,22,4,True,72,High,100.0,False,True,True,2,100.0,Medium
REST_001023,Agio,restaurant,Unknown,24.7521049,46.624429,Prince Faisal bin Fahd Stadium,9.014046215456707,Moderate,109,2034-06-15 08:00:00,2034,6,15,8,3,False,50,Low,45.87155963302752,False,False,False,2,45.87155963302752,Large
REST_000759,باستليتا,restaurant,Unknown,24.8119912,46.6462956,Prince Faisal bin Fahd Stadium,7.907992504126639,Moderate,145,2034-07-13 14:00:00,2034,7,13,14,3,False,131,High,90.3448275862069,True,False,True,2,90.3448275862069,Large
REST_000657,,restaurant,Unknown,24.6996722,46.6924899,King Fahd International Stadium,1.841013688108124,Very Close,80,2034-06-11 19:00:00,2034,6,11,19,6,False,80,High,100.0,False,True,True,4,100.0,Medium
REST_001214,هرفي,fast_food,Unknown,24.6132011,46.6820093,King Fahd International Stadium,7.8955147635192136,Moderate,66,2034-07-12 16:00:00,2034,7,12,16,2,False,29,Low,43.93939393939394,False,False,False,2,43.93939393939394,Medium
REST_000619,Java Cafe,cafe,Unknown,24.6883445,46.7185334,King Fahd International Stadium,3.290648674299839,Close,74,2034-06-22 20:00:00,2034,6,22,20,3,False,74,High,100.0,False,True,True,3,100.0,Medium
REST_001202,Horizon Restaurant,restaurant,Unknown,26.4389531,50.1054376,Prince Mohammed bin Fahd Stadium,2.6199213311316063,Close,78,2034-06-12 20:00:00,2034,6,12,20,0,False,78,High,100.0,False,True,True,3,100.0,Medium
REST_000316,,cafe,Unknown,24.8288808,46.6826866,Prince Faisal bin Fahd Stadium,6.950718142117515,Moderate,88,2034-07-13 20:00:00,2034,7,13,20,3,False,54,Medium,61.36363636363637,False,True,True,2,61.36363636363637,Medium
REST_000424,UMQ Coffee 2.2 قهوة عمق,cafe,Unknown,26.4586931,50.0852868,Prince Mohammed bin Fahd Stadium,4.239096066625124,Close,37,2034-07-06 18:00:00,2034,7,6,18,3,False,24,Medium,64.86486486486487,False,False,False,3,64.86486486486487,Small
REST_000505,ساف,fast_food,Unknown,26.3310818,43.9592924,King Abdullah City Stadium,4.028755533640447,Close,47,2034-07-08 17:00:00,2034,7,8,17,5,True,47,High,100.0,False,False,False,3,100.0,Small
REST_000110,,cafe,Unknown,26.4360953,50.1000639,Prince Mohammed bin Fahd Stadium,2.0465826208359315,Close,55,2034-07-04 15:00:00,2034,7,4,15,1,False,24,Low,43.63636363636363,False,False,False,3,43.63636363636363,Medium
REST_001468,اكلات جدودنا,restaurant,Unknown,26.3707036,43.923929,King Abdullah City Stadium,4.284278486583965,Close,140,2034-06-06 10:00:00,2034,6,6,10,1,False,115,High,82.14285714285714,False,False,False,3,82.14285714285714,Large
REST_000806,Al Dawar,restaurant,Unknown,21.6270091,39.1116324,King Abdullah Sports City,0.36547793463446343,Very Close,130,2034-07-07 17:00:00,2034,7,7,17,4,True,106,High,81.53846153846153,False,False,False,4,81.53846153846153,Large
REST_001304,دجاج كنتاكي,fast_food,Unknown,24.770343,46.7123114,Prince Faisal bin Fahd Stadium,0.2179563060506945,Very Close,77,2034-06-13 18:00:00,2034,6,13,18,1,False,48,Medium,62.33766233766234,False,False,False,4,62.33766233766234,Medium
REST_000559,Indonesian,restaurant,Unknown,24.7098964,46.6909907,King Fahd International Stadium,2.9073079296459525,Close,154,2034-06-02 12:00:00,2034,6,2,12,4,True,154,High,100.0,True,False,True,3,100.0,Large
REST_000122,دلع بطنك الدمام,restaurant,Unknown,26.4369935,50.084037,Prince Mohammed bin Fahd Stadium,1.8728016672082712,Very Close,121,2034-07-04 19:00:00,2034,7,4,19,1,False,121,High,100.0,False,True,True,4,100.0,Large
REST_000307,مطعم بيت السندباد,restaurant,Unknown,26.3570557,43.9522896,King Abdullah City Stadium,1.792025346765346,Very Close,50,2034-06-10 15:00:00,2034,6,10,15,5,True,45,High,90.0,False,False,False,4,90.0,Medium
REST_001496,ماكدونالدز,fast_food,Unknown,26.3867527,43.9634966,King Abdullah City Stadium,2.252478544125855,Close,77,2034-07-10 14:00:00,2034,7,10,14,0,False,77,High,100.0,True,False,True,3,100.0,Medium
REST_000803,Goodies,restaurant,Unknown,21.573008,39.1273857,King Abdullah Sports City,6.476101290694813,Moderate,152,2034-06-21 15:00:00,2034,6,21,15,2,False,103,Medium,67.76315789473685,False,False,False,2,67.76315789473685,Large
REST_000290,مطعم نايستي رويال,restaurant,Unknown,26.3759626,43.9827338,King Abdullah City Stadium,1.9006057710493627,Very Close,74,2034-06-16 19:00:00,2034,6,16,19,4,True,74,High,100.0,False,True,True,4,100.0,Medium
REST_000075,Century Burger,restaurant,Unknown,21.5547775,39.142988,King Abdullah Sports City,8.8817959472975,Moderate,176,2034-06-17 09:00:00,2034,6,17,9,5,True,68,Low,38.63636363636363,False,False,False,2,38.63636363636363,Large
REST_000920,,restaurant,Unknown,24.7457208,46.6196273,King Fahd International Stadium,9.607457209008999,Moderate,154,2034-07-04 12:00:00,2034,7,4,12,1,False,154,High,100.0,True,False,True,2,100.0,Large
REST_000048,Cinnabon,fast_food,Unknown,24.7375941,46.7978042,Prince Faisal bin Fahd Stadium,9.5593299885977,Moderate,58,2034-07-05 21:00:00,2034,7,5,21,2,False,58,High,100.0,False,True,True,2,100.0,Medium
REST_000390,Coffee Club نادي القهوة,cafe,Unknown,24.7718406,46.7195512,Prince Faisal bin Fahd Stadium,0.8633812385191314,Very Close,21,2034-07-10 18:00:00,2034,7,10,18,0,False,21,High,100.0,False,False,False,4,100.0,Small
REST_000859,واحة المرباع,restaurant,Unknown,26.3941797,43.9288784,King Abdullah City Stadium,4.85094280500056,Close,124,2034-06-16 21:00:00,2034,6,16,21,4,True,124,High,100.0,False,True,True,3,100.0,Large
REST_000643,,restaurant,Unknown,24.7002665,46.6916452,King Fahd International Stadium,1.8769919381494418,Very Close,72,2034-06-22 20:00:00,2034,6,22,20,3,False,55,Medium,76.38888888888889,False,True,True,4,76.38888888888889,Medium
REST_001042,مطعم شناشيل,restaurant,Unknown,21.5982477,39.1405734,King Abdullah Sports City,4.48801369964674,Close,137,2034-06-21 09:00:00,2034,6,21,9,2,False,133,High,97.08029197080292,False,False,False,3,97.08029197080292,Large
REST_000142,,restaurant,Unknown,26.4433236,50.09398,Prince Mohammed bin Fahd Stadium,2.5679599914778457,Close,138,2034-07-15 12:00:00,2034,7,15,12,5,True,137,High,99.27536231884058,True,False,True,3,99.27536231884058,Large
REST_000144,,fast_food,Unknown,26.4554155,50.0889525,Prince Mohammed bin Fahd Stadium,3.8602173379676294,Close,71,2034-06-16 13:00:00,2034,6,16,13,4,True,71,High,100.0,True,False,True,3,100.0,Medium
REST_000497,بيت الدجاج,fast_food,Unknown,26.3618725,43.9583732,King Abdullah City Stadium,0.988116211265392,Very Close,58,2034-06-05 16:00:00,2034,6,5,16,0,False,58,High,100.0,False,False,False,4,100.0,Medium
REST_001031,Myazu,restaurant,Unknown,21.5505271,39.1530848,King Abdullah Sports City,9.71858015376378,Moderate,80,2034-07-09 18:00:00,2034,7,9,18,6,False,25,Low,31.25,False,False,False,2,31.25,Medium
REST_000318,درافت كافيه,cafe,Unknown,24.8036447,46.6742323,Prince Faisal bin Fahd Stadium,5.122167928149393,Moderate,38,2034-06-24 14:00:00,2034,6,24,14,5,True,26,Medium,68.42105263157895,True,False,True,2,68.42105263157895,Small
REST_001141,فلافل عرفة,restaurant,Unknown,26.356933,43.9523422,King Abdullah City Stadium,1.7960470957293113,Very Close,143,2034-07-08 21:00:00,2034,7,8,21,5,True,143,High,100.0,False,True,True,4,100.0,Large
REST_000388,فروت ارت,fast_food,Unknown,24.7257628,46.6846076,King Fahd International Stadium,4.635845454921703,Close,34,2034-06-19 20:00:00,2034,6,19,20,0,False,22,Medium,64.70588235294117,False,True,True,3,64.70588235294117,Small
REST_000606,شواية الحرازي,restaurant,Unknown,21.5918202,39.16888,King Abdullah Sports City,7.1142112353585825,Moderate,130,2034-06-22 20:00:00,2034,6,22,20,3,False,75,Medium,57.692307692307686,False,True,True,2,57.692307692307686,Large
REST_001304,دجاج كنتاكي,fast_food,Unknown,24.770343,46.7123114,Prince Faisal bin Fahd Stadium,0.2179563060506945,Very Close,77,2034-06-09 09:00:00,2034,6,9,9,4,True,77,High,100.0,False,False,False,4,100.0,Medium
REST_001333,,restaurant,Unknown,24.7023914,46.6968701,King Fahd International Stadium,2.297200393125573,Close,146,2034-06-16 18:00:00,2034,6,16,18,4,True,140,High,95.8904109589041,False,False,False,3,95.8904109589041,Large
REST_000334,Krispy Kreme,fast_food,Unknown,24.8008561,46.7438247,Prince Faisal bin Fahd Stadium,4.620337375864432,Close,35,2034-06-29 18:00:00,2034,6,29,18,3,False,13,Low,37.142857142857146,False,False,False,3,37.142857142857146,Small
REST_000290,مطعم نايستي رويال,restaurant,Unknown,26.3759626,43.9827338,King Abdullah City Stadium,1.9006057710493627,Very Close,74,2034-07-04 12:00:00,2034,7,4,12,1,False,74,High,100.0,True,False,True,4,100.0,Medium
REST_000746,Marina Petit Cafe,restaurant,Unknown,21.6533769,39.1025319,King Abdullah Sports City,2.856232064999067,Close,105,2034-06-26 08:00:00,2034,6,26,8,0,False,76,Medium,72.38095238095238,False,False,False,3,72.38095238095238,Large
REST_000342,,restaurant,Unknown,24.7938651,46.6548152,Prince Faisal bin Fahd Stadium,6.175594203497771,Moderate,96,2034-06-17 15:00:00,2034,6,17,15,5,True,76,Medium,79.16666666666666,False,False,False,2,79.16666666666666,Medium
REST_000377,,cafe,Unknown,26.458763,50.0890652,Prince Mohammed bin Fahd Stadium,4.23249485585094,Close,65,2034-07-01 14:00:00,2034,7,1,14,5,True,54,High,83.07692307692308,True,False,True,3,83.07692307692308,Medium
REST_001266,,cafe,Unknown,24.7938053,46.6451279,Prince Faisal bin Fahd Stadium,7.082110327484095,Moderate,91,2034-07-12 11:00:00,2034,7,12,11,2,False,39,Low,42.857142857142854,False,False,False,2,42.857142857142854,Medium
REST_000954,البيك,fast_food,Unknown,21.628698,39.1355166,King Abdullah Sports City,2.2790538446903583,Close,57,2034-07-06 18:00:00,2034,7,6,18,3,False,49,High,85.96491228070175,False,False,False,3,85.96491228070175,Medium
REST_000460,فلافل عمو باسل,restaurant,Unknown,26.3637343,50.0712777,Prince Mohammed bin Fahd Stadium,6.570345335794803,Moderate,73,2034-06-01 09:00:00,2034,6,1,9,3,False,52,Medium,71.23287671232876,False,False,False,2,71.23287671232876,Medium
REST_000141,مطعم اسماك السلطان,restaurant,Unknown,26.4363725,50.0942901,Prince Mohammed bin Fahd Stadium,1.8264340061687887,Very Close,84,2034-06-18 10:00:00,2034,6,18,10,6,False,45,Medium,53.57142857142857,False,False,False,4,53.57142857142857,Medium
REST_001035,San Carlo Cicchetti,restaurant,Unknown,24.7012182,46.705378,King Fahd International Stadium,2.7088790925678645,Close,155,2034-07-09 19:00:00,2034,7,9,19,6,False,106,Medium,68.38709677419355,False,True,True,3,68.38709677419355,Large
REST_000911,ستاربكس,cafe,Unknown,24.838724,46.7318325,Prince Faisal bin Fahd Stadium,7.72228756712405,Moderate,70,2034-06-30 13:00:00,2034,6,30,13,4,True,70,High,100.0,True,False,True,2,100.0,Medium
REST_000652,Pizza Hut,restaurant,Unknown,24.6878167,46.6878047,King Fahd International Stadium,0.4403523689977305,Very Close,126,2034-07-01 13:00:00,2034,7,1,13,5,True,126,High,100.0,True,False,True,4,100.0,Large
REST_000593,,cafe,Unknown,21.595875,39.1553271,King Abdullah Sports City,5.738194662796841,Moderate,45,2034-07-08 11:00:00,2034,7,8,11,5,True,45,High,100.0,False,False,False,2,100.0,Small
REST_000619,Java Cafe,cafe,Unknown,24.6883445,46.7185334,King Fahd International Stadium,3.290648674299839,Close,74,2034-06-14 08:00:00,2034,6,14,8,2,False,70,High,94.5945945945946,False,False,False,3,94.5945945945946,Medium
REST_000844,دانكن دونتس,fast_food,Unknown,24.8346375,46.7354588,Prince Faisal bin Fahd Stadium,7.4000600489304045,Moderate,61,2034-06-13 15:00:00,2034,6,13,15,1,False,21,Low,34.42622950819672,False,False,False,2,34.42622950819672,Medium
REST_001085,كانتون,fast_food,Unknown,24.8114338,46.7694112,Prince Faisal bin Fahd Stadium,7.354754705283516,Moderate,36,2034-07-10 09:00:00,2034,7,10,9,0,False,11,Low,30.555555555555557,False,False,False,2,30.555555555555557,Small
REST_000954,البيك,fast_food,Unknown,21.628698,39.1355166,King Abdullah Sports City,2.2790538446903583,Close,57,2034-07-05 19:00:00,2034,7,5,19,2,False,52,High,91.22807017543859,False,True,True,3,91.22807017543859,Medium
REST_001423,Shiraz Restaurant (Iranian),restaurant,Unknown,24.7014755,46.6916745,King Fahd International Stadium,2.0069137128661634,Close,95,2034-07-11 14:00:00,2034,7,11,14,1,False,94,High,98.94736842105263,True,False,True,3,98.94736842105263,Medium
REST_000519,ارببكا,cafe,Unknown,24.6372046,46.6931329,King Fahd International Stadium,5.260047735977853,Moderate,28,2034-06-03 18:00:00,2034,6,3,18,5,True,26,High,92.85714285714286,False,False,False,2,92.85714285714286,Small
REST_000759,باستليتا,restaurant,Unknown,24.8119912,46.6462956,Prince Faisal bin Fahd Stadium,7.907992504126639,Moderate,145,2034-06-07 16:00:00,2034,6,7,16,2,False,62,Low,42.758620689655174,False,False,False,2,42.758620689655174,Large
REST_000546,,cafe,Unknown,21.6022247,39.107528,King Abdullah Sports City,3.1277652283271515,Close,55,2034-06-21 11:00:00,2034,6,21,11,2,False,45,High,81.81818181818183,False,False,False,3,81.81818181818183,Medium
REST_000124,ماكدونالدز,restaurant,Unknown,26.4041626,50.0576601,Prince Mohammed bin Fahd Stadium,3.6053616022522577,Close,157,2034-06-23 12:00:00,2034,6,23,12,4,True,157,High,100.0,True,False,True,3,100.0,Large
REST_001143,الشام شامك,restaurant,Unknown,26.3960741,43.9496506,King Abdullah City Stadium,3.6814203848002136,Close,105,2034-06-01 18:00:00,2034,6,1,18,3,False,105,High,100.0,False,False,False,3,100.0,Large
REST_001421,Pizza Inn,fast_food,Unknown,24.7008989,46.676671,King Fahd International Stadium,2.1060806403644046,Close,61,2034-06-12 19:00:00,2034,6,12,19,0,False,56,High,91.80327868852459,False,True,True,3,91.80327868852459,Medium
REST_000334,Krispy Kreme,fast_food,Unknown,24.8008561,46.7438247,Prince Faisal bin Fahd Stadium,4.620337375864432,Close,35,2034-07-10 20:00:00,2034,7,10,20,0,False,35,High,100.0,False,True,True,3,100.0,Small
REST_000595,دانكن دونتس,fast_food,Unknown,24.8177774,46.6862018,Prince Faisal bin Fahd Stadium,5.682413507376354,Moderate,30,2034-07-04 14:00:00,2034,7,4,14,1,False,18,Medium,60.0,True,False,True,2,60.0,Small
REST_000307,مطعم بيت السندباد,restaurant,Unknown,26.3570557,43.9522896,King Abdullah City Stadium,1.792025346765346,Very Close,50,2034-07-07 21:00:00,2034,7,7,21,4,True,50,High,100.0,False,True,True,4,100.0,Medium
REST_001376,بروستد كوفي,restaurant,Unknown,24.6401514,46.7083399,King Fahd International Stadium,5.370451118649105,Moderate,77,2034-06-16 16:00:00,2034,6,16,16,4,True,57,Medium,74.02597402597402,False,False,False,2,74.02597402597402,Medium
REST_001297,McDonald's,fast_food,Unknown,24.8026886,46.7949259,Prince Faisal bin Fahd Stadium,9.13792283907063,Moderate,56,2034-06-23 20:00:00,2034,6,23,20,4,True,56,High,100.0,False,True,True,2,100.0,Medium
REST_000113,jofrys cafe,cafe,Unknown,26.4555158,50.1213443,Prince Mohammed bin Fahd Stadium,5.048444618094335,Moderate,94,2034-06-17 21:00:00,2034,6,17,21,5,True,94,High,100.0,False,True,True,2,100.0,Medium
REST_000770,,restaurant,Unknown,24.815748,46.6372085,Prince Faisal bin Fahd Stadium,8.902716683396301,Moderate,103,2034-06-29 18:00:00,2034,6,29,18,3,False,57,Medium,55.33980582524271,False,False,False,2,55.33980582524271,Large
REST_000001,مايسترو,restaurant,Unknown,24.6611514,46.7011863,King Fahd International Stadium,2.9621000416153795,Close,103,2034-07-02 11:00:00,2034,7,2,11,6,False,44,Low,42.71844660194174,False,False,False,3,42.71844660194174,Large
REST_000061,KFC,fast_food,Unknown,26.3823463,50.1781289,Prince Mohammed bin Fahd Stadium,9.866260254697771,Moderate,60,2034-06-08 19:00:00,2034,6,8,19,3,False,60,High,100.0,False,True,True,2,100.0,Medium
REST_000384,,cafe,Unknown,21.5977041,39.1461551,King Abdullah Sports City,4.912524856984208,Close,37,2034-06-30 13:00:00,2034,6,30,13,4,True,37,High,100.0,True,False,True,3,100.0,Small
REST_001216,Beefbar,restaurant,Unknown,24.7043323,46.7059386,King Fahd International Stadium,2.999598031405568,Close,120,2034-06-03 11:00:00,2034,6,3,11,5,True,78,Medium,65.0,False,False,False,3,65.0,Large
REST_000053,ماكدونالز,fast_food,Unknown,24.811728,46.7691345,Prince Faisal bin Fahd Stadium,7.35203380959969,Moderate,61,2034-07-02 19:00:00,2034,7,2,19,6,False,61,High,100.0,False,True,True,2,100.0,Medium
REST_000935,محمصة الدار,cafe,Unknown,24.6514046,46.7066725,King Fahd International Stadium,4.177932531041271,Close,71,2034-07-12 16:00:00,2034,7,12,16,2,False,63,High,88.73239436619718,False,False,False,3,88.73239436619718,Medium
REST_001514,مطعم الدرة,restaurant,Unknown,26.3167846,43.945172,King Abdullah City Stadium,5.950488993521958,Moderate,97,2034-06-24 21:00:00,2034,6,24,21,5,True,97,High,100.0,False,True,True,2,100.0,Medium
REST_000391,Tofarea Restaurant,restaurant,Unknown,21.5966742,39.1436491,King Abdullah Sports City,4.825095711016929,Close,148,2034-07-04 20:00:00,2034,7,4,20,1,False,148,High,100.0,False,True,True,3,100.0,Large
REST_001290,Shuwa Express شوا اكسبرس,restaurant,Unknown,24.7855994,46.6340773,Prince Faisal bin Fahd Stadium,7.913916210770655,Moderate,90,2034-07-08 08:00:00,2034,7,8,8,5,True,78,High,86.66666666666667,False,False,False,2,86.66666666666667,Medium
REST_000807,Al Fairwz,restaurant,Unknown,21.609459,39.1304878,King Abdullah Sports City,2.863492992019402,Close,141,2034-06-05 14:00:00,2034,6,5,14,0,False,141,High,100.0,True,False,True,3,100.0,Large
REST_001376,بروستد كوفي,restaurant,Unknown,24.6401514,46.7083399,King Fahd International Stadium,5.370451118649105,Moderate,77,2034-06-28 10:00:00,2034,6,28,10,2,False,43,Medium,55.84415584415584,False,False,False,2,55.84415584415584,Medium
REST_000053,ماكدونالز,fast_food,Unknown,24.811728,46.7691345,Prince Faisal bin Fahd Stadium,7.35203380959969,Moderate,61,2034-07-06 10:00:00,2034,7,6,10,3,False,37,Medium,60.65573770491803,False,False,False,2,60.65573770491803,Medium
REST_001408,Fairouz Garden,restaurant,Unknown,24.7080046,46.675289,King Fahd International Stadium,2.8814463899272456,Close,150,2034-06-15 21:00:00,2034,6,15,21,3,False,112,Medium,74.66666666666667,False,True,True,3,74.66666666666667,Large
REST_000764,شاورمر Shawarmer,restaurant,Unknown,24.81146,46.6261625,Prince Faisal bin Fahd Stadium,9.627759340618688,Moderate,151,2034-07-03 14:00:00,2034,7,3,14,0,False,64,Low,42.384105960264904,True,False,True,2,42.384105960264904,Large
REST_000858,Repository Coffee Roasters,cafe,Unknown,24.8110205,46.670064,Prince Faisal bin Fahd Stadium,5.999919040630255,Moderate,94,2034-06-12 15:00:00,2034,6,12,15,0,False,56,Medium,59.57446808510638,False,False,False,2,59.57446808510638,Medium
REST_001339,سستوريا,restaurant,Unknown,24.8149496,46.6348677,Prince Faisal bin Fahd Stadium,9.054114943469786,Moderate,141,2034-06-02 12:00:00,2034,6,2,12,4,True,141,High,100.0,True,False,True,2,100.0,Large
REST_000290,مطعم نايستي رويال,restaurant,Unknown,26.3759626,43.9827338,King Abdullah City Stadium,1.9006057710493627,Very Close,74,2034-06-18 21:00:00,2034,6,18,21,6,False,64,High,86.48648648648648,False,True,True,4,86.48648648648648,Medium
REST_001265,,fast_food,Unknown,24.7823054,46.649154,Prince Faisal bin Fahd Stadium,6.350199729567215,Moderate,38,2034-06-17 21:00:00,2034,6,17,21,5,True,36,High,94.73684210526315,False,True,True,2,94.73684210526315,Small
REST_000349,Core Coffee & Roastery,cafe,Unknown,24.7662814,46.7150917,Prince Faisal bin Fahd Stadium,0.7489946960039923,Very Close,29,2034-06-30 16:00:00,2034,6,30,16,4,True,23,Medium,79.3103448275862,False,False,False,4,79.3103448275862,Small
REST_000575,Gamu Garden Restaurant and Coffee,restaurant,Unknown,21.5848315,39.1434779,King Abdullah Sports City,5.882807890094533,Moderate,186,2034-06-18 16:00:00,2034,6,18,16,6,False,110,Medium,59.13978494623656,False,False,False,2,59.13978494623656,Large
REST_000594,ستاربكس,cafe,Unknown,24.8178723,46.6870169,Prince Faisal bin Fahd Stadium,5.656185142465266,Moderate,59,2034-06-25 20:00:00,2034,6,25,20,6,False,32,Medium,54.23728813559322,False,True,True,2,54.23728813559322,Medium
REST_000283,al fares,restaurant,Unknown,26.3373754,43.9662608,King Abdullah City Stadium,3.261040392550364,Close,165,2034-06-28 09:00:00,2034,6,28,9,2,False,132,High,80.0,False,False,False,3,80.0,Large
REST_000818,Thai Thai,restaurant,Unknown,21.6097717,39.141739,King Abdullah Sports City,3.6716550461562534,Close,175,2034-06-30 11:00:00,2034,6,30,11,4,True,156,High,89.14285714285714,False,False,False,3,89.14285714285714,Large
REST_000404,Ulb,fast_food,Unknown,24.7444149,46.6206874,King Fahd International Stadium,9.428894084691638,Moderate,35,2034-06-04 12:00:00,2034,6,4,12,6,False,23,Medium,65.71428571428571,True,False,True,2,65.71428571428571,Small
REST_001040,كفتيريا صاري,restaurant,Unknown,21.5760017,39.1485623,King Abdullah Sports City,6.994665584351821,Moderate,60,2034-06-15 16:00:00,2034,6,15,16,3,False,23,Low,38.333333333333336,False,False,False,2,38.333333333333336,Medium
REST_001498,فرحات,restaurant,Unknown,26.396264,43.9496302,King Abdullah City Stadium,3.7011003387809818,Close,149,2034-06-22 12:00:00,2034,6,22,12,3,False,125,High,83.89261744966443,True,False,True,3,83.89261744966443,Large
REST_001421,Pizza Inn,fast_food,Unknown,24.7008989,46.676671,King Fahd International Stadium,2.1060806403644046,Close,61,2034-07-08 20:00:00,2034,7,8,20,5,True,57,High,93.44262295081968,False,True,True,3,93.44262295081968,Medium
REST_000751,مطعم ذوق مغل,restaurant,Unknown,24.8185898,46.6431326,Prince Faisal bin Fahd Stadium,8.595759822282936,Moderate,78,2034-06-10 18:00:00,2034,6,10,18,5,True,62,Medium,79.48717948717949,False,False,False,2,79.48717948717949,Medium
REST_000658,,fast_food,Unknown,24.699565,46.6922968,King Fahd International Stadium,1.823231871559477,Very Close,43,2034-06-01 14:00:00,2034,6,1,14,3,False,43,High,100.0,True,False,True,4,100.0,Small
REST_000176,,restaurant,Unknown,26.4104127,50.0341182,Prince Mohammed bin Fahd Stadium,5.5643445776893,Moderate,98,2034-06-05 15:00:00,2034,6,5,15,0,False,53,Medium,54.08163265306123,False,False,False,2,54.08163265306123,Medium
REST_001339,سستوريا,restaurant,Unknown,24.8149496,46.6348677,Prince Faisal bin Fahd Stadium,9.054114943469786,Moderate,141,2034-07-03 10:00:00,2034,7,3,10,0,False,64,Low,45.39007092198582,False,False,False,2,45.39007092198582,Large
REST_001237,ماكدونالدز,fast_food,Unknown,21.6135637,39.1072174,King Abdullah Sports City,1.9186500867305076,Very Close,65,2034-07-12 18:00:00,2034,7,12,18,2,False,40,Medium,61.53846153846154,False,False,False,4,61.53846153846154,Medium
REST_001309,دوار السعادة,restaurant,Unknown,24.7582768,46.674634,Prince Faisal bin Fahd Stadium,3.9720294278051407,Close,165,2034-06-30 09:00:00,2034,6,30,9,4,True,96,Medium,58.18181818181818,False,False,False,3,58.18181818181818,Large
REST_001383,Mocaccino,cafe,Unknown,21.708482,39.1024248,King Abdullah Sports City,8.823577256598817,Moderate,37,2034-06-22 21:00:00,2034,6,22,21,3,False,27,Medium,72.97297297297297,False,True,True,2,72.97297297297297,Small
REST_001040,كفتيريا صاري,restaurant,Unknown,21.5760017,39.1485623,King Abdullah Sports City,6.994665584351821,Moderate,60,2034-07-15 21:00:00,2034,7,15,21,5,True,60,High,100.0,False,True,True,2,100.0,Medium
REST_001378,Chinese restaurant,restaurant,Unknown,24.6941334,46.6852727,King Fahd International Stadium,1.120480418058852,Very Close,91,2034-06-25 08:00:00,2034,6,25,8,6,False,64,Medium,70.32967032967034,False,False,False,4,70.32967032967034,Medium
REST_000302,مطعم رز بخاري,restaurant,Unknown,26.3978656,43.9393978,King Abdullah City Stadium,4.405228600598905,Close,191,2034-06-20 12:00:00,2034,6,20,12,1,False,109,Medium,57.06806282722513,True,False,True,3,57.06806282722513,Large
REST_001192,Coya,restaurant,Unknown,24.7045628,46.7057789,King Fahd International Stadium,3.0082888484263424,Close,83,2034-06-20 13:00:00,2034,6,20,13,1,False,83,High,100.0,True,False,True,3,100.0,Medium
REST_001384,مطعم السقالة,restaurant,Unknown,21.7179366,39.1039789,King Abdullah Sports City,9.84960291038882,Moderate,94,2034-06-10 18:00:00,2034,6,10,18,5,True,37,Low,39.361702127659576,False,False,False,2,39.361702127659576,Medium
REST_000346,,cafe,Unknown,24.7776024,46.7075291,Prince Faisal bin Fahd Stadium,0.7244669765230232,Very Close,49,2034-06-05 16:00:00,2034,6,5,16,0,False,49,High,100.0,False,False,False,4,100.0,Small
REST_000846,Ranosh,fast_food,Unknown,24.8336759,46.733879,Prince Faisal bin Fahd Stadium,7.246971349091567,Moderate,49,2034-06-23 11:00:00,2034,6,23,11,4,True,22,Low,44.89795918367347,False,False,False,2,44.89795918367347,Small
REST_000925,جافا تايم,cafe,Unknown,24.7468121,46.6549157,Prince Faisal bin Fahd Stadium,6.312835867432516,Moderate,44,2034-07-01 18:00:00,2034,7,1,18,5,True,20,Low,45.45454545454545,False,False,False,2,45.45454545454545,Small
REST_000768,ديب فرايز,restaurant,Unknown,24.8151974,46.6354608,Prince Faisal bin Fahd Stadium,9.018025347370818,Moderate,86,2034-06-22 11:00:00,2034,6,22,11,3,False,37,Low,43.02325581395349,False,False,False,2,43.02325581395349,Medium
REST_000814,KFC,fast_food,Unknown,21.6402961,39.1307083,King Abdullah Sports City,2.1274003299759787,Close,44,2034-07-12 15:00:00,2034,7,12,15,2,False,36,High,81.81818181818183,False,False,False,3,81.81818181818183,Small
REST_000915,Dhahia Juice,fast_food,Unknown,24.8393628,46.732541,Prince Faisal bin Fahd Stadium,7.810262697915714,Moderate,69,2034-07-06 11:00:00,2034,7,6,11,3,False,57,High,82.6086956521739,False,False,False,2,82.6086956521739,Medium
REST_000846,Ranosh,fast_food,Unknown,24.8336759,46.733879,Prince Faisal bin Fahd Stadium,7.246971349091567,Moderate,49,2034-06-17 19:00:00,2034,6,17,19,5,True,46,High,93.87755102040816,False,True,True,2,93.87755102040816,Small
REST_000747,Obo Beach House,restaurant,Unknown,21.6516243,39.1026142,King Abdullah Sports City,2.67488942711563,Close,125,2034-06-15 16:00:00,2034,6,15,16,3,False,125,High,100.0,False,False,False,3,100.0,Large
REST_000606,شواية الحرازي,restaurant,Unknown,21.5918202,39.16888,King Abdullah Sports City,7.1142112353585825,Moderate,130,2034-07-09 16:00:00,2034,7,9,16,6,False,67,Medium,51.53846153846153,False,False,False,2,51.53846153846153,Large
REST_001287,بوفية لذيذة,fast_food,Unknown,24.789891,46.6516004,Prince Faisal bin Fahd Stadium,6.321617562001353,Moderate,71,2034-07-05 22:00:00,2034,7,5,22,2,False,44,Medium,61.97183098591549,False,True,True,2,61.97183098591549,Medium
REST_000929,بوردقا,cafe,Unknown,26.3145371,44.0380191,King Abdullah City Stadium,9.17340685021479,Moderate,90,2034-06-24 22:00:00,2034,6,24,22,5,True,90,High,100.0,False,True,True,2,100.0,Medium
REST_001379,واحد فول,restaurant,Unknown,24.6609768,46.7013086,King Fahd International Stadium,2.985101121124223,Close,103,2034-06-29 13:00:00,2034,6,29,13,3,False,103,High,100.0,True,False,True,3,100.0,Large
REST_000027,واينز,cafe,Unknown,24.847172,46.7334545,Prince Faisal bin Fahd Stadium,8.671282932966674,Moderate,31,2034-07-01 09:00:00,2034,7,1,9,5,True,13,Low,41.935483870967744,False,False,False,2,41.935483870967744,Small
REST_000080,,restaurant,Unknown,24.8130073,46.7776531,Prince Faisal bin Fahd Stadium,8.134160472995248,Moderate,155,2034-06-23 11:00:00,2034,6,23,11,4,True,118,Medium,76.12903225806451,False,False,False,2,76.12903225806451,Large
REST_000775,أبو جبارة,restaurant,Unknown,24.7976486,46.6413662,Prince Faisal bin Fahd Stadium,7.590410045113112,Moderate,87,2034-06-25 14:00:00,2034,6,25,14,6,False,62,Medium,71.26436781609196,True,False,True,2,71.26436781609196,Medium
REST_001209,نان,restaurant,Unknown,21.5773289,39.1272551,King Abdullah Sports City,6.005319889508415,Moderate,155,2034-06-17 15:00:00,2034,6,17,15,5,True,150,High,96.7741935483871,False,False,False,2,96.7741935483871,Large
REST_001287,بوفية لذيذة,fast_food,Unknown,24.789891,46.6516004,Prince Faisal bin Fahd Stadium,6.321617562001353,Moderate,71,2034-07-08 20:00:00,2034,7,8,20,5,True,55,Medium,77.46478873239437,False,True,True,2,77.46478873239437,Medium
REST_001262,,cafe,Unknown,24.7858399,46.6458311,Prince Faisal bin Fahd Stadium,6.759411254521565,Moderate,98,2034-06-06 14:00:00,2034,6,6,14,1,False,61,Medium,62.244897959183675,True,False,True,2,62.244897959183675,Medium
REST_001415,Kudu,fast_food,Unknown,24.6987643,46.6901893,King Fahd International Stadium,1.677270544022254,Very Close,59,2034-06-18 15:00:00,2034,6,18,15,6,False,28,Low,47.45762711864407,False,False,False,4,47.45762711864407,Medium
REST_001571,,restaurant,Unknown,24.7933327,46.655822,Prince Faisal bin Fahd Stadium,6.058854710120394,Moderate,55,2034-06-14 21:00:00,2034,6,14,21,2,False,55,High,100.0,False,True,True,2,100.0,Medium
REST_000699,,cafe,Unknown,21.5967854,39.1574669,King Abdullah Sports City,5.842530175364363,Moderate,49,2034-07-13 17:00:00,2034,7,13,17,3,False,27,Medium,55.10204081632652,False,False,False,2,55.10204081632652,Small
REST_000304,اورفيلا,restaurant,Unknown,26.3999028,43.9170009,King Abdullah City Stadium,6.175754032491097,Moderate,119,2034-07-05 15:00:00,2034,7,5,15,2,False,50,Low,42.016806722689076,False,False,False,2,42.016806722689076,Large
REST_000345,بول,restaurant,Unknown,24.7808456,46.6974026,Prince Faisal bin Fahd Stadium,1.695282012478964,Very Close,98,2034-06-25 18:00:00,2034,6,25,18,6,False,88,High,89.79591836734694,False,False,False,4,89.79591836734694,Medium
REST_001361,معصوب القادري,restaurant,Unknown,21.5731975,39.1584622,King Abdullah Sports City,7.824400379123443,Moderate,157,2034-06-02 14:00:00,2034,6,2,14,4,True,157,High,100.0,True,False,True,2,100.0,Large
REST_000859,واحة المرباع,restaurant,Unknown,26.3941797,43.9288784,King Abdullah City Stadium,4.85094280500056,Close,124,2034-06-27 10:00:00,2034,6,27,10,1,False,88,Medium,70.96774193548387,False,False,False,3,70.96774193548387,Large
REST_000305,مطعم بيتزاكم,fast_food,Unknown,26.3935046,43.9282015,King Abdullah City Stadium,4.857083326267404,Close,52,2034-06-27 22:00:00,2034,6,27,22,1,False,52,High,100.0,False,True,True,3,100.0,Medium
REST_000858,Repository Coffee Roasters,cafe,Unknown,24.8110205,46.670064,Prince Faisal bin Fahd Stadium,5.999919040630255,Moderate,94,2034-06-10 09:00:00,2034,6,10,9,5,True,43,Low,45.744680851063826,False,False,False,2,45.744680851063826,Medium
REST_001415,Kudu,fast_food,Unknown,24.6987643,46.6901893,King Fahd International Stadium,1.677270544022254,Very Close,59,2034-06-17 11:00:00,2034,6,17,11,5,True,32,Medium,54.23728813559322,False,False,False,4,54.23728813559322,Medium
REST_001220,المذاق المغربي,cafe,Unknown,21.5917093,39.1376792,King Abdullah Sports City,4.918076229707055,Close,74,2034-07-13 12:00:00,2034,7,13,12,3,False,74,High,100.0,True,False,True,3,100.0,Medium
REST_001146,الاكلة الفاخرة,restaurant,Unknown,26.3570008,43.9522254,King Abdullah City Stadium,1.8008036970602852,Very Close,166,2034-06-22 19:00:00,2034,6,22,19,3,False,166,High,100.0,False,True,True,4,100.0,Large
REST_000124,ماكدونالدز,restaurant,Unknown,26.4041626,50.0576601,Prince Mohammed bin Fahd Stadium,3.6053616022522577,Close,157,2034-06-12 12:00:00,2034,6,12,12,0,False,157,High,100.0,True,False,True,3,100.0,Large
REST_001460,مطاعم ومطابخ مضياف,restaurant,Unknown,26.404773,43.9141945,King Abdullah City Stadium,6.728810304967679,Moderate,114,2034-07-08 20:00:00,2034,7,8,20,5,True,80,Medium,70.17543859649122,False,True,True,2,70.17543859649122,Large
REST_000476,بروستد بونواس,restaurant,Unknown,26.4493532,50.1185439,Prince Mohammed bin Fahd Stadium,4.349937758093283,Close,149,2034-07-05 18:00:00,2034,7,5,18,2,False,145,High,97.31543624161074,False,False,False,3,97.31543624161074,Large
REST_000279,دجاج كنتاكي,fast_food,Unknown,26.3787797,43.9523162,King Abdullah City Stadium,1.9640570360088907,Very Close,37,2034-06-11 08:00:00,2034,6,11,8,6,False,18,Low,48.64864864864865,False,False,False,4,48.64864864864865,Small
REST_000390,Coffee Club نادي القهوة,cafe,Unknown,24.7718406,46.7195512,Prince Faisal bin Fahd Stadium,0.8633812385191314,Very Close,21,2034-07-01 12:00:00,2034,7,1,12,5,True,21,High,100.0,True,False,True,4,100.0,Small
REST_000523,Be Karam بي كرم,restaurant,Unknown,24.7413004,46.6463797,Prince Faisal bin Fahd Stadium,7.3589187295888925,Moderate,159,2034-06-02 10:00:00,2034,6,2,10,4,True,103,Medium,64.77987421383648,False,False,False,2,64.77987421383648,Large
REST_000404,Ulb,fast_food,Unknown,24.7444149,46.6206874,King Fahd International Stadium,9.428894084691638,Moderate,35,2034-07-15 14:00:00,2034,7,15,14,5,True,35,High,100.0,True,False,True,2,100.0,Small
REST_000661,Dose Cafe,cafe,Unknown,24.8401038,46.7323744,Prince Faisal bin Fahd Stadium,7.884814874295175,Moderate,69,2034-07-02 14:00:00,2034,7,2,14,6,False,54,Medium,78.26086956521739,True,False,True,2,78.26086956521739,Medium
REST_000121,مقهي نغم الليالي,cafe,Unknown,26.4586771,50.0835167,Prince Mohammed bin Fahd Stadium,4.255497554130319,Close,77,2034-06-09 22:00:00,2034,6,9,22,4,True,77,High,100.0,False,True,True,3,100.0,Medium
REST_000661,Dose Cafe,cafe,Unknown,24.8401038,46.7323744,Prince Faisal bin Fahd Stadium,7.884814874295175,Moderate,69,2034-06-01 20:00:00,2034,6,1,20,3,False,36,Medium,52.17391304347826,False,True,True,2,52.17391304347826,Medium
REST_001214,هرفي,fast_food,Unknown,24.6132011,46.6820093,King Fahd International Stadium,7.8955147635192136,Moderate,66,2034-07-07 16:00:00,2034,7,7,16,4,True,36,Medium,54.54545454545454,False,False,False,2,54.54545454545454,Medium
REST_001467,رشوش,restaurant,Unknown,26.36949,43.9335526,King Abdullah City Stadium,3.3168870227743015,Close,171,2034-07-01 10:00:00,2034,7,1,10,5,True,171,High,100.0,False,False,False,3,100.0,Large
REST_000305,مطعم بيتزاكم,fast_food,Unknown,26.3935046,43.9282015,King Abdullah City Stadium,4.857083326267404,Close,52,2034-07-02 10:00:00,2034,7,2,10,6,False,52,High,100.0,False,False,False,3,100.0,Medium
REST_000646,,fast_food,Unknown,24.6900265,46.6863838,King Fahd International Stadium,0.6590511171992249,Very Close,62,2034-06-23 11:00:00,2034,6,23,11,4,True,62,High,100.0,False,False,False,4,100.0,Medium
REST_000424,UMQ Coffee 2.2 قهوة عمق,cafe,Unknown,26.4586931,50.0852868,Prince Mohammed bin Fahd Stadium,4.239096066625124,Close,37,2034-06-14 16:00:00,2034,6,14,16,2,False,35,High,94.5945945945946,False,False,False,3,94.5945945945946,Small
REST_000676,مطعم هرفي,restaurant,Unknown,26.4194699,50.0201496,Prince Mohammed bin Fahd Stadium,6.837661872347182,Moderate,169,2034-06-12 21:00:00,2034,6,12,21,0,False,169,High,100.0,False,True,True,2,100.0,Large
REST_000845,Barn's,restaurant,Unknown,24.8334509,46.733426,Prince Faisal bin Fahd Stadium,7.208773253950492,Moderate,119,2034-06-18 12:00:00,2034,6,18,12,6,False,113,High,94.9579831932773,True,False,True,2,94.9579831932773,Large
REST_000504,مطبغ الضيافة,restaurant,Unknown,21.5813302,39.1601843,King Abdullah Sports City,7.234726941392608,Moderate,138,2034-06-30 18:00:00,2034,6,30,18,4,True,68,Low,49.275362318840585,False,False,False,2,49.275362318840585,Large
REST_000646,,fast_food,Unknown,24.6900265,46.6863838,King Fahd International Stadium,0.6590511171992249,Very Close,62,2034-06-08 15:00:00,2034,6,8,15,3,False,62,High,100.0,False,False,False,4,100.0,Medium
REST_000964,Coffe Day,cafe,Unknown,24.7341694,46.6973022,Prince Faisal bin Fahd Stadium,4.417579149713125,Close,77,2034-06-13 10:00:00,2034,6,13,10,1,False,68,High,88.31168831168831,False,False,False,3,88.31168831168831,Medium
REST_000116,Phd55,restaurant,Unknown,26.4140411,50.1193958,Prince Mohammed bin Fahd Stadium,3.13551917326331,Close,94,2034-06-17 09:00:00,2034,6,17,9,5,True,94,High,100.0,False,False,False,3,100.0,Medium
REST_000122,دلع بطنك الدمام,restaurant,Unknown,26.4369935,50.084037,Prince Mohammed bin Fahd Stadium,1.8728016672082712,Very Close,121,2034-06-14 10:00:00,2034,6,14,10,2,False,97,High,80.16528925619835,False,False,False,4,80.16528925619835,Large
REST_000143,Kudu,restaurant,Unknown,26.4283716,50.0969946,Prince Mohammed bin Fahd Stadium,1.1804802812989057,Very Close,50,2034-07-07 17:00:00,2034,7,7,17,4,True,50,High,100.0,False,False,False,4,100.0,Medium
REST_000562,هوت دوق اكسبرس,restaurant,Unknown,24.8004505,46.7396469,Prince Faisal bin Fahd Stadium,4.294402722510452,Close,110,2034-06-07 19:00:00,2034,6,7,19,2,False,110,High,100.0,False,True,True,3,100.0,Large
REST_001292,رغيف وجبنة,restaurant,Unknown,24.7952936,46.6350728,Prince Faisal bin Fahd Stadium,8.094481090029316,Moderate,110,2034-06-27 16:00:00,2034,6,27,16,1,False,49,Low,44.54545454545455,False,False,False,2,44.54545454545455,Large
REST_000300,قهوة باش المختصة,cafe,Unknown,26.4083543,43.9279608,King Abdullah City Stadium,6.028541712294963,Moderate,62,2034-06-24 08:00:00,2034,6,24,8,5,True,33,Medium,53.2258064516129,False,False,False,2,53.2258064516129,Medium
REST_001079,Urth Caffe,cafe,Unknown,21.5668615,39.1248304,King Abdullah Sports City,7.095803038786741,Moderate,80,2034-07-08 18:00:00,2034,7,8,18,5,True,37,Low,46.25,False,False,False,2,46.25,Medium
REST_001459,مايسترو بيتزا,fast_food,Unknown,26.3940382,43.9258729,King Abdullah City Stadium,5.0775390276442876,Moderate,32,2034-06-28 19:00:00,2034,6,28,19,2,False,17,Medium,53.125,False,True,True,2,53.125,Small
REST_000118,,fast_food,Unknown,26.4142195,50.1199565,Prince Mohammed bin Fahd Stadium,3.185255167118252,Close,31,2034-06-23 22:00:00,2034,6,23,22,4,True,31,High,100.0,False,True,True,3,100.0,Small
REST_000166,برجر فيول,restaurant,Unknown,26.454483,50.1202934,Prince Mohammed bin Fahd Stadium,4.893234584296099,Close,174,2034-06-10 10:00:00,2034,6,10,10,5,True,85,Low,48.85057471264368,False,False,False,3,48.85057471264368,Large
REST_000395,Ulb,fast_food,Unknown,24.8445257,46.7571205,Prince Faisal bin Fahd Stadium,9.321237992116538,Moderate,66,2034-06-08 11:00:00,2034,6,8,11,3,False,30,Low,45.45454545454545,False,False,False,2,45.45454545454545,Medium
REST_000913,Bateel El'an,restaurant,Unknown,24.8426989,46.7339669,Prince Faisal bin Fahd Stadium,8.206687960489587,Moderate,128,2034-06-16 14:00:00,2034,6,16,14,4,True,99,Medium,77.34375,True,False,True,2,77.34375,Large
REST_001494,فلافل عرفة,restaurant,Unknown,26.3565213,43.9529245,King Abdullah City Stadium,1.7789626297867553,Very Close,161,2034-06-23 16:00:00,2034,6,23,16,4,True,99,Medium,61.49068322981367,False,False,False,4,61.49068322981367,Large
REST_000407,Chkn,fast_food,Unknown,24.8453094,46.7582844,Prince Faisal bin Fahd Stadium,9.455576825942822,Moderate,50,2034-06-09 08:00:00,2034,6,9,8,4,True,43,High,86.0,False,False,False,2,86.0,Medium
REST_001423,Shiraz Restaurant (Iranian),restaurant,Unknown,24.7014755,46.6916745,King Fahd International Stadium,2.0069137128661634,Close,95,2034-06-04 09:00:00,2034,6,4,9,6,False,95,High,100.0,False,False,False,3,100.0,Medium
REST_001305,ماكدونالدز,fast_food,Unknown,24.7608687,46.6952563,Prince Faisal bin Fahd Stadium,2.007846447499641,Close,71,2034-06-26 11:00:00,2034,6,26,11,0,False,40,Medium,56.33802816901409,False,False,False,3,56.33802816901409,Medium
REST_000919,,fast_food,Unknown,24.7616932,46.7985908,Prince Faisal bin Fahd Stadium,8.916330619529694,Moderate,69,2034-07-12 21:00:00,2034,7,12,21,2,False,69,High,100.0,False,True,True,2,100.0,Medium
REST_000657,,restaurant,Unknown,24.6996722,46.6924899,King Fahd International Stadium,1.841013688108124,Very Close,80,2034-06-24 14:00:00,2034,6,24,14,5,True,80,High,100.0,True,False,True,4,100.0,Medium
REST_001437,The Pizza Company,restaurant,Unknown,24.7026567,46.6799824,King Fahd International Stadium,2.159866708073871,Close,89,2034-07-04 13:00:00,2034,7,4,13,1,False,54,Medium,60.67415730337079,True,False,True,3,60.67415730337079,Medium
REST_000308,ليون كافيه,cafe,Unknown,26.3542632,43.9540151,King Abdullah City Stadium,1.873420729208515,Very Close,71,2034-06-15 22:00:00,2034,6,15,22,3,False,71,High,100.0,False,True,True,4,100.0,Medium
REST_001418,Shikara Restaurant,restaurant,Unknown,24.7128171,46.6711407,King Fahd International Stadium,3.541438994349068,Close,119,2034-07-10 15:00:00,2034,7,10,15,0,False,118,High,99.15966386554622,False,False,False,3,99.15966386554622,Large
REST_000818,Thai Thai,restaurant,Unknown,21.6097717,39.141739,King Abdullah Sports City,3.6716550461562534,Close,175,2034-07-02 17:00:00,2034,7,2,17,6,False,71,Low,40.57142857142857,False,False,False,3,40.57142857142857,Large
REST_001378,Chinese restaurant,restaurant,Unknown,24.6941334,46.6852727,King Fahd International Stadium,1.120480418058852,Very Close,91,2034-06-04 16:00:00,2034,6,4,16,6,False,91,High,100.0,False,False,False,4,100.0,Medium
REST_001333,,restaurant,Unknown,24.7023914,46.6968701,King Fahd International Stadium,2.297200393125573,Close,146,2034-07-12 13:00:00,2034,7,12,13,2,False,146,High,100.0,True,False,True,3,100.0,Large
REST_000862,المذاق المغربي,cafe,Unknown,21.6060343,39.1067035,King Abdullah Sports City,2.7344259551684136,Close,43,2034-06-20 21:00:00,2034,6,20,21,1,False,43,High,100.0,False,True,True,3,100.0,Small
REST_000308,ليون كافيه,cafe,Unknown,26.3542632,43.9540151,King Abdullah City Stadium,1.873420729208515,Very Close,71,2034-06-07 09:00:00,2034,6,7,9,2,False,33,Low,46.478873239436616,False,False,False,4,46.478873239436616,Medium
REST_001083,كانتون,fast_food,Unknown,24.742659,46.658732,Prince Faisal bin Fahd Stadium,6.198926894188108,Moderate,54,2034-06-03 20:00:00,2034,6,3,20,5,True,30,Medium,55.55555555555556,False,True,True,2,55.55555555555556,Medium
REST_000761,دانا كافيه,cafe,Unknown,24.7984163,46.6424103,Prince Faisal bin Fahd Stadium,7.525909337719232,Moderate,78,2034-06-06 08:00:00,2034,6,6,8,1,False,52,Medium,66.66666666666666,False,False,False,2,66.66666666666666,Medium
REST_001192,Coya,restaurant,Unknown,24.7045628,46.7057789,King Fahd International Stadium,3.0082888484263424,Close,83,2034-06-30 19:00:00,2034,6,30,19,4,True,83,High,100.0,False,True,True,3,100.0,Medium
REST_001208,ركن الفلافل,restaurant,Unknown,21.6093627,39.1350133,King Abdullah Sports City,3.1796253596077135,Close,164,2034-07-10 13:00:00,2034,7,10,13,0,False,141,High,85.97560975609755,True,False,True,3,85.97560975609755,Large
REST_000939,,restaurant,Unknown,24.6495878,46.7065663,King Fahd International Stadium,4.349808103745881,Close,127,2034-06-06 15:00:00,2034,6,6,15,1,False,127,High,100.0,False,False,False,3,100.0,Large
REST_000292,كوب القهوة,cafe,Unknown,26.3180939,44.0372088,King Abdullah City Stadium,8.864373847296573,Moderate,80,2034-06-22 20:00:00,2034,6,22,20,3,False,80,High,100.0,False,True,True,2,100.0,Medium
REST_001094,كانتون,fast_food,Unknown,26.400639,50.1173329,Prince Mohammed bin Fahd Stadium,3.6125453122142086,Close,68,2034-06-24 11:00:00,2034,6,24,11,5,True,68,High,100.0,False,False,False,3,100.0,Medium
REST_000291,كوب القهوة,cafe,Unknown,26.3188473,44.0378809,King Abdullah City Stadium,8.867009934236398,Moderate,63,2034-07-11 15:00:00,2034,7,11,15,1,False,42,Medium,66.66666666666666,False,False,False,2,66.66666666666666,Medium
REST_000595,دانكن دونتس,fast_food,Unknown,24.8177774,46.6862018,Prince Faisal bin Fahd Stadium,5.682413507376354,Moderate,30,2034-06-05 08:00:00,2034,6,5,8,0,False,14,Low,46.666666666666664,False,False,False,2,46.666666666666664,Small
REST_000388,فروت ارت,fast_food,Unknown,24.7257628,46.6846076,King Fahd International Stadium,4.635845454921703,Close,34,2034-06-06 10:00:00,2034,6,6,10,1,False,19,Medium,55.88235294117647,False,False,False,3,55.88235294117647,Small
REST_001212,Urth Caffe,cafe,Unknown,24.6749932,46.6246864,King Fahd International Stadium,6.3071408996924445,Moderate,45,2034-07-11 17:00:00,2034,7,11,17,1,False,17,Low,37.77777777777778,False,False,False,2,37.77777777777778,Small
REST_001333,,restaurant,Unknown,24.7023914,46.6968701,King Fahd International Stadium,2.297200393125573,Close,146,2034-07-14 11:00:00,2034,7,14,11,4,True,104,Medium,71.23287671232876,False,False,False,3,71.23287671232876,Large
REST_000112,السيف لاونج,cafe,Unknown,26.4568159,50.1307542,Prince Mohammed bin Fahd Stadium,5.794504884134874,Moderate,72,2034-06-07 17:00:00,2034,6,7,17,2,False,36,Medium,50.0,False,False,False,2,50.0,Medium
REST_000788,رونه للقهوة المختصة | الشاطئ,cafe,Unknown,21.6023188,39.1083762,King Abdullah Sports City,3.1013357493641704,Close,38,2034-06-16 08:00:00,2034,6,16,8,4,True,31,High,81.57894736842105,False,False,False,3,81.57894736842105,Small
REST_000387,ليفاني كوفي - Leivani coffee,cafe,Unknown,24.747746,46.7018094,Prince Faisal bin Fahd Stadium,2.841605378077961,Close,77,2034-06-07 22:00:00,2034,6,7,22,2,False,77,High,100.0,False,True,True,3,100.0,Medium
REST_000743,ماكدونالدز,fast_food,Unknown,26.4344964,50.085207,Prince Mohammed bin Fahd Stadium,1.5752561988810607,Very Close,75,2034-07-15 16:00:00,2034,7,15,16,5,True,75,High,100.0,False,False,False,4,100.0,Medium
REST_000760,خبز ونواشف,restaurant,Unknown,24.8119102,46.6460917,Prince Faisal bin Fahd Stadium,7.919940631004301,Moderate,126,2034-06-09 19:00:00,2034,6,9,19,4,True,109,High,86.5079365079365,False,True,True,2,86.5079365079365,Large
REST_001054,Butcher Shop & Grill,restaurant,Unknown,21.5598064,39.1530824,King Abdullah Sports City,8.793294534174183,Moderate,173,2034-06-11 21:00:00,2034,6,11,21,6,False,124,Medium,71.67630057803468,False,True,True,2,71.67630057803468,Large
REST_000141,مطعم اسماك السلطان,restaurant,Unknown,26.4363725,50.0942901,Prince Mohammed bin Fahd Stadium,1.8264340061687887,Very Close,84,2034-07-11 13:00:00,2034,7,11,13,1,False,84,High,100.0,True,False,True,4,100.0,Medium
REST_001085,كانتون,fast_food,Unknown,24.8114338,46.7694112,Prince Faisal bin Fahd Stadium,7.354754705283516,Moderate,36,2034-06-15 18:00:00,2034,6,15,18,3,False,15,Low,41.66666666666667,False,False,False,2,41.66666666666667,Small
REST_000743,ماكدونالدز,fast_food,Unknown,26.4344964,50.085207,Prince Mohammed bin Fahd Stadium,1.5752561988810607,Very Close,75,2034-06-20 13:00:00,2034,6,20,13,1,False,75,High,100.0,True,False,True,4,100.0,Medium
REST_001041,مايسترو,restaurant,Unknown,21.5991497,39.1446547,King Abdullah Sports City,4.689150418406639,Close,61,2034-06-26 21:00:00,2034,6,26,21,0,False,60,High,98.36065573770492,False,True,True,3,98.36065573770492,Medium
REST_001438,Kudu,fast_food,Unknown,24.7008015,46.6767139,King Fahd International Stadium,2.094473404330583,Close,64,2034-07-11 08:00:00,2034,7,11,8,1,False,53,High,82.8125,False,False,False,3,82.8125,Medium
REST_001237,ماكدونالدز,fast_food,Unknown,21.6135637,39.1072174,King Abdullah Sports City,1.9186500867305076,Very Close,65,2034-06-21 14:00:00,2034,6,21,14,2,False,65,High,100.0,True,False,True,4,100.0,Medium
REST_000756,Le Comptoir de Nicole,restaurant,Unknown,21.6534671,39.1025296,King Abdullah Sports City,2.8655347182268214,Close,79,2034-06-15 16:00:00,2034,6,15,16,3,False,31,Low,39.24050632911392,False,False,False,3,39.24050632911392,Medium
REST_001291,,cafe,Unknown,24.7857326,46.6336383,Prince Faisal bin Fahd Stadium,7.9602568484893155,Moderate,57,2034-06-19 22:00:00,2034,6,19,22,0,False,57,High,100.0,False,True,True,2,100.0,Medium
REST_000033,arocaria,cafe,Unknown,24.7089154,46.6630009,King Fahd International Stadium,3.6268795046125923,Close,52,2034-07-15 10:00:00,2034,7,15,10,5,True,52,High,100.0,False,False,False,3,100.0,Medium
REST_001469,ماكدونالدز,fast_food,Unknown,26.3643605,43.9361055,King Abdullah City Stadium,3.0591597290519763,Close,34,2034-06-21 11:00:00,2034,6,21,11,2,False,19,Medium,55.88235294117647,False,False,False,3,55.88235294117647,Small
REST_000562,هوت دوق اكسبرس,restaurant,Unknown,24.8004505,46.7396469,Prince Faisal bin Fahd Stadium,4.294402722510452,Close,110,2034-07-02 19:00:00,2034,7,2,19,6,False,110,High,100.0,False,True,True,3,100.0,Large
REST_001192,Coya,restaurant,Unknown,24.7045628,46.7057789,King Fahd International Stadium,3.0082888484263424,Close,83,2034-06-16 18:00:00,2034,6,16,18,4,True,39,Low,46.98795180722892,False,False,False,3,46.98795180722892,Medium
REST_001333,,restaurant,Unknown,24.7023914,46.6968701,King Fahd International Stadium,2.297200393125573,Close,146,2034-06-05 19:00:00,2034,6,5,19,0,False,146,High,100.0,False,True,True,3,100.0,Large
REST_001377,Kudu,restaurant,Unknown,24.704312,46.6833077,King Fahd International Stadium,2.267711502191541,Close,54,2034-07-01 09:00:00,2034,7,1,9,5,True,54,High,100.0,False,False,False,3,100.0,Medium
REST_000384,,cafe,Unknown,21.5977041,39.1461551,King Abdullah Sports City,4.912524856984208,Close,37,2034-06-17 16:00:00,2034,6,17,16,5,True,20,Medium,54.054054054054056,False,False,False,3,54.054054054054056,Small
REST_000388,فروت ارت,fast_food,Unknown,24.7257628,46.6846076,King Fahd International Stadium,4.635845454921703,Close,34,2034-06-22 08:00:00,2034,6,22,8,3,False,34,High,100.0,False,False,False,3,100.0,Small
REST_000264,Vendor Coffee - مقهى فيندور,cafe,Unknown,24.7558162,46.7718623,Prince Faisal bin Fahd Stadium,6.4001987570527925,Moderate,58,2034-06-14 08:00:00,2034,6,14,8,2,False,51,High,87.93103448275862,False,False,False,2,87.93103448275862,Medium
REST_000773,ديوان القرية,cafe,Unknown,24.8170503,46.6442351,Prince Faisal bin Fahd Stadium,8.40398756253882,Moderate,58,2034-06-01 15:00:00,2034,6,1,15,3,False,48,High,82.75862068965517,False,False,False,2,82.75862068965517,Medium
REST_000535,,cafe,Unknown,26.4494409,50.0883834,Prince Mohammed bin Fahd Stadium,3.19611144997641,Close,34,2034-07-06 20:00:00,2034,7,6,20,3,False,33,High,97.05882352941177,False,True,True,3,97.05882352941177,Small
REST_000061,KFC,fast_food,Unknown,26.3823463,50.1781289,Prince Mohammed bin Fahd Stadium,9.866260254697771,Moderate,60,2034-06-26 20:00:00,2034,6,26,20,0,False,60,High,100.0,False,True,True,2,100.0,Medium
REST_001413,The Pancake House,restaurant,Unknown,24.7079737,46.6751704,King Fahd International Stadium,2.8829289311906243,Close,100,2034-06-28 22:00:00,2034,6,28,22,2,False,100,High,100.0,False,True,True,3,100.0,Large
REST_000188,بيت الربيان,restaurant,Unknown,26.4592864,50.0869988,Prince Mohammed bin Fahd Stadium,4.294358112095671,Close,50,2034-07-08 08:00:00,2034,7,8,8,5,True,49,High,98.0,False,False,False,3,98.0,Medium
REST_001469,ماكدونالدز,fast_food,Unknown,26.3643605,43.9361055,King Abdullah City Stadium,3.0591597290519763,Close,34,2034-06-27 18:00:00,2034,6,27,18,1,False,19,Medium,55.88235294117647,False,False,False,3,55.88235294117647,Small
REST_000646,,fast_food,Unknown,24.6900265,46.6863838,King Fahd International Stadium,0.6590511171992249,Very Close,62,2034-06-17 12:00:00,2034,6,17,12,5,True,62,High,100.0,True,False,True,4,100.0,Medium
REST_000305,مطعم بيتزاكم,fast_food,Unknown,26.3935046,43.9282015,King Abdullah City Stadium,4.857083326267404,Close,52,2034-06-05 17:00:00,2034,6,5,17,0,False,33,Medium,63.46153846153846,False,False,False,3,63.46153846153846,Medium
REST_000593,,cafe,Unknown,21.595875,39.1553271,King Abdullah Sports City,5.738194662796841,Moderate,45,2034-07-11 09:00:00,2034,7,11,9,1,False,30,Medium,66.66666666666666,False,False,False,2,66.66666666666666,Small
REST_000673,,fast_food,Unknown,21.6225219,39.1638091,King Abdullah Sports City,5.262932147840783,Moderate,70,2034-06-22 20:00:00,2034,6,22,20,3,False,70,High,100.0,False,True,True,2,100.0,Medium
REST_000116,Phd55,restaurant,Unknown,26.4140411,50.1193958,Prince Mohammed bin Fahd Stadium,3.13551917326331,Close,94,2034-06-30 13:00:00,2034,6,30,13,4,True,94,High,100.0,True,False,True,3,100.0,Medium
REST_001409,Friday's,restaurant,Unknown,24.7044957,46.6646636,King Fahd International Stadium,3.149804203532667,Close,164,2034-06-20 13:00:00,2034,6,20,13,1,False,156,High,95.1219512195122,True,False,True,3,95.1219512195122,Large
REST_000775,أبو جبارة,restaurant,Unknown,24.7976486,46.6413662,Prince Faisal bin Fahd Stadium,7.590410045113112,Moderate,87,2034-06-24 20:00:00,2034,6,24,20,5,True,67,Medium,77.01149425287356,False,True,True,2,77.01149425287356,Medium
REST_000840,ميلانا كافيه,cafe,Unknown,24.8336702,46.7334612,Prince Faisal bin Fahd Stadium,7.233041214872869,Moderate,64,2034-06-07 10:00:00,2034,6,7,10,2,False,55,High,85.9375,False,False,False,2,85.9375,Medium
REST_000758,بارولي كافيه,cafe,Unknown,24.8173852,46.644058,Prince Faisal bin Fahd Stadium,8.440585172298908,Moderate,53,2034-06-28 19:00:00,2034,6,28,19,2,False,53,High,100.0,False,True,True,2,100.0,Medium
REST_000678,هرفي,fast_food,Unknown,24.5980523,46.684862,King Fahd International Stadium,9.569171453582342,Moderate,35,2034-07-07 18:00:00,2034,7,7,18,4,True,22,Medium,62.857142857142854,False,False,False,2,62.857142857142854,Small
REST_000536,Chkn,fast_food,Unknown,24.7668817,46.7072939,Prince Faisal bin Fahd Stadium,0.6718559948661714,Very Close,45,2034-06-07 18:00:00,2034,6,7,18,2,False,45,High,100.0,False,False,False,4,100.0,Small
REST_001290,Shuwa Express شوا اكسبرس,restaurant,Unknown,24.7855994,46.6340773,Prince Faisal bin Fahd Stadium,7.913916210770655,Moderate,90,2034-07-02 22:00:00,2034,7,2,22,6,False,59,Medium,65.55555555555556,False,True,True,2,65.55555555555556,Medium
REST_001514,مطعم الدرة,restaurant,Unknown,26.3167846,43.945172,King Abdullah City Stadium,5.950488993521958,Moderate,97,2034-06-09 16:00:00,2034,6,9,16,4,True,97,High,100.0,False,False,False,2,100.0,Medium
REST_000765,كوفليت,restaurant,Unknown,24.8131505,46.6460734,Prince Faisal bin Fahd Stadium,7.999713221320555,Moderate,70,2034-06-01 10:00:00,2034,6,1,10,3,False,34,Low,48.57142857142857,False,False,False,2,48.57142857142857,Medium
REST_001221,,cafe,Unknown,21.5977979,39.1410153,King Abdullah Sports City,4.555605332306803,Close,90,2034-06-15 09:00:00,2034,6,15,9,3,False,70,Medium,77.77777777777779,False,False,False,3,77.77777777777779,Medium
REST_001376,بروستد كوفي,restaurant,Unknown,24.6401514,46.7083399,King Fahd International Stadium,5.370451118649105,Moderate,77,2034-06-09 18:00:00,2034,6,9,18,4,True,63,High,81.81818181818183,False,False,False,2,81.81818181818183,Medium
REST_001336,مطعم كمون البخاري,restaurant,Unknown,24.6851879,46.7667693,King Fahd International Stadium,8.131030996167413,Moderate,73,2034-06-22 17:00:00,2034,6,22,17,3,False,58,Medium,79.45205479452055,False,False,False,2,79.45205479452055,Medium
REST_001263,,fast_food,Unknown,24.7854912,46.6456646,Prince Faisal bin Fahd Stadium,6.767018148103183,Moderate,60,2034-06-02 20:00:00,2034,6,2,20,4,True,60,High,100.0,False,True,True,2,100.0,Medium
REST_000859,واحة المرباع,restaurant,Unknown,26.3941797,43.9288784,King Abdullah City Stadium,4.85094280500056,Close,124,2034-06-26 20:00:00,2034,6,26,20,0,False,124,High,100.0,False,True,True,3,100.0,Large
REST_001264,,cafe,Unknown,24.7856045,46.6457319,Prince Faisal bin Fahd Stadium,6.763220039975659,Moderate,27,2034-07-01 18:00:00,2034,7,1,18,5,True,26,High,96.29629629629629,False,False,False,2,96.29629629629629,Small
REST_000653,,restaurant,Unknown,24.6989019,46.6886304,King Fahd International Stadium,1.662649880674677,Very Close,122,2034-06-13 09:00:00,2034,6,13,9,1,False,58,Low,47.540983606557376,False,False,False,4,47.540983606557376,Large
REST_001148,بروست زهرتي,fast_food,Unknown,26.3571976,43.9530467,King Abdullah City Stadium,1.7224554020216554,Very Close,66,2034-07-09 16:00:00,2034,7,9,16,6,False,49,Medium,74.24242424242425,False,False,False,4,74.24242424242425,Medium
REST_000116,Phd55,restaurant,Unknown,26.4140411,50.1193958,Prince Mohammed bin Fahd Stadium,3.13551917326331,Close,94,2034-07-12 19:00:00,2034,7,12,19,2,False,94,High,100.0,False,True,True,3,100.0,Medium
REST_001265,,fast_food,Unknown,24.7823054,46.649154,Prince Faisal bin Fahd Stadium,6.350199729567215,Moderate,38,2034-06-08 12:00:00,2034,6,8,12,3,False,19,Medium,50.0,True,False,True,2,50.0,Small
REST_000803,Goodies,restaurant,Unknown,21.573008,39.1273857,King Abdullah Sports City,6.476101290694813,Moderate,152,2034-06-25 18:00:00,2034,6,25,18,6,False,87,Medium,57.23684210526315,False,False,False,2,57.23684210526315,Large
REST_001423,Shiraz Restaurant (Iranian),restaurant,Unknown,24.7014755,46.6916745,King Fahd International Stadium,2.0069137128661634,Close,95,2034-06-13 10:00:00,2034,6,13,10,1,False,89,High,93.6842105263158,False,False,False,3,93.6842105263158,Medium
REST_000651,Domino's Pizza,fast_food,Unknown,24.7009672,46.6765959,King Fahd International Stadium,2.1163233808426667,Close,79,2034-07-05 08:00:00,2034,7,5,8,2,False,79,High,100.0,False,False,False,3,100.0,Medium
REST_000167,Kudu,restaurant,Unknown,26.4508454,50.118796,Prince Mohammed bin Fahd Stadium,4.489541804088695,Close,64,2034-07-13 12:00:00,2034,7,13,12,3,False,64,High,100.0,True,False,True,3,100.0,Medium
REST_000912,تيم هورتونز,cafe,Unknown,24.8387541,46.7325597,Prince Faisal bin Fahd Stadium,7.7458084164826735,Moderate,25,2034-06-17 20:00:00,2034,6,17,20,5,True,25,High,100.0,False,True,True,2,100.0,Small
REST_001035,San Carlo Cicchetti,restaurant,Unknown,24.7012182,46.705378,King Fahd International Stadium,2.7088790925678645,Close,155,2034-07-11 18:00:00,2034,7,11,18,1,False,145,High,93.54838709677419,False,False,False,3,93.54838709677419,Large
REST_000807,Al Fairwz,restaurant,Unknown,21.609459,39.1304878,King Abdullah Sports City,2.863492992019402,Close,141,2034-06-24 22:00:00,2034,6,24,22,5,True,141,High,100.0,False,True,True,3,100.0,Large
REST_000125,الذهبي,restaurant,Unknown,26.3823139,50.0554028,Prince Mohammed bin Fahd Stadium,5.411358520220647,Moderate,187,2034-06-05 19:00:00,2034,6,5,19,0,False,100,Medium,53.475935828877006,False,True,True,2,53.475935828877006,Large
REST_000282,كودو,restaurant,Unknown,26.3573865,43.9661676,King Abdullah City Stadium,1.0369714984039948,Very Close,122,2034-07-01 16:00:00,2034,7,1,16,5,True,82,Medium,67.21311475409836,False,False,False,4,67.21311475409836,Large
REST_000320,,fast_food,Unknown,24.7616639,46.6733369,Prince Faisal bin Fahd Stadium,3.9694256632844938,Close,38,2034-06-16 08:00:00,2034,6,16,8,4,True,38,High,100.0,False,False,False,3,100.0,Small
REST_001061,QEUZ,restaurant,Unknown,24.8049729,46.6607622,Prince Faisal bin Fahd Stadium,6.264526233635944,Moderate,130,2034-06-25 14:00:00,2034,6,25,14,6,False,88,Medium,67.6923076923077,True,False,True,2,67.6923076923077,Large
REST_000677,Malaga Specialty Coffee - مالقه قهوة مختصه,cafe,Unknown,21.699561,39.1051823,King Abdullah Sports City,7.804547005035386,Moderate,26,2034-07-05 19:00:00,2034,7,5,19,2,False,25,High,96.15384615384616,False,True,True,2,96.15384615384616,Small
REST_000682,ستاربكس,cafe,Unknown,21.5768392,39.1091898,King Abdullah Sports City,5.905807231835083,Moderate,24,2034-06-26 12:00:00,2034,6,26,12,0,False,11,Low,45.83333333333333,True,False,True,2,45.83333333333333,Small
REST_001497,فيشون,restaurant,Unknown,26.3961832,43.9496378,King Abdullah City Stadium,3.692774209613721,Close,157,2034-07-15 13:00:00,2034,7,15,13,5,True,102,Medium,64.96815286624204,True,False,True,3,64.96815286624204,Large
REST_001066,جاردن لاونج مطعم وكافيه,restaurant,Unknown,24.6823089,46.7778529,King Fahd International Stadium,9.252201535974685,Moderate,154,2034-06-23 08:00:00,2034,6,23,8,4,True,100,Medium,64.93506493506493,False,False,False,2,64.93506493506493,Large
REST_000756,Le Comptoir de Nicole,restaurant,Unknown,21.6534671,39.1025296,King Abdullah Sports City,2.8655347182268214,Close,79,2034-06-26 22:00:00,2034,6,26,22,0,False,70,High,88.60759493670885,False,True,True,3,88.60759493670885,Medium
REST_000304,اورفيلا,restaurant,Unknown,26.3999028,43.9170009,King Abdullah City Stadium,6.175754032491097,Moderate,119,2034-07-06 19:00:00,2034,7,6,19,3,False,70,Medium,58.82352941176471,False,True,True,2,58.82352941176471,Large
REST_000317,ميوزد بيت القهوة,cafe,Unknown,24.8035305,46.6743369,Prince Faisal bin Fahd Stadium,5.105766897844834,Moderate,97,2034-07-04 14:00:00,2034,7,4,14,1,False,77,Medium,79.38144329896907,True,False,True,2,79.38144329896907,Medium
REST_001332,Forchetta Italian Grill,restaurant,Unknown,24.724413,46.778962,Prince Faisal bin Fahd Stadium,8.659215681615436,Moderate,124,2034-06-13 12:00:00,2034,6,13,12,1,False,124,High,100.0,True,False,True,2,100.0,Large
REST_000769,مكشكش,restaurant,Unknown,24.8152251,46.6355218,Prince Faisal bin Fahd Stadium,9.01446420038041,Moderate,89,2034-06-29 21:00:00,2034,6,29,21,3,False,89,High,100.0,False,True,True,2,100.0,Medium
REST_000281,فطيرة الفلافل,restaurant,Unknown,26.3291475,43.9607734,King Abdullah City Stadium,4.2172002362013945,Close,64,2034-06-26 17:00:00,2034,6,26,17,0,False,63,High,98.4375,False,False,False,3,98.4375,Medium
REST_001460,مطاعم ومطابخ مضياف,restaurant,Unknown,26.404773,43.9141945,King Abdullah City Stadium,6.728810304967679,Moderate,114,2034-06-05 21:00:00,2034,6,5,21,0,False,91,Medium,79.82456140350878,False,True,True,2,79.82456140350878,Large
REST_000176,,restaurant,Unknown,26.4104127,50.0341182,Prince Mohammed bin Fahd Stadium,5.5643445776893,Moderate,98,2034-06-24 15:00:00,2034,6,24,15,5,True,87,High,88.77551020408163,False,False,False,2,88.77551020408163,Medium
REST_001374,باسكن روبنز,cafe,Unknown,24.6896202,46.7332326,King Fahd International Stadium,4.781266262286317,Close,64,2034-06-05 08:00:00,2034,6,5,8,0,False,64,High,100.0,False,False,False,3,100.0,Medium
REST_000405,Chkn,fast_food,Unknown,24.7052437,46.6856344,King Fahd International Stadium,2.3520335760972437,Close,70,2034-06-27 08:00:00,2034,6,27,8,1,False,46,Medium,65.71428571428571,False,False,False,3,65.71428571428571,Medium
REST_000844,دانكن دونتس,fast_food,Unknown,24.8346375,46.7354588,Prince Faisal bin Fahd Stadium,7.4000600489304045,Moderate,61,2034-06-21 16:00:00,2034,6,21,16,2,False,36,Medium,59.01639344262295,False,False,False,2,59.01639344262295,Medium
REST_000858,Repository Coffee Roasters,cafe,Unknown,24.8110205,46.670064,Prince Faisal bin Fahd Stadium,5.999919040630255,Moderate,94,2034-07-02 08:00:00,2034,7,2,8,6,False,84,High,89.36170212765957,False,False,False,2,89.36170212765957,Medium
REST_000705,,restaurant,Unknown,24.793833,46.6547551,Prince Faisal bin Fahd Stadium,6.179758496862934,Moderate,93,2034-07-03 09:00:00,2034,7,3,9,0,False,79,High,84.94623655913979,False,False,False,2,84.94623655913979,Medium
REST_000308,ليون كافيه,cafe,Unknown,26.3542632,43.9540151,King Abdullah City Stadium,1.873420729208515,Very Close,71,2034-06-13 21:00:00,2034,6,13,21,1,False,71,High,100.0,False,True,True,4,100.0,Medium
REST_000758,بارولي كافيه,cafe,Unknown,24.8173852,46.644058,Prince Faisal bin Fahd Stadium,8.440585172298908,Moderate,53,2034-06-11 20:00:00,2034,6,11,20,6,False,30,Medium,56.60377358490566,False,True,True,2,56.60377358490566,Medium
REST_000635,,cafe,Unknown,21.5723976,39.1433779,King Abdullah Sports City,7.09101064382348,Moderate,83,2034-06-09 21:00:00,2034,6,9,21,4,True,80,High,96.3855421686747,False,True,True,2,96.3855421686747,Medium
REST_000667,صب واي,fast_food,Unknown,26.357221,43.965995,King Abdullah City Stadium,1.0563545340912888,Very Close,62,2034-06-24 08:00:00,2034,6,24,8,5,True,62,High,100.0,False,False,False,4,100.0,Medium
REST_001224,ghaze alhesane,fast_food,Unknown,21.6526591,39.1258937,King Abdullah Sports City,2.8463529612627196,Close,60,2034-07-11 10:00:00,2034,7,11,10,1,False,26,Low,43.333333333333336,False,False,False,3,43.333333333333336,Medium
REST_000978,Piccolo Roasters,cafe,Unknown,24.7967938,46.6761147,Prince Faisal bin Fahd Stadium,4.479406277618962,Close,46,2034-06-12 14:00:00,2034,6,12,14,0,False,36,Medium,78.26086956521739,True,False,True,3,78.26086956521739,Small
REST_001382,خروف الشيف,restaurant,Unknown,21.7082213,39.1049698,King Abdullah Sports City,8.764490920506644,Moderate,150,2034-06-11 17:00:00,2034,6,11,17,6,False,120,High,80.0,False,False,False,2,80.0,Large
REST_000120,طيف ماضينا,restaurant,Unknown,26.40684,50.107802,Prince Mohammed bin Fahd Stadium,2.4405236711242657,Close,78,2034-06-30 15:00:00,2034,6,30,15,4,True,78,High,100.0,False,False,False,3,100.0,Medium
REST_000340,,restaurant,Unknown,24.7673823,46.6597538,Prince Faisal bin Fahd Stadium,5.198398854591871,Moderate,160,2034-06-09 08:00:00,2034,6,9,8,4,True,138,High,86.25,False,False,False,2,86.25,Large
REST_001040,كفتيريا صاري,restaurant,Unknown,21.5760017,39.1485623,King Abdullah Sports City,6.994665584351821,Moderate,60,2034-06-16 09:00:00,2034,6,16,9,4,True,43,Medium,71.66666666666667,False,False,False,2,71.66666666666667,Medium
REST_000938,Kudu,restaurant,Unknown,21.6664279,39.1098748,King Abdullah Sports City,4.090033900752487,Close,51,2034-06-07 22:00:00,2034,6,7,22,2,False,45,High,88.23529411764706,False,True,True,3,88.23529411764706,Medium
REST_000788,رونه للقهوة المختصة | الشاطئ,cafe,Unknown,21.6023188,39.1083762,King Abdullah Sports City,3.1013357493641704,Close,38,2034-06-17 09:00:00,2034,6,17,9,5,True,37,High,97.36842105263158,False,False,False,3,97.36842105263158,Small
REST_000302,مطعم رز بخاري,restaurant,Unknown,26.3978656,43.9393978,King Abdullah City Stadium,4.405228600598905,Close,191,2034-06-08 16:00:00,2034,6,8,16,3,False,105,Medium,54.973821989528794,False,False,False,3,54.973821989528794,Large
REST_000614,Al Nafoura Rest. & Sweets,restaurant,Unknown,24.6884918,46.7238554,King Fahd International Stadium,3.8256171655155704,Close,82,2034-07-12 21:00:00,2034,7,12,21,2,False,70,High,85.36585365853658,False,True,True,3,85.36585365853658,Medium
REST_001284,Mensa,restaurant,Unknown,24.8095361,46.7072218,Prince Faisal bin Fahd Stadium,4.202287209804109,Close,131,2034-07-11 08:00:00,2034,7,11,8,1,False,101,Medium,77.09923664122137,False,False,False,3,77.09923664122137,Large
REST_000683,بارنز,cafe,Unknown,21.6013229,39.1712084,King Abdullah Sports City,6.753920525841267,Moderate,39,2034-07-02 19:00:00,2034,7,2,19,6,False,39,High,100.0,False,True,True,2,100.0,Small
REST_000279,دجاج كنتاكي,fast_food,Unknown,26.3787797,43.9523162,King Abdullah City Stadium,1.9640570360088907,Very Close,37,2034-06-07 22:00:00,2034,6,7,22,2,False,37,High,100.0,False,True,True,4,100.0,Small
REST_001238,البيك,fast_food,Unknown,21.6058287,39.1070223,King Abdullah Sports City,2.7483116028926604,Close,51,2034-06-15 11:00:00,2034,6,15,11,3,False,40,Medium,78.43137254901961,False,False,False,3,78.43137254901961,Medium
REST_001104,كانتون,fast_food,Unknown,24.7432578,46.6792533,Prince Faisal bin Fahd Stadium,4.518777338009789,Close,63,2034-06-23 10:00:00,2034,6,23,10,4,True,35,Medium,55.55555555555556,False,False,False,3,55.55555555555556,Medium
REST_000282,كودو,restaurant,Unknown,26.3573865,43.9661676,King Abdullah City Stadium,1.0369714984039948,Very Close,122,2034-06-27 09:00:00,2034,6,27,9,1,False,100,High,81.9672131147541,False,False,False,4,81.9672131147541,Large
REST_000946,سالدوتش,fast_food,Unknown,24.666506,46.683194,King Fahd International Stadium,1.9813759557512207,Very Close,43,2034-06-09 18:00:00,2034,6,9,18,4,True,27,Medium,62.7906976744186,False,False,False,4,62.7906976744186,Small
REST_000859,واحة المرباع,restaurant,Unknown,26.3941797,43.9288784,King Abdullah City Stadium,4.85094280500056,Close,124,2034-06-10 11:00:00,2034,6,10,11,5,True,124,High,100.0,False,False,False,3,100.0,Large
REST_000840,ميلانا كافيه,cafe,Unknown,24.8336702,46.7334612,Prince Faisal bin Fahd Stadium,7.233041214872869,Moderate,64,2034-07-14 09:00:00,2034,7,14,9,4,True,34,Medium,53.125,False,False,False,2,53.125,Medium
REST_001565,,restaurant,Unknown,24.767318,46.6594862,Prince Faisal bin Fahd Stadium,5.225984830982848,Moderate,72,2034-07-15 16:00:00,2034,7,15,16,5,True,31,Low,43.05555555555556,False,False,False,2,43.05555555555556,Medium
REST_000477,Italian,restaurant,Unknown,24.7707353,46.6720081,Prince Faisal bin Fahd Stadium,3.938891701818023,Close,79,2034-07-09 11:00:00,2034,7,9,11,6,False,49,Medium,62.0253164556962,False,False,False,3,62.0253164556962,Medium
REST_000367,Burger King,fast_food,Unknown,21.6154588,39.1080491,King Abdullah Sports City,1.6912883854134428,Very Close,46,2034-06-16 10:00:00,2034,6,16,10,4,True,46,High,100.0,False,False,False,4,100.0,Small
REST_000749,عريشة أوراق العنب,restaurant,Unknown,24.8127717,46.6292445,Prince Faisal bin Fahd Stadium,9.421538539008969,Moderate,89,2034-06-21 17:00:00,2034,6,21,17,2,False,60,Medium,67.41573033707866,False,False,False,2,67.41573033707866,Medium
REST_000124,ماكدونالدز,restaurant,Unknown,26.4041626,50.0576601,Prince Mohammed bin Fahd Stadium,3.6053616022522577,Close,157,2034-07-02 15:00:00,2034,7,2,15,6,False,157,High,100.0,False,False,False,3,100.0,Large
REST_000344,,restaurant,Unknown,24.7799522,46.6939272,Prince Faisal bin Fahd Stadium,1.942345146229976,Very Close,57,2034-07-10 22:00:00,2034,7,10,22,0,False,40,Medium,70.17543859649122,False,True,True,4,70.17543859649122,Medium
REST_001227,Mood Master Specialty Coffee Roasters and Cafe,cafe,Unknown,24.8013936,46.7071438,Prince Faisal bin Fahd Stadium,3.3025624772767106,Close,75,2034-06-30 09:00:00,2034,6,30,9,4,True,53,Medium,70.66666666666667,False,False,False,3,70.66666666666667,Medium
REST_001471,كودو,fast_food,Unknown,26.3674717,43.9620048,King Abdullah City Stadium,0.4755740798475391,Very Close,79,2034-06-16 20:00:00,2034,6,16,20,4,True,79,High,100.0,False,True,True,4,100.0,Medium
REST_000752,اليجرو,cafe,Unknown,24.8105987,46.6473842,Prince Faisal bin Fahd Stadium,7.7302515093621835,Moderate,84,2034-07-14 09:00:00,2034,7,14,9,4,True,66,Medium,78.57142857142857,False,False,False,2,78.57142857142857,Medium
REST_000188,بيت الربيان,restaurant,Unknown,26.4592864,50.0869988,Prince Mohammed bin Fahd Stadium,4.294358112095671,Close,50,2034-06-15 20:00:00,2034,6,15,20,3,False,39,Medium,78.0,False,True,True,3,78.0,Medium
REST_000614,Al Nafoura Rest. & Sweets,restaurant,Unknown,24.6884918,46.7238554,King Fahd International Stadium,3.8256171655155704,Close,82,2034-07-05 11:00:00,2034,7,5,11,2,False,63,Medium,76.82926829268293,False,False,False,3,76.82926829268293,Medium
REST_001379,واحد فول,restaurant,Unknown,24.6609768,46.7013086,King Fahd International Stadium,2.985101121124223,Close,103,2034-06-14 21:00:00,2034,6,14,21,2,False,103,High,100.0,False,True,True,3,100.0,Large
REST_001291,,cafe,Unknown,24.7857326,46.6336383,Prince Faisal bin Fahd Stadium,7.9602568484893155,Moderate,57,2034-07-01 17:00:00,2034,7,1,17,5,True,51,High,89.47368421052632,False,False,False,2,89.47368421052632,Medium
REST_000349,Core Coffee & Roastery,cafe,Unknown,24.7662814,46.7150917,Prince Faisal bin Fahd Stadium,0.7489946960039923,Very Close,29,2034-07-15 21:00:00,2034,7,15,21,5,True,25,High,86.20689655172413,False,True,True,4,86.20689655172413,Small
REST_000652,Pizza Hut,restaurant,Unknown,24.6878167,46.6878047,King Fahd International Stadium,0.4403523689977305,Very Close,126,2034-06-19 21:00:00,2034,6,19,21,0,False,126,High,100.0,False,True,True,4,100.0,Large
REST_001565,,restaurant,Unknown,24.767318,46.6594862,Prince Faisal bin Fahd Stadium,5.225984830982848,Moderate,72,2034-06-10 16:00:00,2034,6,10,16,5,True,66,High,91.66666666666666,False,False,False,2,91.66666666666666,Medium
REST_000954,البيك,fast_food,Unknown,21.628698,39.1355166,King Abdullah Sports City,2.2790538446903583,Close,57,2034-07-07 22:00:00,2034,7,7,22,4,True,57,High,100.0,False,True,True,3,100.0,Medium
REST_000411,مطعم ابوعيسى للمشويات,restaurant,Unknown,26.4210904,50.068596,Prince Mohammed bin Fahd Stadium,2.012394027171295,Close,167,2034-06-20 18:00:00,2034,6,20,18,1,False,143,High,85.62874251497006,False,False,False,3,85.62874251497006,Large
REST_000345,بول,restaurant,Unknown,24.7808456,46.6974026,Prince Faisal bin Fahd Stadium,1.695282012478964,Very Close,98,2034-06-26 18:00:00,2034,6,26,18,0,False,96,High,97.95918367346938,False,False,False,4,97.95918367346938,Medium
REST_000141,مطعم اسماك السلطان,restaurant,Unknown,26.4363725,50.0942901,Prince Mohammed bin Fahd Stadium,1.8264340061687887,Very Close,84,2034-06-23 09:00:00,2034,6,23,9,4,True,84,High,100.0,False,False,False,4,100.0,Medium
REST_001448,رست كافيه,cafe,Unknown,26.3620002,43.9504049,King Abdullah City Stadium,1.7055086601993323,Very Close,53,2034-06-09 12:00:00,2034,6,9,12,4,True,53,High,100.0,True,False,True,4,100.0,Medium
REST_000332,Kudu,restaurant,Unknown,24.7993375,46.7402288,Prince Faisal bin Fahd Stadium,4.244374307500756,Close,95,2034-06-22 17:00:00,2034,6,22,17,3,False,44,Low,46.31578947368421,False,False,False,3,46.31578947368421,Medium
REST_001261,,fast_food,Unknown,24.7823987,46.6493481,Prince Faisal bin Fahd Stadium,6.332834573595611,Moderate,74,2034-06-04 17:00:00,2034,6,4,17,6,False,45,Medium,60.810810810810814,False,False,False,2,60.810810810810814,Medium
REST_000674,دومينوز بيتزا,fast_food,Unknown,26.3575068,43.9658404,King Abdullah City Stadium,1.025818514384294,Very Close,35,2034-06-28 11:00:00,2034,6,28,11,2,False,35,High,100.0,False,False,False,4,100.0,Small
REST_001129,كانتون,fast_food,Unknown,21.640553,39.1013235,King Abdullah Sports City,1.735992067913227,Very Close,60,2034-07-01 22:00:00,2034,7,1,22,5,True,60,High,100.0,False,True,True,4,100.0,Medium
REST_001433,شوكليت ايتالياني,restaurant,Unknown,24.6969313,46.6858361,King Fahd International Stadium,1.4275450174103979,Very Close,157,2034-06-26 11:00:00,2034,6,26,11,0,False,151,High,96.17834394904459,False,False,False,4,96.17834394904459,Large
REST_000395,Ulb,fast_food,Unknown,24.8445257,46.7571205,Prince Faisal bin Fahd Stadium,9.321237992116538,Moderate,66,2034-06-14 14:00:00,2034,6,14,14,2,False,28,Low,42.42424242424242,True,False,True,2,42.42424242424242,Medium
REST_000964,Coffe Day,cafe,Unknown,24.7341694,46.6973022,Prince Faisal bin Fahd Stadium,4.417579149713125,Close,77,2034-06-21 22:00:00,2034,6,21,22,2,False,77,High,100.0,False,True,True,3,100.0,Medium
REST_000840,ميلانا كافيه,cafe,Unknown,24.8336702,46.7334612,Prince Faisal bin Fahd Stadium,7.233041214872869,Moderate,64,2034-06-06 22:00:00,2034,6,6,22,1,False,36,Medium,56.25,False,True,True,2,56.25,Medium
REST_000349,Core Coffee & Roastery,cafe,Unknown,24.7662814,46.7150917,Prince Faisal bin Fahd Stadium,0.7489946960039923,Very Close,29,2034-06-02 19:00:00,2034,6,2,19,4,True,28,High,96.55172413793103,False,True,True,4,96.55172413793103,Small
REST_001288,مزاج العرب,cafe,Unknown,24.7930716,46.6490799,Prince Faisal bin Fahd Stadium,6.679711722770142,Moderate,88,2034-06-30 12:00:00,2034,6,30,12,4,True,52,Medium,59.09090909090909,True,False,True,2,59.09090909090909,Medium
REST_001421,Pizza Inn,fast_food,Unknown,24.7008989,46.676671,King Fahd International Stadium,2.1060806403644046,Close,61,2034-06-09 13:00:00,2034,6,9,13,4,True,43,Medium,70.49180327868852,True,False,True,3,70.49180327868852,Medium
REST_000738,,restaurant,Unknown,24.6833207,46.7184462,King Fahd International Stadium,3.249037641162283,Close,172,2034-07-02 14:00:00,2034,7,2,14,6,False,172,High,100.0,True,False,True,3,100.0,Large
REST_000457,دانكن دونتس,fast_food,Unknown,24.6807131,46.6945961,King Fahd International Stadium,0.9189211472499675,Very Close,52,2034-07-13 10:00:00,2034,7,13,10,3,False,52,High,100.0,False,False,False,4,100.0,Medium
REST_000765,كوفليت,restaurant,Unknown,24.8131505,46.6460734,Prince Faisal bin Fahd Stadium,7.999713221320555,Moderate,70,2034-06-11 16:00:00,2034,6,11,16,6,False,56,High,80.0,False,False,False,2,80.0,Medium
REST_000539,Pizza Hut,fast_food,Unknown,26.46027,50.092427,Prince Mohammed bin Fahd Stadium,4.4147772647908265,Close,58,2034-06-29 11:00:00,2034,6,29,11,3,False,27,Low,46.55172413793103,False,False,False,3,46.55172413793103,Medium
REST_001264,,cafe,Unknown,24.7856045,46.6457319,Prince Faisal bin Fahd Stadium,6.763220039975659,Moderate,27,2034-07-10 14:00:00,2034,7,10,14,0,False,22,High,81.48148148148148,True,False,True,2,81.48148148148148,Small
REST_001335,,restaurant,Unknown,24.7987557,46.6663059,Prince Faisal bin Fahd Stadium,5.410669423428039,Moderate,70,2034-06-27 17:00:00,2034,6,27,17,1,False,27,Low,38.57142857142858,False,False,False,2,38.57142857142858,Medium
REST_001114,كانتون,fast_food,Unknown,26.4621818,50.0643558,Prince Mohammed bin Fahd Stadium,5.215248827445351,Moderate,36,2034-06-17 17:00:00,2034,6,17,17,5,True,36,High,100.0,False,False,False,2,100.0,Small
REST_000562,هوت دوق اكسبرس,restaurant,Unknown,24.8004505,46.7396469,Prince Faisal bin Fahd Stadium,4.294402722510452,Close,110,2034-07-08 14:00:00,2034,7,8,14,5,True,110,High,100.0,True,False,True,3,100.0,Large
REST_000341,Shimmers,restaurant,Unknown,24.7670034,46.6593779,Prince Faisal bin Fahd Stadium,5.240392972922303,Moderate,64,2034-07-15 13:00:00,2034,7,15,13,5,True,64,High,100.0,True,False,True,2,100.0,Medium
REST_000704,,cafe,Unknown,24.7422447,46.6561242,Prince Faisal bin Fahd Stadium,6.44804943666966,Moderate,84,2034-06-16 14:00:00,2034,6,16,14,4,True,80,High,95.23809523809523,True,False,True,2,95.23809523809523,Medium
REST_000424,UMQ Coffee 2.2 قهوة عمق,cafe,Unknown,26.4586931,50.0852868,Prince Mohammed bin Fahd Stadium,4.239096066625124,Close,37,2034-06-01 09:00:00,2034,6,1,9,3,False,35,High,94.5945945945946,False,False,False,3,94.5945945945946,Small
REST_000340,,restaurant,Unknown,24.7673823,46.6597538,Prince Faisal bin Fahd Stadium,5.198398854591871,Moderate,160,2034-06-02 08:00:00,2034,6,2,8,4,True,120,Medium,75.0,False,False,False,2,75.0,Large
REST_000737,أقوس,restaurant,Unknown,24.7039122,46.7024194,King Fahd International Stadium,2.7395695219487366,Close,127,2034-06-16 17:00:00,2034,6,16,17,4,True,62,Low,48.818897637795274,False,False,False,3,48.818897637795274,Large
REST_000594,ستاربكس,cafe,Unknown,24.8178723,46.6870169,Prince Faisal bin Fahd Stadium,5.656185142465266,Moderate,59,2034-07-13 11:00:00,2034,7,13,11,3,False,39,Medium,66.10169491525424,False,False,False,2,66.10169491525424,Medium
REST_001220,المذاق المغربي,cafe,Unknown,21.5917093,39.1376792,King Abdullah Sports City,4.918076229707055,Close,74,2034-06-01 22:00:00,2034,6,1,22,3,False,66,High,89.1891891891892,False,True,True,3,89.1891891891892,Medium
REST_000535,,cafe,Unknown,26.4494409,50.0883834,Prince Mohammed bin Fahd Stadium,3.19611144997641,Close,34,2034-07-04 16:00:00,2034,7,4,16,1,False,24,Medium,70.58823529411765,False,False,False,3,70.58823529411765,Small
REST_000752,اليجرو,cafe,Unknown,24.8105987,46.6473842,Prince Faisal bin Fahd Stadium,7.7302515093621835,Moderate,84,2034-06-29 16:00:00,2034,6,29,16,3,False,54,Medium,64.28571428571429,False,False,False,2,64.28571428571429,Medium
REST_000344,,restaurant,Unknown,24.7799522,46.6939272,Prince Faisal bin Fahd Stadium,1.942345146229976,Very Close,57,2034-06-03 22:00:00,2034,6,3,22,5,True,57,High,100.0,False,True,True,4,100.0,Medium
REST_000299,EIGHTY + ثمانين,cafe,Unknown,26.4065469,43.9282725,King Abdullah City Stadium,5.855216754611595,Moderate,63,2034-06-01 08:00:00,2034,6,1,8,3,False,50,Medium,79.36507936507937,False,False,False,2,79.36507936507937,Medium
REST_000654,Lebanon Al Kabeer,restaurant,Unknown,24.7104422,46.6924391,King Fahd International Stadium,2.994057367977562,Close,188,2034-06-08 20:00:00,2034,6,8,20,3,False,135,Medium,71.80851063829788,False,True,True,3,71.80851063829788,Large
REST_000760,خبز ونواشف,restaurant,Unknown,24.8119102,46.6460917,Prince Faisal bin Fahd Stadium,7.919940631004301,Moderate,126,2034-07-04 19:00:00,2034,7,4,19,1,False,126,High,100.0,False,True,True,2,100.0,Large
REST_001419,,restaurant,Unknown,24.6976718,46.6875901,King Fahd International Stadium,1.514733255482438,Very Close,67,2034-07-09 16:00:00,2034,7,9,16,6,False,67,High,100.0,False,False,False,4,100.0,Medium
REST_000564,zonice | زونايس,restaurant,Unknown,26.3777652,43.9502001,King Abdullah City Stadium,2.053247099597085,Close,165,2034-06-06 09:00:00,2034,6,6,9,1,False,70,Low,42.42424242424242,False,False,False,3,42.42424242424242,Large
REST_000935,محمصة الدار,cafe,Unknown,24.6514046,46.7066725,King Fahd International Stadium,4.177932531041271,Close,71,2034-06-25 15:00:00,2034,6,25,15,6,False,32,Low,45.07042253521127,False,False,False,3,45.07042253521127,Medium
REST_000395,Ulb,fast_food,Unknown,24.8445257,46.7571205,Prince Faisal bin Fahd Stadium,9.321237992116538,Moderate,66,2034-06-09 20:00:00,2034,6,9,20,4,True,66,High,100.0,False,True,True,2,100.0,Medium
REST_001032,Kayzo,restaurant,Unknown,24.7039425,46.7064966,King Fahd International Stadium,3.0052158624346768,Close,143,2034-06-30 15:00:00,2034,6,30,15,4,True,82,Medium,57.34265734265735,False,False,False,3,57.34265734265735,Large
REST_000472,Kudu,fast_food,Unknown,24.5987299,46.6894311,King Fahd International Stadium,9.497995373537016,Moderate,31,2034-07-11 09:00:00,2034,7,11,9,1,False,26,High,83.87096774193549,False,False,False,2,83.87096774193549,Small
REST_001284,Mensa,restaurant,Unknown,24.8095361,46.7072218,Prince Faisal bin Fahd Stadium,4.202287209804109,Close,131,2034-06-19 10:00:00,2034,6,19,10,0,False,126,High,96.18320610687023,False,False,False,3,96.18320610687023,Large
REST_001378,Chinese restaurant,restaurant,Unknown,24.6941334,46.6852727,King Fahd International Stadium,1.120480418058852,Very Close,91,2034-06-30 20:00:00,2034,6,30,20,4,True,91,High,100.0,False,True,True,4,100.0,Medium
REST_000308,ليون كافيه,cafe,Unknown,26.3542632,43.9540151,King Abdullah City Stadium,1.873420729208515,Very Close,71,2034-06-11 19:00:00,2034,6,11,19,6,False,71,High,100.0,False,True,True,4,100.0,Medium
REST_000755,Mashi No Mashi,restaurant,Unknown,21.6531959,39.1005238,King Abdullah Sports City,2.9268734872086792,Close,99,2034-06-30 21:00:00,2034,6,30,21,4,True,99,High,100.0,False,True,True,3,100.0,Medium
REST_000919,,fast_food,Unknown,24.7616932,46.7985908,Prince Faisal bin Fahd Stadium,8.916330619529694,Moderate,69,2034-06-02 11:00:00,2034,6,2,11,4,True,60,High,86.95652173913044,False,False,False,2,86.95652173913044,Medium
REST_001030,Myazu,restaurant,Unknown,24.6999939,46.7048928,King Fahd International Stadium,2.5791048477032783,Close,143,2034-06-28 20:00:00,2034,6,28,20,2,False,143,High,100.0,False,True,True,3,100.0,Large
REST_000110,,cafe,Unknown,26.4360953,50.1000639,Prince Mohammed bin Fahd Stadium,2.0465826208359315,Close,55,2034-06-11 20:00:00,2034,6,11,20,6,False,55,High,100.0,False,True,True,3,100.0,Medium
REST_000606,شواية الحرازي,restaurant,Unknown,21.5918202,39.16888,King Abdullah Sports City,7.1142112353585825,Moderate,130,2034-07-07 08:00:00,2034,7,7,8,4,True,111,High,85.38461538461539,False,False,False,2,85.38461538461539,Large
REST_000698,بيت الدونات,fast_food,Unknown,21.5768762,39.1497784,King Abdullah Sports City,6.978438990022302,Moderate,36,2034-06-04 22:00:00,2034,6,4,22,6,False,16,Low,44.44444444444444,False,True,True,2,44.44444444444444,Small
REST_000922,Gold Sushi Club,restaurant,Unknown,24.7527335,46.6249425,Prince Faisal bin Fahd Stadium,8.946847548140124,Moderate,186,2034-06-29 15:00:00,2034,6,29,15,3,False,105,Medium,56.451612903225815,False,False,False,2,56.451612903225815,Large
REST_001365,La Plage Resturant,restaurant,Unknown,21.7104034,39.0858491,King Abdullah Sports City,9.407135130792394,Moderate,109,2034-06-12 09:00:00,2034,6,12,9,0,False,89,High,81.65137614678899,False,False,False,2,81.65137614678899,Large
REST_001376,بروستد كوفي,restaurant,Unknown,24.6401514,46.7083399,King Fahd International Stadium,5.370451118649105,Moderate,77,2034-07-05 08:00:00,2034,7,5,8,2,False,66,High,85.71428571428571,False,False,False,2,85.71428571428571,Medium
REST_000170,الصفصاف مطعم,restaurant,Unknown,26.439842,50.0823,Prince Mohammed bin Fahd Stadium,2.224719924262925,Close,134,2034-07-09 21:00:00,2034,7,9,21,6,False,134,High,100.0,False,True,True,3,100.0,Large
REST_000920,,restaurant,Unknown,24.7457208,46.6196273,King Fahd International Stadium,9.607457209008999,Moderate,154,2034-07-15 08:00:00,2034,7,15,8,5,True,127,High,82.46753246753246,False,False,False,2,82.46753246753246,Large
REST_001054,Butcher Shop & Grill,restaurant,Unknown,21.5598064,39.1530824,King Abdullah Sports City,8.793294534174183,Moderate,173,2034-06-14 14:00:00,2034,6,14,14,2,False,128,Medium,73.98843930635837,True,False,True,2,73.98843930635837,Large
REST_000279,دجاج كنتاكي,fast_food,Unknown,26.3787797,43.9523162,King Abdullah City Stadium,1.9640570360088907,Very Close,37,2034-06-26 22:00:00,2034,6,26,22,0,False,37,High,100.0,False,True,True,4,100.0,Small
REST_001249,Bukhara Alhara,fast_food,Unknown,24.7670622,46.707419,Prince Faisal bin Fahd Stadium,0.6481518912623792,Very Close,73,2034-07-11 08:00:00,2034,7,11,8,1,False,36,Low,49.31506849315068,False,False,False,4,49.31506849315068,Medium
REST_001418,Shikara Restaurant,restaurant,Unknown,24.7128171,46.6711407,King Fahd International Stadium,3.541438994349068,Close,119,2034-07-02 18:00:00,2034,7,2,18,6,False,65,Medium,54.621848739495796,False,False,False,3,54.621848739495796,Large
REST_000390,Coffee Club نادي القهوة,cafe,Unknown,24.7718406,46.7195512,Prince Faisal bin Fahd Stadium,0.8633812385191314,Very Close,21,2034-06-06 18:00:00,2034,6,6,18,1,False,10,Low,47.61904761904761,False,False,False,4,47.61904761904761,Small
REST_000677,Malaga Specialty Coffee - مالقه قهوة مختصه,cafe,Unknown,21.699561,39.1051823,King Abdullah Sports City,7.804547005035386,Moderate,26,2034-06-05 22:00:00,2034,6,5,22,0,False,26,High,100.0,False,True,True,2,100.0,Small
REST_000537,Chkn,fast_food,Unknown,24.7937913,46.6546921,Prince Faisal bin Fahd Stadium,6.183777034351501,Moderate,54,2034-07-14 08:00:00,2034,7,14,8,4,True,50,High,92.5925925925926,False,False,False,2,92.5925925925926,Medium
REST_000027,واينز,cafe,Unknown,24.847172,46.7334545,Prince Faisal bin Fahd Stadium,8.671282932966674,Moderate,31,2034-06-04 12:00:00,2034,6,4,12,6,False,21,Medium,67.74193548387096,True,False,True,2,67.74193548387096,Small
REST_001434,Hardee's,restaurant,Unknown,24.7042627,46.6651055,King Fahd International Stadium,3.1002027463570068,Close,144,2034-07-05 18:00:00,2034,7,5,18,2,False,119,High,82.63888888888889,False,False,False,3,82.63888888888889,Large
REST_000670,Starbucks,cafe,Unknown,21.7020283,39.1053149,King Abdullah Sports City,8.075838318376288,Moderate,99,2034-07-13 10:00:00,2034,7,13,10,3,False,43,Low,43.43434343434344,False,False,False,2,43.43434343434344,Medium
REST_000771,ميت لوفر,restaurant,Unknown,24.8173115,46.6440981,Prince Faisal bin Fahd Stadium,8.432436504913907,Moderate,97,2034-06-06 17:00:00,2034,6,6,17,1,False,68,Medium,70.10309278350515,False,False,False,2,70.10309278350515,Medium
REST_000772,مطعم القصر للمشويات العراقية,restaurant,Unknown,24.8171188,46.6442025,Prince Faisal bin Fahd Stadium,8.411176395526743,Moderate,144,2034-06-12 12:00:00,2034,6,12,12,0,False,144,High,100.0,True,False,True,2,100.0,Large
REST_001292,رغيف وجبنة,restaurant,Unknown,24.7952936,46.6350728,Prince Faisal bin Fahd Stadium,8.094481090029316,Moderate,110,2034-07-10 22:00:00,2034,7,10,22,0,False,110,High,100.0,False,True,True,2,100.0,Large
REST_000301,بيت البيتزا,restaurant,Unknown,26.3764941,43.9298523,King Abdullah City Stadium,3.8290226560374574,Close,130,2034-06-11 10:00:00,2034,6,11,10,6,False,76,Medium,58.46153846153847,False,False,False,3,58.46153846153847,Large
REST_001458,شاورمر,fast_food,Unknown,26.393925,43.9259582,King Abdullah City Stadium,5.063201120698004,Moderate,76,2034-06-11 13:00:00,2034,6,11,13,6,False,76,High,100.0,True,False,True,2,100.0,Medium
REST_000751,مطعم ذوق مغل,restaurant,Unknown,24.8185898,46.6431326,Prince Faisal bin Fahd Stadium,8.595759822282936,Moderate,78,2034-06-20 16:00:00,2034,6,20,16,1,False,54,Medium,69.23076923076923,False,False,False,2,69.23076923076923,Medium
REST_000760,خبز ونواشف,restaurant,Unknown,24.8119102,46.6460917,Prince Faisal bin Fahd Stadium,7.919940631004301,Moderate,126,2034-06-01 19:00:00,2034,6,1,19,3,False,126,High,100.0,False,True,True,2,100.0,Large
REST_001266,,cafe,Unknown,24.7938053,46.6451279,Prince Faisal bin Fahd Stadium,7.082110327484095,Moderate,91,2034-06-18 20:00:00,2034,6,18,20,6,False,91,High,100.0,False,True,True,2,100.0,Medium
REST_000687,ماكدونالدز,fast_food,Unknown,24.5957426,46.6811264,King Fahd International Stadium,9.838799464628133,Moderate,63,2034-07-05 10:00:00,2034,7,5,10,2,False,50,Medium,79.36507936507937,False,False,False,2,79.36507936507937,Medium
REST_001395,برغرايزر,fast_food,Unknown,24.8060276,46.6928535,Prince Faisal bin Fahd Stadium,4.2138337701856985,Close,45,2034-06-13 18:00:00,2034,6,13,18,1,False,44,High,97.77777777777777,False,False,False,3,97.77777777777777,Small
REST_001286,,cafe,Unknown,24.7680715,46.7152814,Prince Faisal bin Fahd Stadium,0.6067011476263072,Very Close,66,2034-06-09 14:00:00,2034,6,9,14,4,True,50,Medium,75.75757575757575,True,False,True,4,75.75757575757575,Medium
REST_000834,Blanca,restaurant,Unknown,24.8425484,46.7341221,Prince Faisal bin Fahd Stadium,8.195083748935728,Moderate,152,2034-06-10 20:00:00,2034,6,10,20,5,True,152,High,100.0,False,True,True,2,100.0,Large
REST_001105,كانتون,fast_food,Unknown,24.758633,46.7144332,Prince Faisal bin Fahd Stadium,1.5154029092945864,Very Close,42,2034-06-09 21:00:00,2034,6,9,21,4,True,42,High,100.0,False,True,True,4,100.0,Small
REST_000834,Blanca,restaurant,Unknown,24.8425484,46.7341221,Prince Faisal bin Fahd Stadium,8.195083748935728,Moderate,152,2034-06-19 22:00:00,2034,6,19,22,0,False,152,High,100.0,False,True,True,2,100.0,Large
REST_001266,,cafe,Unknown,24.7938053,46.6451279,Prince Faisal bin Fahd Stadium,7.082110327484095,Moderate,91,2034-07-11 17:00:00,2034,7,11,17,1,False,78,High,85.71428571428571,False,False,False,2,85.71428571428571,Medium
REST_000113,jofrys cafe,cafe,Unknown,26.4555158,50.1213443,Prince Mohammed bin Fahd Stadium,5.048444618094335,Moderate,94,2034-06-20 20:00:00,2034,6,20,20,1,False,84,High,89.36170212765957,False,True,True,2,89.36170212765957,Medium
REST_000965,Nano Kitchen,restaurant,Unknown,24.7340037,46.6974471,Prince Faisal bin Fahd Stadium,4.43054027730751,Close,112,2034-07-15 14:00:00,2034,7,15,14,5,True,112,High,100.0,True,False,True,3,100.0,Large
REST_000305,مطعم بيتزاكم,fast_food,Unknown,26.3935046,43.9282015,King Abdullah City Stadium,4.857083326267404,Close,52,2034-07-03 10:00:00,2034,7,3,10,0,False,46,High,88.46153846153845,False,False,False,3,88.46153846153845,Medium
REST_001331,,restaurant,Unknown,24.8072019,46.7805878,Prince Faisal bin Fahd Stadium,8.047144803866747,Moderate,87,2034-06-25 10:00:00,2034,6,25,10,6,False,73,High,83.9080459770115,False,False,False,2,83.9080459770115,Medium
REST_000537,Chkn,fast_food,Unknown,24.7937913,46.6546921,Prince Faisal bin Fahd Stadium,6.183777034351501,Moderate,54,2034-06-01 18:00:00,2034,6,1,18,3,False,39,Medium,72.22222222222221,False,False,False,2,72.22222222222221,Medium
REST_000502,سمكة حرة,restaurant,Unknown,21.5809069,39.1603235,King Abdullah Sports City,7.279425720687104,Moderate,72,2034-06-27 12:00:00,2034,6,27,12,1,False,72,High,100.0,True,False,True,2,100.0,Medium
REST_000497,بيت الدجاج,fast_food,Unknown,26.3618725,43.9583732,King Abdullah City Stadium,0.988116211265392,Very Close,58,2034-06-18 08:00:00,2034,6,18,8,6,False,58,High,100.0,False,False,False,4,100.0,Medium
REST_000403,Tiko,fast_food,Unknown,24.7439764,46.6214222,King Fahd International Stadium,9.342068256175649,Moderate,68,2034-06-06 16:00:00,2034,6,6,16,1,False,40,Medium,58.82352941176471,False,False,False,2,58.82352941176471,Medium
REST_000435,Vapiano,restaurant,Unknown,24.6988545,46.6907787,King Fahd International Stadium,1.7018773917272554,Very Close,60,2034-07-12 17:00:00,2034,7,12,17,2,False,33,Medium,55.00000000000001,False,False,False,4,55.00000000000001,Medium
REST_000117,,fast_food,Unknown,26.4141811,50.1200195,Prince Mohammed bin Fahd Stadium,3.1923339300378895,Close,68,2034-06-01 20:00:00,2034,6,1,20,3,False,68,High,100.0,False,True,True,3,100.0,Medium
REST_001087,كانتون,fast_food,Unknown,24.6914305,46.6698724,King Fahd International Stadium,1.8490613927145279,Very Close,77,2034-06-27 08:00:00,2034,6,27,8,1,False,55,Medium,71.42857142857143,False,False,False,4,71.42857142857143,Medium
REST_001066,جاردن لاونج مطعم وكافيه,restaurant,Unknown,24.6823089,46.7778529,King Fahd International Stadium,9.252201535974685,Moderate,154,2034-06-10 21:00:00,2034,6,10,21,5,True,154,High,100.0,False,True,True,2,100.0,Large
REST_000299,EIGHTY + ثمانين,cafe,Unknown,26.4065469,43.9282725,King Abdullah City Stadium,5.855216754611595,Moderate,63,2034-07-03 10:00:00,2034,7,3,10,0,False,31,Low,49.2063492063492,False,False,False,2,49.2063492063492,Medium
REST_000168,,restaurant,Unknown,26.4489936,50.1183693,Prince Mohammed bin Fahd Stadium,4.308842021998596,Close,159,2034-06-26 17:00:00,2034,6,26,17,0,False,117,Medium,73.58490566037736,False,False,False,3,73.58490566037736,Large
REST_001023,Agio,restaurant,Unknown,24.7521049,46.624429,Prince Faisal bin Fahd Stadium,9.014046215456707,Moderate,109,2034-06-16 13:00:00,2034,6,16,13,4,True,109,High,100.0,True,False,True,2,100.0,Large
REST_001245,مطعم فول وعدس,restaurant,Unknown,24.7090425,46.6795473,King Fahd International Stadium,2.8561454670752604,Close,97,2034-07-05 19:00:00,2034,7,5,19,2,False,97,High,100.0,False,True,True,3,100.0,Medium
REST_001514,مطعم الدرة,restaurant,Unknown,26.3167846,43.945172,King Abdullah City Stadium,5.950488993521958,Moderate,97,2034-07-13 21:00:00,2034,7,13,21,3,False,89,High,91.75257731958763,False,True,True,2,91.75257731958763,Medium
REST_000388,فروت ارت,fast_food,Unknown,24.7257628,46.6846076,King Fahd International Stadium,4.635845454921703,Close,34,2034-07-14 13:00:00,2034,7,14,13,4,True,34,High,100.0,True,False,True,3,100.0,Small
REST_001113,كانتون,fast_food,Unknown,24.601063,46.698922,King Fahd International Stadium,9.321001131896013,Moderate,44,2034-06-25 22:00:00,2034,6,25,22,6,False,24,Medium,54.54545454545454,False,True,True,2,54.54545454545454,Small
REST_000038,مطعم السانية,restaurant,Unknown,26.4204967,50.0263476,Prince Mohammed bin Fahd Stadium,6.2191023829578125,Moderate,79,2034-07-08 11:00:00,2034,7,8,11,5,True,38,Low,48.10126582278481,False,False,False,2,48.10126582278481,Medium
REST_000497,بيت الدجاج,fast_food,Unknown,26.3618725,43.9583732,King Abdullah City Stadium,0.988116211265392,Very Close,58,2034-06-20 13:00:00,2034,6,20,13,1,False,58,High,100.0,True,False,True,4,100.0,Medium
REST_001030,Myazu,restaurant,Unknown,24.6999939,46.7048928,King Fahd International Stadium,2.5791048477032783,Close,143,2034-06-19 14:00:00,2034,6,19,14,0,False,143,High,100.0,True,False,True,3,100.0,Large
REST_000640,Al Rabe'a,restaurant,Unknown,24.6975196,46.7805034,King Fahd International Stadium,9.63353899962464,Moderate,118,2034-06-09 15:00:00,2034,6,9,15,4,True,76,Medium,64.40677966101694,False,False,False,2,64.40677966101694,Large
REST_000341,Shimmers,restaurant,Unknown,24.7670034,46.6593779,Prince Faisal bin Fahd Stadium,5.240392972922303,Moderate,64,2034-07-08 20:00:00,2034,7,8,20,5,True,51,Medium,79.6875,False,True,True,2,79.6875,Medium
REST_000179,مطابخ الانصار,restaurant,Unknown,26.3941641,50.0277195,Prince Mohammed bin Fahd Stadium,6.760989474154515,Moderate,124,2034-07-13 18:00:00,2034,7,13,18,3,False,101,High,81.45161290322581,False,False,False,2,81.45161290322581,Large
REST_001374,باسكن روبنز,cafe,Unknown,24.6896202,46.7332326,King Fahd International Stadium,4.781266262286317,Close,64,2034-06-22 18:00:00,2034,6,22,18,3,False,40,Medium,62.5,False,False,False,3,62.5,Medium
REST_001069,مطعم بنات سارة‭,restaurant,Unknown,24.8203626,46.7891863,Prince Faisal bin Fahd Stadium,9.55661762602268,Moderate,149,2034-06-20 22:00:00,2034,6,20,22,1,False,144,High,96.64429530201343,False,True,True,2,96.64429530201343,Large
REST_000846,Ranosh,fast_food,Unknown,24.8336759,46.733879,Prince Faisal bin Fahd Stadium,7.246971349091567,Moderate,49,2034-06-07 20:00:00,2034,6,7,20,2,False,49,High,100.0,False,True,True,2,100.0,Small
REST_001458,شاورمر,fast_food,Unknown,26.393925,43.9259582,King Abdullah City Stadium,5.063201120698004,Moderate,76,2034-06-12 16:00:00,2034,6,12,16,0,False,36,Low,47.368421052631575,False,False,False,2,47.368421052631575,Medium
REST_001238,البيك,fast_food,Unknown,21.6058287,39.1070223,King Abdullah Sports City,2.7483116028926604,Close,51,2034-06-17 13:00:00,2034,6,17,13,5,True,51,High,100.0,True,False,True,3,100.0,Medium
REST_000320,,fast_food,Unknown,24.7616639,46.6733369,Prince Faisal bin Fahd Stadium,3.9694256632844938,Close,38,2034-06-12 16:00:00,2034,6,12,16,0,False,16,Low,42.10526315789473,False,False,False,3,42.10526315789473,Small
REST_001134,كانتون,fast_food,Unknown,24.7616196,46.6732453,Prince Faisal bin Fahd Stadium,3.97969955798032,Close,49,2034-06-14 21:00:00,2034,6,14,21,2,False,49,High,100.0,False,True,True,3,100.0,Small
REST_000750,شريمبلس,restaurant,Unknown,24.8182369,46.6422566,Prince Faisal bin Fahd Stadium,8.642958312867966,Moderate,110,2034-07-04 16:00:00,2034,7,4,16,1,False,48,Low,43.63636363636363,False,False,False,2,43.63636363636363,Large
REST_000573,LITE AND DELIGHT,cafe,Unknown,21.568907,39.165085,King Abdullah Sports City,8.619135423414782,Moderate,66,2034-07-10 08:00:00,2034,7,10,8,0,False,39,Medium,59.09090909090909,False,False,False,2,59.09090909090909,Medium
REST_001067,مطعم حنيذ حمود‭,restaurant,Unknown,24.8404046,46.7486088,Prince Faisal bin Fahd Stadium,8.510831431999422,Moderate,183,2034-06-12 09:00:00,2034,6,12,9,0,False,162,High,88.52459016393442,False,False,False,2,88.52459016393442,Large
REST_000050,كودو,fast_food,Unknown,24.7385468,46.7986442,Prince Faisal bin Fahd Stadium,9.595693914709917,Moderate,41,2034-06-22 09:00:00,2034,6,22,9,3,False,16,Low,39.02439024390244,False,False,False,2,39.02439024390244,Small
REST_000534,جزيرة المرجان,restaurant,Unknown,26.483249,50.104926,Prince Mohammed bin Fahd Stadium,7.1380090104048115,Moderate,123,2034-06-30 10:00:00,2034,6,30,10,4,True,54,Low,43.90243902439025,False,False,False,2,43.90243902439025,Large
REST_000738,,restaurant,Unknown,24.6833207,46.7184462,King Fahd International Stadium,3.249037641162283,Close,172,2034-07-05 14:00:00,2034,7,5,14,2,False,172,High,100.0,True,False,True,3,100.0,Large
REST_001028,Crazy Pizza,restaurant,Unknown,24.6752569,46.6249792,King Fahd International Stadium,6.273273163013817,Moderate,91,2034-06-24 14:00:00,2034,6,24,14,5,True,91,High,100.0,True,False,True,2,100.0,Medium
REST_001210,Shawarmer,fast_food,Unknown,24.5988355,46.6900916,King Fahd International Stadium,9.488721224834078,Moderate,76,2034-06-10 11:00:00,2034,6,10,11,5,True,45,Medium,59.210526315789465,False,False,False,2,59.210526315789465,Medium
REST_001339,سستوريا,restaurant,Unknown,24.8149496,46.6348677,Prince Faisal bin Fahd Stadium,9.054114943469786,Moderate,141,2034-06-26 14:00:00,2034,6,26,14,0,False,141,High,100.0,True,False,True,2,100.0,Large
REST_001220,المذاق المغربي,cafe,Unknown,21.5917093,39.1376792,King Abdullah Sports City,4.918076229707055,Close,74,2034-06-08 09:00:00,2034,6,8,9,3,False,31,Low,41.891891891891895,False,False,False,3,41.891891891891895,Medium
REST_001282,,restaurant,Unknown,24.7815563,46.6973544,Prince Faisal bin Fahd Stadium,1.7466583320160158,Very Close,109,2034-06-18 19:00:00,2034,6,18,19,6,False,98,High,89.90825688073394,False,True,True,4,89.90825688073394,Large
REST_001470,عالم البيتزا,restaurant,Unknown,26.3735217,43.9304679,King Abdullah City Stadium,3.6884409469073103,Close,149,2034-06-27 10:00:00,2034,6,27,10,1,False,114,Medium,76.51006711409396,False,False,False,3,76.51006711409396,Large
REST_000460,فلافل عمو باسل,restaurant,Unknown,26.3637343,50.0712777,Prince Mohammed bin Fahd Stadium,6.570345335794803,Moderate,73,2034-06-24 17:00:00,2034,6,24,17,5,True,73,High,100.0,False,False,False,2,100.0,Medium
REST_000913,Bateel El'an,restaurant,Unknown,24.8426989,46.7339669,Prince Faisal bin Fahd Stadium,8.206687960489587,Moderate,128,2034-06-08 14:00:00,2034,6,8,14,3,False,128,High,100.0,True,False,True,2,100.0,Large
REST_000641,Steak House,restaurant,Unknown,21.5749298,39.1273211,King Abdullah Sports City,6.26637393661906,Moderate,199,2034-07-07 11:00:00,2034,7,7,11,4,True,152,Medium,76.38190954773869,False,False,False,2,76.38190954773869,Large
REST_000145,مطعم كبساتي,restaurant,Unknown,26.3599523,50.0659502,Prince Mohammed bin Fahd Stadium,7.127971664043465,Moderate,172,2034-06-12 17:00:00,2034,6,12,17,0,False,92,Medium,53.48837209302325,False,False,False,2,53.48837209302325,Large
REST_000456,Hardee's,fast_food,Unknown,21.6094159,39.1336547,King Abdullah Sports City,3.0786744244796305,Close,46,2034-06-19 10:00:00,2034,6,19,10,0,False,33,Medium,71.73913043478261,False,False,False,3,71.73913043478261,Small
REST_001418,Shikara Restaurant,restaurant,Unknown,24.7128171,46.6711407,King Fahd International Stadium,3.541438994349068,Close,119,2034-06-30 08:00:00,2034,6,30,8,4,True,110,High,92.43697478991596,False,False,False,3,92.43697478991596,Large
REST_001205,مطعم فلفلة,restaurant,Unknown,26.3506278,50.0511467,Prince Mohammed bin Fahd Stadium,8.64741469840064,Moderate,55,2034-07-15 18:00:00,2034,7,15,18,5,True,25,Low,45.45454545454545,False,False,False,2,45.45454545454545,Medium
REST_001513,بيت البيتزا,restaurant,Unknown,26.3273711,43.9522093,King Abdullah City Stadium,4.605381954824378,Close,95,2034-07-14 11:00:00,2034,7,14,11,4,True,60,Medium,63.1578947368421,False,False,False,3,63.1578947368421,Medium
REST_001289,الوجه الذهبي,cafe,Unknown,24.7919336,46.6254011,Prince Faisal bin Fahd Stadium,8.924135294064044,Moderate,20,2034-06-13 12:00:00,2034,6,13,12,1,False,20,High,100.0,True,False,True,2,100.0,Small
REST_001040,كفتيريا صاري,restaurant,Unknown,21.5760017,39.1485623,King Abdullah Sports City,6.994665584351821,Moderate,60,2034-06-23 15:00:00,2034,6,23,15,4,True,55,High,91.66666666666666,False,False,False,2,91.66666666666666,Medium
REST_001467,رشوش,restaurant,Unknown,26.36949,43.9335526,King Abdullah City Stadium,3.3168870227743015,Close,171,2034-06-11 13:00:00,2034,6,11,13,6,False,143,High,83.62573099415205,True,False,True,3,83.62573099415205,Large
REST_001225,alforn,cafe,Unknown,21.6522453,39.1260439,King Abdullah Sports City,2.8124633312896465,Close,60,2034-06-19 15:00:00,2034,6,19,15,0,False,29,Low,48.333333333333336,False,False,False,3,48.333333333333336,Medium
REST_001413,The Pancake House,restaurant,Unknown,24.7079737,46.6751704,King Fahd International Stadium,2.8829289311906243,Close,100,2034-06-18 11:00:00,2034,6,18,11,6,False,100,High,100.0,False,False,False,3,100.0,Large
REST_000179,مطابخ الانصار,restaurant,Unknown,26.3941641,50.0277195,Prince Mohammed bin Fahd Stadium,6.760989474154515,Moderate,124,2034-06-29 10:00:00,2034,6,29,10,3,False,77,Medium,62.096774193548384,False,False,False,2,62.096774193548384,Large
REST_000347,,cafe,Unknown,24.7787495,46.7118329,Prince Faisal bin Fahd Stadium,0.7662576771674339,Very Close,30,2034-07-05 17:00:00,2034,7,5,17,2,False,30,High,100.0,False,False,False,4,100.0,Small
REST_000660,Roma Cafe,cafe,Unknown,24.7016088,46.6915377,King Fahd International Stadium,2.0175182881893976,Close,52,2034-06-02 16:00:00,2034,6,2,16,4,True,52,High,100.0,False,False,False,3,100.0,Medium
REST_000538,Chkn,fast_food,Unknown,24.7389047,46.7596526,Prince Faisal bin Fahd Stadium,6.131575014450844,Moderate,51,2034-06-29 18:00:00,2034,6,29,18,3,False,21,Low,41.17647058823529,False,False,False,2,41.17647058823529,Medium
REST_001245,مطعم فول وعدس,restaurant,Unknown,24.7090425,46.6795473,King Fahd International Stadium,2.8561454670752604,Close,97,2034-07-10 12:00:00,2034,7,10,12,0,False,97,High,100.0,True,False,True,3,100.0,Medium
REST_000048,Cinnabon,fast_food,Unknown,24.7375941,46.7978042,Prince Faisal bin Fahd Stadium,9.5593299885977,Moderate,58,2034-06-02 14:00:00,2034,6,2,14,4,True,40,Medium,68.96551724137932,True,False,True,2,68.96551724137932,Medium
REST_000919,,fast_food,Unknown,24.7616932,46.7985908,Prince Faisal bin Fahd Stadium,8.916330619529694,Moderate,69,2034-07-13 10:00:00,2034,7,13,10,3,False,60,High,86.95652173913044,False,False,False,2,86.95652173913044,Medium
REST_000705,,restaurant,Unknown,24.793833,46.6547551,Prince Faisal bin Fahd Stadium,6.179758496862934,Moderate,93,2034-06-30 21:00:00,2034,6,30,21,4,True,93,High,100.0,False,True,True,2,100.0,Medium
REST_000077,,restaurant,Unknown,24.8164903,46.7748421,Prince Faisal bin Fahd Stadium,8.131173254585994,Moderate,95,2034-06-02 13:00:00,2034,6,2,13,4,True,75,Medium,78.94736842105263,True,False,True,2,78.94736842105263,Medium
REST_001288,مزاج العرب,cafe,Unknown,24.7930716,46.6490799,Prince Faisal bin Fahd Stadium,6.679711722770142,Moderate,88,2034-07-11 16:00:00,2034,7,11,16,1,False,62,Medium,70.45454545454545,False,False,False,2,70.45454545454545,Medium
REST_000323,مطعم فينور,restaurant,Unknown,26.3963787,43.9190606,King Abdullah City Stadium,5.780250129844871,Moderate,99,2034-07-08 18:00:00,2034,7,8,18,5,True,90,High,90.9090909090909,False,False,False,2,90.9090909090909,Medium
REST_000769,مكشكش,restaurant,Unknown,24.8152251,46.6355218,Prince Faisal bin Fahd Stadium,9.01446420038041,Moderate,89,2034-06-26 20:00:00,2034,6,26,20,0,False,62,Medium,69.66292134831461,False,True,True,2,69.66292134831461,Medium
REST_000282,كودو,restaurant,Unknown,26.3573865,43.9661676,King Abdullah City Stadium,1.0369714984039948,Very Close,122,2034-06-11 18:00:00,2034,6,11,18,6,False,114,High,93.44262295081968,False,False,False,4,93.44262295081968,Large
REST_000410,الدكة,restaurant,Unknown,21.6094013,39.1310894,King Abdullah Sports City,2.9070502710616664,Close,137,2034-06-04 21:00:00,2034,6,4,21,6,False,137,High,100.0,False,True,True,3,100.0,Large
REST_001297,McDonald's,fast_food,Unknown,24.8026886,46.7949259,Prince Faisal bin Fahd Stadium,9.13792283907063,Moderate,56,2034-06-22 13:00:00,2034,6,22,13,3,False,43,Medium,76.78571428571429,True,False,True,2,76.78571428571429,Medium
REST_000655,Gulf Royal Chinese Restaurant,restaurant,Unknown,24.7028885,46.6811631,King Fahd International Stadium,2.1526778037766414,Close,102,2034-06-04 18:00:00,2034,6,4,18,6,False,78,Medium,76.47058823529412,False,False,False,3,76.47058823529412,Large
REST_001435,Krespe Kreme Doughnuts,cafe,Unknown,24.7048086,46.6649739,King Fahd International Stadium,3.1534451506418426,Close,39,2034-06-29 17:00:00,2034,6,29,17,3,False,15,Low,38.46153846153847,False,False,False,3,38.46153846153847,Small
REST_000913,Bateel El'an,restaurant,Unknown,24.8426989,46.7339669,Prince Faisal bin Fahd Stadium,8.206687960489587,Moderate,128,2034-07-04 13:00:00,2034,7,4,13,1,False,128,High,100.0,True,False,True,2,100.0,Large
REST_001217,Pizza Hut,fast_food,Unknown,21.5737554,39.1105204,King Abdullah Sports City,6.239484026388619,Moderate,70,2034-06-24 20:00:00,2034,6,24,20,5,True,44,Medium,62.857142857142854,False,True,True,2,62.857142857142854,Medium
REST_000686,هارديز,fast_food,Unknown,24.5960543,46.6815841,King Fahd International Stadium,9.801830764937293,Moderate,43,2034-06-08 19:00:00,2034,6,8,19,3,False,41,High,95.34883720930233,False,True,True,2,95.34883720930233,Small
REST_000519,ارببكا,cafe,Unknown,24.6372046,46.6931329,King Fahd International Stadium,5.260047735977853,Moderate,28,2034-07-15 14:00:00,2034,7,15,14,5,True,28,High,100.0,True,False,True,2,100.0,Small
REST_001047,مطاعم الباهر,restaurant,Unknown,21.5850807,39.1597016,King Abdullah Sports City,6.894931529153274,Moderate,75,2034-06-25 11:00:00,2034,6,25,11,6,False,48,Medium,64.0,False,False,False,2,64.0,Medium
REST_000122,دلع بطنك الدمام,restaurant,Unknown,26.4369935,50.084037,Prince Mohammed bin Fahd Stadium,1.8728016672082712,Very Close,121,2034-07-12 11:00:00,2034,7,12,11,2,False,121,High,100.0,False,False,False,4,100.0,Large
REST_001494,فلافل عرفة,restaurant,Unknown,26.3565213,43.9529245,King Abdullah City Stadium,1.7789626297867553,Very Close,161,2034-06-06 10:00:00,2034,6,6,10,1,False,160,High,99.37888198757764,False,False,False,4,99.37888198757764,Large
REST_000333,بيتزا هت,restaurant,Unknown,24.8004341,46.7399092,Prince Faisal bin Fahd Stadium,4.310936884667517,Close,139,2034-06-28 10:00:00,2034,6,28,10,2,False,62,Low,44.60431654676259,False,False,False,3,44.60431654676259,Large
REST_000078,,restaurant,Unknown,24.8172304,46.7756146,Prince Faisal bin Fahd Stadium,8.243163488733538,Moderate,154,2034-06-18 21:00:00,2034,6,18,21,6,False,126,High,81.81818181818183,False,True,True,2,81.81818181818183,Large
REST_001238,البيك,fast_food,Unknown,21.6058287,39.1070223,King Abdullah Sports City,2.7483116028926604,Close,51,2034-06-07 18:00:00,2034,6,7,18,2,False,51,High,100.0,False,False,False,3,100.0,Medium
REST_000504,مطبغ الضيافة,restaurant,Unknown,21.5813302,39.1601843,King Abdullah Sports City,7.234726941392608,Moderate,138,2034-06-26 22:00:00,2034,6,26,22,0,False,138,High,100.0,False,True,True,2,100.0,Large
REST_000949,سالدوتش,fast_food,Unknown,24.6914219,46.7007083,King Fahd International Stadium,1.667899849851937,Very Close,45,2034-06-15 16:00:00,2034,6,15,16,3,False,34,Medium,75.55555555555556,False,False,False,4,75.55555555555556,Small
REST_000939,,restaurant,Unknown,24.6495878,46.7065663,King Fahd International Stadium,4.349808103745881,Close,127,2034-06-26 18:00:00,2034,6,26,18,0,False,102,High,80.31496062992126,False,False,False,3,80.31496062992126,Large
REST_001304,دجاج كنتاكي,fast_food,Unknown,24.770343,46.7123114,Prince Faisal bin Fahd Stadium,0.2179563060506945,Very Close,77,2034-06-28 20:00:00,2034,6,28,20,2,False,77,High,100.0,False,True,True,4,100.0,Medium
REST_000805,19th Century Burger,fast_food,Unknown,21.6419465,39.1300137,King Abdullah Sports City,2.1766029928096278,Close,36,2034-07-14 08:00:00,2034,7,14,8,4,True,31,High,86.11111111111111,False,False,False,3,86.11111111111111,Small
REST_001054,Butcher Shop & Grill,restaurant,Unknown,21.5598064,39.1530824,King Abdullah Sports City,8.793294534174183,Moderate,173,2034-07-06 22:00:00,2034,7,6,22,3,False,97,Medium,56.06936416184971,False,True,True,2,56.06936416184971,Large
REST_001048,,restaurant,Unknown,24.7672552,46.6592807,Prince Faisal bin Fahd Stadium,5.247318715547358,Moderate,182,2034-07-15 10:00:00,2034,7,15,10,5,True,159,High,87.36263736263736,False,False,False,2,87.36263736263736,Large
REST_000002,مطعم النافورة,restaurant,Unknown,24.7990314,46.78546,Prince Faisal bin Fahd Stadium,8.099702923725907,Moderate,186,2034-07-03 19:00:00,2034,7,3,19,0,False,142,Medium,76.34408602150538,False,True,True,2,76.34408602150538,Large
REST_000117,,fast_food,Unknown,26.4141811,50.1200195,Prince Mohammed bin Fahd Stadium,3.1923339300378895,Close,68,2034-07-07 21:00:00,2034,7,7,21,4,True,57,High,83.82352941176471,False,True,True,3,83.82352941176471,Medium
REST_000760,خبز ونواشف,restaurant,Unknown,24.8119102,46.6460917,Prince Faisal bin Fahd Stadium,7.919940631004301,Moderate,126,2034-06-06 19:00:00,2034,6,6,19,1,False,116,High,92.06349206349206,False,True,True,2,92.06349206349206,Large
REST_000807,Al Fairwz,restaurant,Unknown,21.609459,39.1304878,King Abdullah Sports City,2.863492992019402,Close,141,2034-06-28 17:00:00,2034,6,28,17,2,False,113,High,80.1418439716312,False,False,False,3,80.1418439716312,Large
REST_000291,كوب القهوة,cafe,Unknown,26.3188473,44.0378809,King Abdullah City Stadium,8.867009934236398,Moderate,63,2034-06-16 12:00:00,2034,6,16,12,4,True,63,High,100.0,True,False,True,2,100.0,Medium
REST_001292,رغيف وجبنة,restaurant,Unknown,24.7952936,46.6350728,Prince Faisal bin Fahd Stadium,8.094481090029316,Moderate,110,2034-06-26 09:00:00,2034,6,26,9,0,False,85,Medium,77.27272727272727,False,False,False,2,77.27272727272727,Large
REST_001288,مزاج العرب,cafe,Unknown,24.7930716,46.6490799,Prince Faisal bin Fahd Stadium,6.679711722770142,Moderate,88,2034-06-25 13:00:00,2034,6,25,13,6,False,39,Low,44.31818181818182,True,False,True,2,44.31818181818182,Medium
REST_000345,بول,restaurant,Unknown,24.7808456,46.6974026,Prince Faisal bin Fahd Stadium,1.695282012478964,Very Close,98,2034-06-05 19:00:00,2034,6,5,19,0,False,98,High,100.0,False,True,True,4,100.0,Medium
REST_001143,الشام شامك,restaurant,Unknown,26.3960741,43.9496506,King Abdullah City Stadium,3.6814203848002136,Close,105,2034-07-12 19:00:00,2034,7,12,19,2,False,87,High,82.85714285714286,False,True,True,3,82.85714285714286,Large
REST_001087,كانتون,fast_food,Unknown,24.6914305,46.6698724,King Fahd International Stadium,1.8490613927145279,Very Close,77,2034-06-03 21:00:00,2034,6,3,21,5,True,77,High,100.0,False,True,True,4,100.0,Medium
REST_001498,فرحات,restaurant,Unknown,26.396264,43.9496302,King Abdullah City Stadium,3.7011003387809818,Close,149,2034-06-20 15:00:00,2034,6,20,15,1,False,59,Low,39.59731543624161,False,False,False,3,39.59731543624161,Large
REST_001088,كانتون,fast_food,Unknown,24.8250499,46.7505652,Prince Faisal bin Fahd Stadium,7.132901944566299,Moderate,66,2034-07-02 16:00:00,2034,7,2,16,6,False,47,Medium,71.21212121212122,False,False,False,2,71.21212121212122,Medium
REST_000647,,restaurant,Unknown,24.7072014,46.6901711,King Fahd International Stadium,2.598357578327232,Close,150,2034-07-04 15:00:00,2034,7,4,15,1,False,101,Medium,67.33333333333333,False,False,False,3,67.33333333333333,Large
REST_000805,19th Century Burger,fast_food,Unknown,21.6419465,39.1300137,King Abdullah Sports City,2.1766029928096278,Close,36,2034-07-06 11:00:00,2034,7,6,11,3,False,18,Medium,50.0,False,False,False,3,50.0,Small
REST_000647,,restaurant,Unknown,24.7072014,46.6901711,King Fahd International Stadium,2.598357578327232,Close,150,2034-06-20 13:00:00,2034,6,20,13,1,False,121,High,80.66666666666666,True,False,True,3,80.66666666666666,Large
REST_001224,ghaze alhesane,fast_food,Unknown,21.6526591,39.1258937,King Abdullah Sports City,2.8463529612627196,Close,60,2034-06-09 09:00:00,2034,6,9,9,4,True,56,High,93.33333333333333,False,False,False,3,93.33333333333333,Medium
REST_000939,,restaurant,Unknown,24.6495878,46.7065663,King Fahd International Stadium,4.349808103745881,Close,127,2034-06-18 19:00:00,2034,6,18,19,6,False,127,High,100.0,False,True,True,3,100.0,Large
REST_001084,كانتون,fast_food,Unknown,24.7679633,46.7154415,Prince Faisal bin Fahd Stadium,0.6266665682220814,Very Close,64,2034-07-04 17:00:00,2034,7,4,17,1,False,37,Medium,57.8125,False,False,False,4,57.8125,Medium
REST_000505,ساف,fast_food,Unknown,26.3310818,43.9592924,King Abdullah City Stadium,4.028755533640447,Close,47,2034-07-15 21:00:00,2034,7,15,21,5,True,47,High,100.0,False,True,True,3,100.0,Small
REST_000753,Emmy Squared Pizza,restaurant,Unknown,21.6520446,39.1003966,King Abdullah Sports City,2.819990562693474,Close,111,2034-07-09 22:00:00,2034,7,9,22,6,False,111,High,100.0,False,True,True,3,100.0,Large
REST_000378,marrsm,cafe,Unknown,21.6103849,39.125339,King Abdullah Sports City,2.4816162492231526,Close,36,2034-06-17 17:00:00,2034,6,17,17,5,True,32,High,88.88888888888889,False,False,False,3,88.88888888888889,Small
REST_001110,كانتون,fast_food,Unknown,24.808371,46.6698492,Prince Faisal bin Fahd Stadium,5.805407420939589,Moderate,64,2034-06-07 14:00:00,2034,6,7,14,2,False,37,Medium,57.8125,True,False,True,2,57.8125,Medium
REST_001104,كانتون,fast_food,Unknown,24.7432578,46.6792533,Prince Faisal bin Fahd Stadium,4.518777338009789,Close,63,2034-06-02 14:00:00,2034,6,2,14,4,True,63,High,100.0,True,False,True,3,100.0,Medium
REST_001563,Herfy,fast_food,Unknown,24.767528,46.6643418,Prince Faisal bin Fahd Stadium,4.735857869237161,Close,33,2034-06-19 21:00:00,2034,6,19,21,0,False,33,High,100.0,False,True,True,3,100.0,Small
REST_000694,دانكن دونتس,fast_food,Unknown,24.664282,46.6825235,King Fahd International Stadium,2.2364548860730262,Close,76,2034-07-09 19:00:00,2034,7,9,19,6,False,72,High,94.73684210526315,False,True,True,3,94.73684210526315,Medium
REST_001337,,restaurant,Unknown,24.7678767,46.7155281,Prince Faisal bin Fahd Stadium,0.6396503472173186,Very Close,152,2034-07-13 20:00:00,2034,7,13,20,3,False,152,High,100.0,False,True,True,4,100.0,Large
REST_001282,,restaurant,Unknown,24.7815563,46.6973544,Prince Faisal bin Fahd Stadium,1.7466583320160158,Very Close,109,2034-06-19 19:00:00,2034,6,19,19,0,False,109,High,100.0,False,True,True,4,100.0,Large
REST_000811,Al Nakheel,restaurant,Unknown,21.5643739,39.1116299,King Abdullah Sports City,7.277619197092621,Moderate,68,2034-06-14 19:00:00,2034,6,14,19,2,False,68,High,100.0,False,True,True,2,100.0,Medium
REST_000852,McDonald's,fast_food,Unknown,24.7616003,46.6734739,Prince Faisal bin Fahd Stadium,3.958217349628823,Close,57,2034-06-03 10:00:00,2034,6,3,10,5,True,51,High,89.47368421052632,False,False,False,3,89.47368421052632,Medium
REST_000682,ستاربكس,cafe,Unknown,21.5768392,39.1091898,King Abdullah Sports City,5.905807231835083,Moderate,24,2034-06-13 18:00:00,2034,6,13,18,1,False,19,Medium,79.16666666666666,False,False,False,2,79.16666666666666,Small
REST_000573,LITE AND DELIGHT,cafe,Unknown,21.568907,39.165085,King Abdullah Sports City,8.619135423414782,Moderate,66,2034-07-01 12:00:00,2034,7,1,12,5,True,66,High,100.0,True,False,True,2,100.0,Medium
REST_001135,كانتون,fast_food,Unknown,21.6321162,39.1554527,King Abdullah Sports City,4.344052787106037,Close,49,2034-06-03 17:00:00,2034,6,3,17,5,True,49,High,100.0,False,False,False,3,100.0,Small
REST_000645,,restaurant,Unknown,24.6552535,46.7440452,King Fahd International Stadium,6.6584500373935125,Moderate,164,2034-06-13 21:00:00,2034,6,13,21,1,False,164,High,100.0,False,True,True,2,100.0,Large
REST_001222,,cafe,Unknown,21.5978624,39.1398157,King Abdullah Sports City,4.473526925877618,Close,71,2034-06-02 09:00:00,2034,6,2,9,4,True,34,Low,47.88732394366197,False,False,False,3,47.88732394366197,Medium
REST_001148,بروست زهرتي,fast_food,Unknown,26.3571976,43.9530467,King Abdullah City Stadium,1.7224554020216554,Very Close,66,2034-06-02 15:00:00,2034,6,2,15,4,True,37,Medium,56.060606060606055,False,False,False,4,56.060606060606055,Medium
REST_001564,,restaurant,Unknown,24.7667736,46.6596068,Prince Faisal bin Fahd Stadium,5.220140939662833,Moderate,173,2034-07-05 15:00:00,2034,7,5,15,2,False,104,Medium,60.115606936416185,False,False,False,2,60.115606936416185,Large
REST_000702,Kaman Lounge,cafe,Unknown,24.8318742,46.7325524,Prince Faisal bin Fahd Stadium,7.014693590946382,Moderate,76,2034-07-10 17:00:00,2034,7,10,17,0,False,32,Low,42.10526315789473,False,False,False,2,42.10526315789473,Medium
REST_000818,Thai Thai,restaurant,Unknown,21.6097717,39.141739,King Abdullah Sports City,3.6716550461562534,Close,175,2034-06-27 11:00:00,2034,6,27,11,1,False,145,High,82.85714285714286,False,False,False,3,82.85714285714286,Large
REST_001277,,cafe,Unknown,24.8327713,46.7676109,Prince Faisal bin Fahd Stadium,8.858096344878021,Moderate,97,2034-06-19 18:00:00,2034,6,19,18,0,False,35,Low,36.08247422680412,False,False,False,2,36.08247422680412,Medium
REST_001061,QEUZ,restaurant,Unknown,24.8049729,46.6607622,Prince Faisal bin Fahd Stadium,6.264526233635944,Moderate,130,2034-07-03 14:00:00,2034,7,3,14,0,False,74,Medium,56.92307692307692,True,False,True,2,56.92307692307692,Large
REST_000674,دومينوز بيتزا,fast_food,Unknown,26.3575068,43.9658404,King Abdullah City Stadium,1.025818514384294,Very Close,35,2034-06-21 11:00:00,2034,6,21,11,2,False,35,High,100.0,False,False,False,4,100.0,Small
REST_000912,تيم هورتونز,cafe,Unknown,24.8387541,46.7325597,Prince Faisal bin Fahd Stadium,7.7458084164826735,Moderate,25,2034-06-21 13:00:00,2034,6,21,13,2,False,12,Low,48.0,True,False,True,2,48.0,Small
REST_000264,Vendor Coffee - مقهى فيندور,cafe,Unknown,24.7558162,46.7718623,Prince Faisal bin Fahd Stadium,6.4001987570527925,Moderate,58,2034-06-29 14:00:00,2034,6,29,14,3,False,33,Medium,56.896551724137936,True,False,True,2,56.896551724137936,Medium
REST_000803,Goodies,restaurant,Unknown,21.573008,39.1273857,King Abdullah Sports City,6.476101290694813,Moderate,152,2034-06-29 20:00:00,2034,6,29,20,3,False,92,Medium,60.526315789473685,False,True,True,2,60.526315789473685,Large
REST_001395,برغرايزر,fast_food,Unknown,24.8060276,46.6928535,Prince Faisal bin Fahd Stadium,4.2138337701856985,Close,45,2034-06-30 08:00:00,2034,6,30,8,4,True,45,High,100.0,False,False,False,3,100.0,Small
REST_001025,Signor Sassi,restaurant,Unknown,24.6996074,46.7047665,King Fahd International Stadium,2.5404642792417063,Close,190,2034-06-24 18:00:00,2034,6,24,18,5,True,96,Medium,50.526315789473685,False,False,False,3,50.526315789473685,Large
REST_000653,,restaurant,Unknown,24.6989019,46.6886304,King Fahd International Stadium,1.662649880674677,Very Close,122,2034-07-04 14:00:00,2034,7,4,14,1,False,90,Medium,73.77049180327869,True,False,True,4,73.77049180327869,Large
REST_000497,بيت الدجاج,fast_food,Unknown,26.3618725,43.9583732,King Abdullah City Stadium,0.988116211265392,Very Close,58,2034-06-02 14:00:00,2034,6,2,14,4,True,58,High,100.0,True,False,True,4,100.0,Medium
REST_000574,عمو نبيل للمأكولات البحرية,restaurant,Unknown,21.5867638,39.1575781,King Abdullah Sports City,6.607926746952486,Moderate,156,2034-06-09 16:00:00,2034,6,9,16,4,True,156,High,100.0,False,False,False,2,100.0,Large
REST_001224,ghaze alhesane,fast_food,Unknown,21.6526591,39.1258937,King Abdullah Sports City,2.8463529612627196,Close,60,2034-06-14 16:00:00,2034,6,14,16,2,False,60,High,100.0,False,False,False,3,100.0,Medium
REST_001192,Coya,restaurant,Unknown,24.7045628,46.7057789,King Fahd International Stadium,3.0082888484263424,Close,83,2034-07-10 18:00:00,2034,7,10,18,0,False,83,High,100.0,False,False,False,3,100.0,Medium
REST_000616,د.كيف,cafe,Unknown,24.847569,46.7336478,Prince Faisal bin Fahd Stadium,8.718994264118326,Moderate,80,2034-07-04 08:00:00,2034,7,4,8,1,False,64,High,80.0,False,False,False,2,80.0,Medium
REST_000754,Karamna,restaurant,Unknown,21.652994,39.1005612,King Abdullah Sports City,2.905156137804369,Close,183,2034-06-25 11:00:00,2034,6,25,11,6,False,71,Low,38.79781420765027,False,False,False,3,38.79781420765027,Large
REST_000914,One Million,restaurant,Unknown,24.8417852,46.7331393,Prince Faisal bin Fahd Stadium,8.085796849499769,Moderate,136,2034-06-10 09:00:00,2034,6,10,9,5,True,108,Medium,79.41176470588235,False,False,False,2,79.41176470588235,Large
REST_001458,شاورمر,fast_food,Unknown,26.393925,43.9259582,King Abdullah City Stadium,5.063201120698004,Moderate,76,2034-07-02 19:00:00,2034,7,2,19,6,False,54,Medium,71.05263157894737,False,True,True,2,71.05263157894737,Medium
REST_001077,Urth Caffe,cafe,Unknown,21.6483406,39.1121231,King Abdullah Sports City,2.066526819270073,Close,58,2034-07-14 08:00:00,2034,7,14,8,4,True,58,High,100.0,False,False,False,3,100.0,Medium
REST_000670,Starbucks,cafe,Unknown,21.7020283,39.1053149,King Abdullah Sports City,8.075838318376288,Moderate,99,2034-07-09 13:00:00,2034,7,9,13,6,False,47,Low,47.474747474747474,True,False,True,2,47.474747474747474,Medium
REST_000657,,restaurant,Unknown,24.6996722,46.6924899,King Fahd International Stadium,1.841013688108124,Very Close,80,2034-06-21 08:00:00,2034,6,21,8,2,False,80,High,100.0,False,False,False,4,100.0,Medium
REST_000921,كاريبو كافيه,cafe,Unknown,24.748431,46.7452618,Prince Faisal bin Fahd Stadium,4.333400688992022,Close,29,2034-06-07 15:00:00,2034,6,7,15,2,False,26,High,89.65517241379311,False,False,False,3,89.65517241379311,Small
REST_000533,,restaurant,Unknown,26.4436666,50.1130733,Prince Mohammed bin Fahd Stadium,3.5161346767299198,Close,99,2034-06-02 12:00:00,2034,6,2,12,4,True,80,High,80.8080808080808,True,False,True,3,80.8080808080808,Medium
REST_001459,مايسترو بيتزا,fast_food,Unknown,26.3940382,43.9258729,King Abdullah City Stadium,5.0775390276442876,Moderate,32,2034-06-06 09:00:00,2034,6,6,9,1,False,11,Low,34.375,False,False,False,2,34.375,Small
REST_001335,,restaurant,Unknown,24.7987557,46.6663059,Prince Faisal bin Fahd Stadium,5.410669423428039,Moderate,70,2034-06-12 22:00:00,2034,6,12,22,0,False,46,Medium,65.71428571428571,False,True,True,2,65.71428571428571,Medium
REST_001396,روزاليا برجر,fast_food,Unknown,24.8060683,46.6928391,Prince Faisal bin Fahd Stadium,4.218541253442646,Close,43,2034-06-07 10:00:00,2034,6,7,10,2,False,28,Medium,65.11627906976744,False,False,False,3,65.11627906976744,Small
REST_001019,كانتون,fast_food,Unknown,24.6711944,46.732203,King Fahd International Stadium,4.854953811318538,Close,60,2034-06-18 20:00:00,2034,6,18,20,6,False,37,Medium,61.66666666666667,False,True,True,3,61.66666666666667,Medium
REST_000670,Starbucks,cafe,Unknown,21.7020283,39.1053149,King Abdullah Sports City,8.075838318376288,Moderate,99,2034-06-03 20:00:00,2034,6,3,20,5,True,82,High,82.82828282828282,False,True,True,2,82.82828282828282,Medium
REST_000279,دجاج كنتاكي,fast_food,Unknown,26.3787797,43.9523162,King Abdullah City Stadium,1.9640570360088907,Very Close,37,2034-06-13 10:00:00,2034,6,13,10,1,False,30,High,81.08108108108108,False,False,False,4,81.08108108108108,Small
REST_000812,Al Wada'a,restaurant,Unknown,21.5881688,39.1057078,King Abdullah Sports City,4.698746029721953,Close,82,2034-07-01 17:00:00,2034,7,1,17,5,True,82,High,100.0,False,False,False,3,100.0,Medium
REST_001421,Pizza Inn,fast_food,Unknown,24.7008989,46.676671,King Fahd International Stadium,2.1060806403644046,Close,61,2034-06-15 14:00:00,2034,6,15,14,3,False,34,Medium,55.73770491803278,True,False,True,3,55.73770491803278,Medium
REST_000949,سالدوتش,fast_food,Unknown,24.6914219,46.7007083,King Fahd International Stadium,1.667899849851937,Very Close,45,2034-06-17 11:00:00,2034,6,17,11,5,True,45,High,100.0,False,False,False,4,100.0,Small
REST_000573,LITE AND DELIGHT,cafe,Unknown,21.568907,39.165085,King Abdullah Sports City,8.619135423414782,Moderate,66,2034-06-27 14:00:00,2034,6,27,14,1,False,54,High,81.81818181818183,True,False,True,2,81.81818181818183,Medium
REST_000431,,restaurant,Unknown,21.5934705,39.1460582,King Abdullah Sports City,5.258085772146678,Moderate,107,2034-06-08 08:00:00,2034,6,8,8,3,False,80,Medium,74.76635514018692,False,False,False,2,74.76635514018692,Large
REST_000538,Chkn,fast_food,Unknown,24.7389047,46.7596526,Prince Faisal bin Fahd Stadium,6.131575014450844,Moderate,51,2034-06-13 13:00:00,2034,6,13,13,1,False,51,High,100.0,True,False,True,2,100.0,Medium
REST_000115,مطعم راعيها للاسماك,restaurant,Unknown,26.4212605,50.1162703,Prince Mohammed bin Fahd Stadium,2.7362159034590707,Close,56,2034-06-07 13:00:00,2034,6,7,13,2,False,56,High,100.0,True,False,True,3,100.0,Medium
REST_001396,روزاليا برجر,fast_food,Unknown,24.8060683,46.6928391,Prince Faisal bin Fahd Stadium,4.218541253442646,Close,43,2034-06-28 22:00:00,2034,6,28,22,2,False,39,High,90.69767441860465,False,True,True,3,90.69767441860465,Small
REST_000300,قهوة باش المختصة,cafe,Unknown,26.4083543,43.9279608,King Abdullah City Stadium,6.028541712294963,Moderate,62,2034-06-04 22:00:00,2034,6,4,22,6,False,56,High,90.32258064516128,False,True,True,2,90.32258064516128,Medium
REST_001292,رغيف وجبنة,restaurant,Unknown,24.7952936,46.6350728,Prince Faisal bin Fahd Stadium,8.094481090029316,Moderate,110,2034-07-12 21:00:00,2034,7,12,21,2,False,67,Medium,60.909090909090914,False,True,True,2,60.909090909090914,Large
REST_000748,ذوق الحجازي,restaurant,Unknown,24.812489,46.6285748,Prince Faisal bin Fahd Stadium,9.46579312144128,Moderate,126,2034-06-09 09:00:00,2034,6,9,9,4,True,91,Medium,72.22222222222221,False,False,False,2,72.22222222222221,Large
REST_000967,شاورما جساس,fast_food,Unknown,21.6325188,39.1551692,King Abdullah Sports City,4.317698316997511,Close,31,2034-06-29 11:00:00,2034,6,29,11,3,False,28,High,90.32258064516128,False,False,False,3,90.32258064516128,Small
REST_000914,One Million,restaurant,Unknown,24.8417852,46.7331393,Prince Faisal bin Fahd Stadium,8.085796849499769,Moderate,136,2034-06-19 17:00:00,2034,6,19,17,0,False,69,Medium,50.73529411764706,False,False,False,2,50.73529411764706,Large
REST_000111,جوفريز,cafe,Unknown,26.4105221,50.1034215,Prince Mohammed bin Fahd Stadium,1.8441787312810132,Very Close,89,2034-06-11 15:00:00,2034,6,11,15,6,False,89,High,100.0,False,False,False,4,100.0,Medium
REST_000112,السيف لاونج,cafe,Unknown,26.4568159,50.1307542,Prince Mohammed bin Fahd Stadium,5.794504884134874,Moderate,72,2034-06-18 10:00:00,2034,6,18,10,6,False,43,Medium,59.72222222222222,False,False,False,2,59.72222222222222,Medium
REST_001216,Beefbar,restaurant,Unknown,24.7043323,46.7059386,King Fahd International Stadium,2.999598031405568,Close,120,2034-06-30 13:00:00,2034,6,30,13,4,True,120,High,100.0,True,False,True,3,100.0,Large
REST_000689,بروست تشيليز,fast_food,Unknown,21.5939486,39.1662543,King Abdullah Sports City,6.755310660145509,Moderate,70,2034-06-29 10:00:00,2034,6,29,10,3,False,32,Low,45.714285714285715,False,False,False,2,45.714285714285715,Medium
REST_001067,مطعم حنيذ حمود‭,restaurant,Unknown,24.8404046,46.7486088,Prince Faisal bin Fahd Stadium,8.510831431999422,Moderate,183,2034-06-01 22:00:00,2034,6,1,22,3,False,89,Low,48.63387978142077,False,True,True,2,48.63387978142077,Large
REST_001087,كانتون,fast_food,Unknown,24.6914305,46.6698724,King Fahd International Stadium,1.8490613927145279,Very Close,77,2034-07-08 16:00:00,2034,7,8,16,5,True,77,High,100.0,False,False,False,4,100.0,Medium
REST_001499,مندي صالح,restaurant,Unknown,26.324595,43.9612958,King Abdullah City Stadium,4.712729775299977,Close,93,2034-06-15 20:00:00,2034,6,15,20,3,False,93,High,100.0,False,True,True,3,100.0,Medium
REST_001110,كانتون,fast_food,Unknown,24.808371,46.6698492,Prince Faisal bin Fahd Stadium,5.805407420939589,Moderate,64,2034-06-29 18:00:00,2034,6,29,18,3,False,30,Low,46.875,False,False,False,2,46.875,Medium
REST_001202,Horizon Restaurant,restaurant,Unknown,26.4389531,50.1054376,Prince Mohammed bin Fahd Stadium,2.6199213311316063,Close,78,2034-06-08 16:00:00,2034,6,8,16,3,False,65,High,83.33333333333334,False,False,False,3,83.33333333333334,Medium
REST_000315,,restaurant,Unknown,24.8129579,46.6472593,Prince Faisal bin Fahd Stadium,7.889523934515827,Moderate,175,2034-06-25 15:00:00,2034,6,25,15,6,False,100,Medium,57.14285714285714,False,False,False,2,57.14285714285714,Large
REST_000542,,cafe,Unknown,26.4729058,50.0862236,Prince Mohammed bin Fahd Stadium,5.810684253519465,Moderate,92,2034-06-11 11:00:00,2034,6,11,11,6,False,41,Low,44.565217391304344,False,False,False,2,44.565217391304344,Medium
REST_001077,Urth Caffe,cafe,Unknown,21.6483406,39.1121231,King Abdullah Sports City,2.066526819270073,Close,58,2034-07-10 20:00:00,2034,7,10,20,0,False,58,High,100.0,False,True,True,3,100.0,Medium
REST_000949,سالدوتش,fast_food,Unknown,24.6914219,46.7007083,King Fahd International Stadium,1.667899849851937,Very Close,45,2034-07-02 22:00:00,2034,7,2,22,6,False,45,High,100.0,False,True,True,4,100.0,Small
REST_001047,مطاعم الباهر,restaurant,Unknown,21.5850807,39.1597016,King Abdullah Sports City,6.894931529153274,Moderate,75,2034-06-27 19:00:00,2034,6,27,19,1,False,38,Medium,50.66666666666667,False,True,True,2,50.66666666666667,Medium
REST_000775,أبو جبارة,restaurant,Unknown,24.7976486,46.6413662,Prince Faisal bin Fahd Stadium,7.590410045113112,Moderate,87,2034-07-12 16:00:00,2034,7,12,16,2,False,54,Medium,62.06896551724138,False,False,False,2,62.06896551724138,Medium
REST_001209,نان,restaurant,Unknown,21.5773289,39.1272551,King Abdullah Sports City,6.005319889508415,Moderate,155,2034-06-07 21:00:00,2034,6,7,21,2,False,153,High,98.70967741935483,False,True,True,2,98.70967741935483,Large
REST_000413,مطعم هرفي,fast_food,Unknown,26.4158129,43.9151372,King Abdullah City Stadium,7.4967909735605245,Moderate,77,2034-06-05 15:00:00,2034,6,5,15,0,False,62,High,80.51948051948052,False,False,False,2,80.51948051948052,Medium
REST_000404,Ulb,fast_food,Unknown,24.7444149,46.6206874,King Fahd International Stadium,9.428894084691638,Moderate,35,2034-06-23 22:00:00,2034,6,23,22,4,True,23,Medium,65.71428571428571,False,True,True,2,65.71428571428571,Small
REST_001216,Beefbar,restaurant,Unknown,24.7043323,46.7059386,King Fahd International Stadium,2.999598031405568,Close,120,2034-06-21 12:00:00,2034,6,21,12,2,False,120,High,100.0,True,False,True,3,100.0,Large
REST_000363,Reyash,restaurant,Unknown,24.7045029,46.7019314,King Fahd International Stadium,2.764200338826347,Close,178,2034-06-30 09:00:00,2034,6,30,9,4,True,99,Medium,55.61797752808989,False,False,False,3,55.61797752808989,Large
REST_000747,Obo Beach House,restaurant,Unknown,21.6516243,39.1026142,King Abdullah Sports City,2.67488942711563,Close,125,2034-06-07 09:00:00,2034,6,7,9,2,False,92,Medium,73.6,False,False,False,3,73.6,Large
REST_001413,The Pancake House,restaurant,Unknown,24.7079737,46.6751704,King Fahd International Stadium,2.8829289311906243,Close,100,2034-06-22 16:00:00,2034,6,22,16,3,False,100,High,100.0,False,False,False,3,100.0,Large
REST_000081,pure juice,restaurant,Unknown,26.3608854,50.0972872,Prince Mohammed bin Fahd Stadium,6.704590543009442,Moderate,185,2034-06-14 11:00:00,2034,6,14,11,2,False,140,Medium,75.67567567567568,False,False,False,2,75.67567567567568,Large
REST_000119,,fast_food,Unknown,26.4141354,50.1200705,Prince Mohammed bin Fahd Stadium,3.1984367415473387,Close,69,2034-06-15 21:00:00,2034,6,15,21,3,False,69,High,100.0,False,True,True,3,100.0,Medium
REST_000618,,cafe,Unknown,21.5985513,39.1237252,King Abdullah Sports City,3.631922233509138,Close,95,2034-06-23 18:00:00,2034,6,23,18,4,True,78,High,82.10526315789474,False,False,False,3,82.10526315789474,Medium
REST_001415,Kudu,fast_food,Unknown,24.6987643,46.6901893,King Fahd International Stadium,1.677270544022254,Very Close,59,2034-06-07 17:00:00,2034,6,7,17,2,False,55,High,93.22033898305084,False,False,False,4,93.22033898305084,Medium
REST_001216,Beefbar,restaurant,Unknown,24.7043323,46.7059386,King Fahd International Stadium,2.999598031405568,Close,120,2034-06-06 16:00:00,2034,6,6,16,1,False,105,High,87.5,False,False,False,3,87.5,Large
REST_001105,كانتون,fast_food,Unknown,24.758633,46.7144332,Prince Faisal bin Fahd Stadium,1.5154029092945864,Very Close,42,2034-06-06 18:00:00,2034,6,6,18,1,False,42,High,100.0,False,False,False,4,100.0,Small
REST_000764,شاورمر Shawarmer,restaurant,Unknown,24.81146,46.6261625,Prince Faisal bin Fahd Stadium,9.627759340618688,Moderate,151,2034-06-15 14:00:00,2034,6,15,14,3,False,151,High,100.0,True,False,True,2,100.0,Large
REST_001449,خدير,cafe,Unknown,26.3753102,43.982523,King Abdullah City Stadium,1.844314671918282,Very Close,71,2034-06-20 15:00:00,2034,6,20,15,1,False,67,High,94.36619718309859,False,False,False,4,94.36619718309859,Medium
REST_001395,برغرايزر,fast_food,Unknown,24.8060276,46.6928535,Prince Faisal bin Fahd Stadium,4.2138337701856985,Close,45,2034-07-04 17:00:00,2034,7,4,17,1,False,36,High,80.0,False,False,False,3,80.0,Small
REST_000357,Meaty  Buns,restaurant,Unknown,26.408365,43.9110596,King Abdullah City Stadium,7.22365829818569,Moderate,63,2034-06-04 11:00:00,2034,6,4,11,6,False,19,Low,30.158730158730158,False,False,False,2,30.158730158730158,Medium
REST_000125,الذهبي,restaurant,Unknown,26.3823139,50.0554028,Prince Mohammed bin Fahd Stadium,5.411358520220647,Moderate,187,2034-06-06 22:00:00,2034,6,6,22,1,False,142,Medium,75.93582887700535,False,True,True,2,75.93582887700535,Large
REST_001204,,cafe,Unknown,21.5816295,39.1300256,King Abdullah Sports City,5.622182125597887,Moderate,70,2034-06-11 09:00:00,2034,6,11,9,6,False,47,Medium,67.14285714285714,False,False,False,2,67.14285714285714,Medium
REST_000534,جزيرة المرجان,restaurant,Unknown,26.483249,50.104926,Prince Mohammed bin Fahd Stadium,7.1380090104048115,Moderate,123,2034-06-14 09:00:00,2034,6,14,9,2,False,46,Low,37.39837398373984,False,False,False,2,37.39837398373984,Large
REST_000698,بيت الدونات,fast_food,Unknown,21.5768762,39.1497784,King Abdullah Sports City,6.978438990022302,Moderate,36,2034-06-28 18:00:00,2034,6,28,18,2,False,13,Low,36.11111111111111,False,False,False,2,36.11111111111111,Small
REST_000861,,restaurant,Unknown,21.5756022,39.1273377,King Abdullah Sports City,6.193995052923065,Moderate,73,2034-06-28 21:00:00,2034,6,28,21,2,False,73,High,100.0,False,True,True,2,100.0,Medium
REST_001471,كودو,fast_food,Unknown,26.3674717,43.9620048,King Abdullah City Stadium,0.4755740798475391,Very Close,79,2034-07-03 19:00:00,2034,7,3,19,0,False,79,High,100.0,False,True,True,4,100.0,Medium
REST_000346,,cafe,Unknown,24.7776024,46.7075291,Prince Faisal bin Fahd Stadium,0.7244669765230232,Very Close,49,2034-07-11 16:00:00,2034,7,11,16,1,False,22,Low,44.89795918367347,False,False,False,4,44.89795918367347,Small
REST_000264,Vendor Coffee - مقهى فيندور,cafe,Unknown,24.7558162,46.7718623,Prince Faisal bin Fahd Stadium,6.4001987570527925,Moderate,58,2034-06-16 09:00:00,2034,6,16,9,4,True,36,Medium,62.06896551724138,False,False,False,2,62.06896551724138,Medium
REST_000369,بيت الدونات,cafe,Unknown,21.5845758,39.159072,King Abdullah Sports City,6.890871683076867,Moderate,51,2034-06-28 08:00:00,2034,6,28,8,2,False,38,Medium,74.50980392156863,False,False,False,2,74.50980392156863,Medium
REST_001288,مزاج العرب,cafe,Unknown,24.7930716,46.6490799,Prince Faisal bin Fahd Stadium,6.679711722770142,Moderate,88,2034-06-20 09:00:00,2034,6,20,9,1,False,49,Medium,55.68181818181818,False,False,False,2,55.68181818181818,Medium
REST_000333,بيتزا هت,restaurant,Unknown,24.8004341,46.7399092,Prince Faisal bin Fahd Stadium,4.310936884667517,Close,139,2034-06-04 14:00:00,2034,6,4,14,6,False,139,High,100.0,True,False,True,3,100.0,Large
REST_001467,رشوش,restaurant,Unknown,26.36949,43.9335526,King Abdullah City Stadium,3.3168870227743015,Close,171,2034-06-18 10:00:00,2034,6,18,10,6,False,127,Medium,74.26900584795322,False,False,False,3,74.26900584795322,Large
REST_000651,Domino's Pizza,fast_food,Unknown,24.7009672,46.6765959,King Fahd International Stadium,2.1163233808426667,Close,79,2034-06-10 11:00:00,2034,6,10,11,5,True,79,High,100.0,False,False,False,3,100.0,Medium
REST_000646,,fast_food,Unknown,24.6900265,46.6863838,King Fahd International Stadium,0.6590511171992249,Very Close,62,2034-06-09 22:00:00,2034,6,9,22,4,True,62,High,100.0,False,True,True,4,100.0,Medium
REST_001142,شاميات,restaurant,Unknown,26.3773972,43.9498477,King Abdullah City Stadium,2.0575373220078594,Close,76,2034-07-14 21:00:00,2034,7,14,21,4,True,76,High,100.0,False,True,True,3,100.0,Medium
REST_001005,,restaurant,Unknown,26.4450825,50.1182466,Prince Mohammed bin Fahd Stadium,3.9934081234264083,Close,194,2034-06-08 09:00:00,2034,6,8,9,3,False,171,High,88.14432989690721,False,False,False,3,88.14432989690721,Large
REST_001094,كانتون,fast_food,Unknown,26.400639,50.1173329,Prince Mohammed bin Fahd Stadium,3.6125453122142086,Close,68,2034-06-23 19:00:00,2034,6,23,19,4,True,68,High,100.0,False,True,True,3,100.0,Medium
REST_000844,دانكن دونتس,fast_food,Unknown,24.8346375,46.7354588,Prince Faisal bin Fahd Stadium,7.4000600489304045,Moderate,61,2034-07-10 19:00:00,2034,7,10,19,0,False,57,High,93.44262295081968,False,True,True,2,93.44262295081968,Medium
REST_000390,Coffee Club نادي القهوة,cafe,Unknown,24.7718406,46.7195512,Prince Faisal bin Fahd Stadium,0.8633812385191314,Very Close,21,2034-06-01 19:00:00,2034,6,1,19,3,False,21,High,100.0,False,True,True,4,100.0,Small
REST_001211,Chez Sushi,restaurant,Unknown,21.555092,39.1430375,King Abdullah Sports City,8.850721659189874,Moderate,76,2034-06-25 14:00:00,2034,6,25,14,6,False,56,Medium,73.68421052631578,True,False,True,2,73.68421052631578,Medium
REST_000615,دانكن دونتس,fast_food,Unknown,24.8469814,46.7334068,Prince Faisal bin Fahd Stadium,8.649568040622029,Moderate,69,2034-06-12 22:00:00,2034,6,12,22,0,False,65,High,94.20289855072464,False,True,True,2,94.20289855072464,Medium
REST_001205,مطعم فلفلة,restaurant,Unknown,26.3506278,50.0511467,Prince Mohammed bin Fahd Stadium,8.64741469840064,Moderate,55,2034-06-28 19:00:00,2034,6,28,19,2,False,33,Medium,60.0,False,True,True,2,60.0,Medium
REST_001422,,restaurant,Unknown,24.6983833,46.6873862,King Fahd International Stadium,1.5920170775778464,Very Close,84,2034-06-11 08:00:00,2034,6,11,8,6,False,84,High,100.0,False,False,False,4,100.0,Medium
REST_001513,بيت البيتزا,restaurant,Unknown,26.3273711,43.9522093,King Abdullah City Stadium,4.605381954824378,Close,95,2034-06-22 10:00:00,2034,6,22,10,3,False,70,Medium,73.68421052631578,False,False,False,3,73.68421052631578,Medium
REST_000336,شاورمر,fast_food,Unknown,24.8114498,46.6261347,Prince Faisal bin Fahd Stadium,9.629738008464582,Moderate,36,2034-07-08 16:00:00,2034,7,8,16,5,True,33,High,91.66666666666666,False,False,False,2,91.66666666666666,Small
REST_000114,بلاسا اكيل,fast_food,Unknown,26.4349258,50.1172852,Prince Mohammed bin Fahd Stadium,3.247673740338062,Close,69,2034-06-28 20:00:00,2034,6,28,20,2,False,69,High,100.0,False,True,True,3,100.0,Medium
REST_001030,Myazu,restaurant,Unknown,24.6999939,46.7048928,King Fahd International Stadium,2.5791048477032783,Close,143,2034-06-22 15:00:00,2034,6,22,15,3,False,105,Medium,73.42657342657343,False,False,False,3,73.42657342657343,Large
REST_000595,دانكن دونتس,fast_food,Unknown,24.8177774,46.6862018,Prince Faisal bin Fahd Stadium,5.682413507376354,Moderate,30,2034-07-07 08:00:00,2034,7,7,8,4,True,27,High,90.0,False,False,False,2,90.0,Small
REST_000642,,restaurant,Unknown,24.6950224,46.6821823,King Fahd International Stadium,1.2837885491746757,Very Close,85,2034-06-26 20:00:00,2034,6,26,20,0,False,85,High,100.0,False,True,True,4,100.0,Medium
REST_000702,Kaman Lounge,cafe,Unknown,24.8318742,46.7325524,Prince Faisal bin Fahd Stadium,7.014693590946382,Moderate,76,2034-06-04 22:00:00,2034,6,4,22,6,False,51,Medium,67.10526315789474,False,True,True,2,67.10526315789474,Medium
REST_001284,Mensa,restaurant,Unknown,24.8095361,46.7072218,Prince Faisal bin Fahd Stadium,4.202287209804109,Close,131,2034-06-10 20:00:00,2034,6,10,20,5,True,131,High,100.0,False,True,True,3,100.0,Large
REST_000657,,restaurant,Unknown,24.6996722,46.6924899,King Fahd International Stadium,1.841013688108124,Very Close,80,2034-07-08 13:00:00,2034,7,8,13,5,True,73,High,91.25,True,False,True,4,91.25,Medium
REST_000036,,restaurant,Unknown,24.6892064,46.6736943,King Fahd International Stadium,1.3944236747431706,Very Close,106,2034-07-04 14:00:00,2034,7,4,14,1,False,88,High,83.01886792452831,True,False,True,4,83.01886792452831,Large
REST_001061,QEUZ,restaurant,Unknown,24.8049729,46.6607622,Prince Faisal bin Fahd Stadium,6.264526233635944,Moderate,130,2034-06-05 18:00:00,2034,6,5,18,0,False,45,Low,34.61538461538461,False,False,False,2,34.61538461538461,Large
REST_001292,رغيف وجبنة,restaurant,Unknown,24.7952936,46.6350728,Prince Faisal bin Fahd Stadium,8.094481090029316,Moderate,110,2034-06-13 17:00:00,2034,6,13,17,1,False,89,High,80.9090909090909,False,False,False,2,80.9090909090909,Large
REST_000407,Chkn,fast_food,Unknown,24.8453094,46.7582844,Prince Faisal bin Fahd Stadium,9.455576825942822,Moderate,50,2034-06-25 18:00:00,2034,6,25,18,6,False,20,Low,40.0,False,False,False,2,40.0,Medium
REST_000645,,restaurant,Unknown,24.6552535,46.7440452,King Fahd International Stadium,6.6584500373935125,Moderate,164,2034-06-20 12:00:00,2034,6,20,12,1,False,159,High,96.95121951219512,True,False,True,2,96.95121951219512,Large
REST_000690,دانكن دونتس,fast_food,Unknown,21.5724549,39.1586974,King Abdullah Sports City,7.905330247035989,Moderate,53,2034-07-13 08:00:00,2034,7,13,8,3,False,35,Medium,66.0377358490566,False,False,False,2,66.0377358490566,Medium
REST_000644,Hardees,fast_food,Unknown,24.7117224,46.6970049,King Fahd International Stadium,3.256294190088511,Close,35,2034-06-10 15:00:00,2034,6,10,15,5,True,24,Medium,68.57142857142857,False,False,False,3,68.57142857142857,Small
REST_000395,Ulb,fast_food,Unknown,24.8445257,46.7571205,Prince Faisal bin Fahd Stadium,9.321237992116538,Moderate,66,2034-06-16 22:00:00,2034,6,16,22,4,True,66,High,100.0,False,True,True,2,100.0,Medium
REST_000317,ميوزد بيت القهوة,cafe,Unknown,24.8035305,46.6743369,Prince Faisal bin Fahd Stadium,5.105766897844834,Moderate,97,2034-06-24 17:00:00,2034,6,24,17,5,True,94,High,96.90721649484536,False,False,False,2,96.90721649484536,Medium
REST_001227,Mood Master Specialty Coffee Roasters and Cafe,cafe,Unknown,24.8013936,46.7071438,Prince Faisal bin Fahd Stadium,3.3025624772767106,Close,75,2034-06-10 11:00:00,2034,6,10,11,5,True,65,High,86.66666666666667,False,False,False,3,86.66666666666667,Medium
REST_001383,Mocaccino,cafe,Unknown,21.708482,39.1024248,King Abdullah Sports City,8.823577256598817,Moderate,37,2034-06-08 15:00:00,2034,6,8,15,3,False,32,High,86.48648648648648,False,False,False,2,86.48648648648648,Small
REST_001247,Nevermind,fast_food,Unknown,24.7049025,46.6846816,King Fahd International Stadium,2.3189036566434207,Close,72,2034-07-01 22:00:00,2034,7,1,22,5,True,72,High,100.0,False,True,True,3,100.0,Medium
REST_000750,شريمبلس,restaurant,Unknown,24.8182369,46.6422566,Prince Faisal bin Fahd Stadium,8.642958312867966,Moderate,110,2034-06-22 17:00:00,2034,6,22,17,3,False,38,Low,34.54545454545455,False,False,False,2,34.54545454545455,Large
REST_001286,,cafe,Unknown,24.7680715,46.7152814,Prince Faisal bin Fahd Stadium,0.6067011476263072,Very Close,66,2034-06-14 16:00:00,2034,6,14,16,2,False,66,High,100.0,False,False,False,4,100.0,Medium
REST_001129,كانتون,fast_food,Unknown,21.640553,39.1013235,King Abdullah Sports City,1.735992067913227,Very Close,60,2034-07-06 16:00:00,2034,7,6,16,3,False,46,Medium,76.66666666666667,False,False,False,4,76.66666666666667,Medium
REST_000594,ستاربكس,cafe,Unknown,24.8178723,46.6870169,Prince Faisal bin Fahd Stadium,5.656185142465266,Moderate,59,2034-06-08 17:00:00,2034,6,8,17,3,False,48,High,81.35593220338984,False,False,False,2,81.35593220338984,Medium
REST_000308,ليون كافيه,cafe,Unknown,26.3542632,43.9540151,King Abdullah City Stadium,1.873420729208515,Very Close,71,2034-06-06 09:00:00,2034,6,6,9,1,False,57,High,80.28169014084507,False,False,False,4,80.28169014084507,Medium
REST_000308,ليون كافيه,cafe,Unknown,26.3542632,43.9540151,King Abdullah City Stadium,1.873420729208515,Very Close,71,2034-06-02 22:00:00,2034,6,2,22,4,True,71,High,100.0,False,True,True,4,100.0,Medium
REST_001437,The Pizza Company,restaurant,Unknown,24.7026567,46.6799824,King Fahd International Stadium,2.159866708073871,Close,89,2034-06-12 11:00:00,2034,6,12,11,0,False,75,High,84.26966292134831,False,False,False,3,84.26966292134831,Medium
REST_001361,معصوب القادري,restaurant,Unknown,21.5731975,39.1584622,King Abdullah Sports City,7.824400379123443,Moderate,157,2034-06-24 20:00:00,2034,6,24,20,5,True,157,High,100.0,False,True,True,2,100.0,Large
REST_001415,Kudu,fast_food,Unknown,24.6987643,46.6901893,King Fahd International Stadium,1.677270544022254,Very Close,59,2034-06-02 22:00:00,2034,6,2,22,4,True,59,High,100.0,False,True,True,4,100.0,Medium
REST_000661,Dose Cafe,cafe,Unknown,24.8401038,46.7323744,Prince Faisal bin Fahd Stadium,7.884814874295175,Moderate,69,2034-07-11 19:00:00,2034,7,11,19,1,False,36,Medium,52.17391304347826,False,True,True,2,52.17391304347826,Medium
REST_000920,,restaurant,Unknown,24.7457208,46.6196273,King Fahd International Stadium,9.607457209008999,Moderate,154,2034-06-19 21:00:00,2034,6,19,21,0,False,154,High,100.0,False,True,True,2,100.0,Large
REST_001227,Mood Master Specialty Coffee Roasters and Cafe,cafe,Unknown,24.8013936,46.7071438,Prince Faisal bin Fahd Stadium,3.3025624772767106,Close,75,2034-06-02 15:00:00,2034,6,2,15,4,True,75,High,100.0,False,False,False,3,100.0,Medium
REST_000333,بيتزا هت,restaurant,Unknown,24.8004341,46.7399092,Prince Faisal bin Fahd Stadium,4.310936884667517,Close,139,2034-06-29 22:00:00,2034,6,29,22,3,False,95,Medium,68.34532374100719,False,True,True,3,68.34532374100719,Large
REST_000939,,restaurant,Unknown,24.6495878,46.7065663,King Fahd International Stadium,4.349808103745881,Close,127,2034-07-08 10:00:00,2034,7,8,10,5,True,115,High,90.5511811023622,False,False,False,3,90.5511811023622,Large
REST_000457,دانكن دونتس,fast_food,Unknown,24.6807131,46.6945961,King Fahd International Stadium,0.9189211472499675,Very Close,52,2034-06-27 14:00:00,2034,6,27,14,1,False,52,High,100.0,True,False,True,4,100.0,Medium
REST_000683,بارنز,cafe,Unknown,21.6013229,39.1712084,King Abdullah Sports City,6.753920525841267,Moderate,39,2034-07-09 13:00:00,2034,7,9,13,6,False,36,High,92.3076923076923,True,False,True,2,92.3076923076923,Small
REST_000336,شاورمر,fast_food,Unknown,24.8114498,46.6261347,Prince Faisal bin Fahd Stadium,9.629738008464582,Moderate,36,2034-06-01 19:00:00,2034,6,1,19,3,False,36,High,100.0,False,True,True,2,100.0,Small
REST_000456,Hardee's,fast_food,Unknown,21.6094159,39.1336547,King Abdullah Sports City,3.0786744244796305,Close,46,2034-06-25 16:00:00,2034,6,25,16,6,False,39,High,84.78260869565217,False,False,False,3,84.78260869565217,Small
REST_000662,,restaurant,Unknown,21.5938365,39.1310084,King Abdullah Sports City,4.389499925790339,Close,172,2034-07-06 21:00:00,2034,7,6,21,3,False,118,Medium,68.6046511627907,False,True,True,3,68.6046511627907,Large
REST_000539,Pizza Hut,fast_food,Unknown,26.46027,50.092427,Prince Mohammed bin Fahd Stadium,4.4147772647908265,Close,58,2034-07-08 15:00:00,2034,7,8,15,5,True,58,High,100.0,False,False,False,3,100.0,Medium
REST_001450,كافيه ناي نسائي,cafe,Unknown,26.3639518,43.9492486,King Abdullah City Stadium,1.7653075026122027,Very Close,88,2034-07-06 20:00:00,2034,7,6,20,3,False,86,High,97.72727272727273,False,True,True,4,97.72727272727273,Medium
REST_001384,مطعم السقالة,restaurant,Unknown,21.7179366,39.1039789,King Abdullah Sports City,9.84960291038882,Moderate,94,2034-07-02 16:00:00,2034,7,2,16,6,False,72,Medium,76.59574468085107,False,False,False,2,76.59574468085107,Medium
REST_000404,Ulb,fast_food,Unknown,24.7444149,46.6206874,King Fahd International Stadium,9.428894084691638,Moderate,35,2034-07-01 21:00:00,2034,7,1,21,5,True,35,High,100.0,False,True,True,2,100.0,Small
REST_000482,كيان,cafe,Unknown,21.5940752,39.1474478,King Abdullah Sports City,5.300598736968713,Moderate,48,2034-06-10 22:00:00,2034,6,10,22,5,True,44,High,91.66666666666666,False,True,True,2,91.66666666666666,Small
REST_000686,هارديز,fast_food,Unknown,24.5960543,46.6815841,King Fahd International Stadium,9.801830764937293,Moderate,43,2034-06-26 19:00:00,2034,6,26,19,0,False,24,Medium,55.81395348837209,False,True,True,2,55.81395348837209,Small
REST_000404,Ulb,fast_food,Unknown,24.7444149,46.6206874,King Fahd International Stadium,9.428894084691638,Moderate,35,2034-06-05 08:00:00,2034,6,5,8,0,False,21,Medium,60.0,False,False,False,2,60.0,Small
REST_001571,,restaurant,Unknown,24.7933327,46.655822,Prince Faisal bin Fahd Stadium,6.058854710120394,Moderate,55,2034-06-02 08:00:00,2034,6,2,8,4,True,37,Medium,67.27272727272727,False,False,False,2,67.27272727272727,Medium
REST_000753,Emmy Squared Pizza,restaurant,Unknown,21.6520446,39.1003966,King Abdullah Sports City,2.819990562693474,Close,111,2034-07-02 08:00:00,2034,7,2,8,6,False,49,Low,44.14414414414414,False,False,False,3,44.14414414414414,Large
REST_000477,Italian,restaurant,Unknown,24.7707353,46.6720081,Prince Faisal bin Fahd Stadium,3.938891701818023,Close,79,2034-07-03 08:00:00,2034,7,3,8,0,False,61,Medium,77.21518987341773,False,False,False,3,77.21518987341773,Medium
REST_000746,Marina Petit Cafe,restaurant,Unknown,21.6533769,39.1025319,King Abdullah Sports City,2.856232064999067,Close,105,2034-07-01 19:00:00,2034,7,1,19,5,True,105,High,100.0,False,True,True,3,100.0,Large
REST_001135,كانتون,fast_food,Unknown,21.6321162,39.1554527,King Abdullah Sports City,4.344052787106037,Close,49,2034-06-25 19:00:00,2034,6,25,19,6,False,35,Medium,71.42857142857143,False,True,True,3,71.42857142857143,Small
REST_001306,سالدوتش,fast_food,Unknown,24.8116846,46.6241848,Prince Faisal bin Fahd Stadium,9.816991936518281,Moderate,42,2034-06-30 22:00:00,2034,6,30,22,4,True,42,High,100.0,False,True,True,2,100.0,Small
REST_000332,Kudu,restaurant,Unknown,24.7993375,46.7402288,Prince Faisal bin Fahd Stadium,4.244374307500756,Close,95,2034-06-25 19:00:00,2034,6,25,19,6,False,95,High,100.0,False,True,True,3,100.0,Medium
REST_000676,مطعم هرفي,restaurant,Unknown,26.4194699,50.0201496,Prince Mohammed bin Fahd Stadium,6.837661872347182,Moderate,169,2034-07-13 15:00:00,2034,7,13,15,3,False,82,Low,48.5207100591716,False,False,False,2,48.5207100591716,Large
REST_000949,سالدوتش,fast_food,Unknown,24.6914219,46.7007083,King Fahd International Stadium,1.667899849851937,Very Close,45,2034-06-02 22:00:00,2034,6,2,22,4,True,45,High,100.0,False,True,True,4,100.0,Small
REST_000505,ساف,fast_food,Unknown,26.3310818,43.9592924,King Abdullah City Stadium,4.028755533640447,Close,47,2034-06-20 10:00:00,2034,6,20,10,1,False,40,High,85.1063829787234,False,False,False,3,85.1063829787234,Small
REST_000395,Ulb,fast_food,Unknown,24.8445257,46.7571205,Prince Faisal bin Fahd Stadium,9.321237992116538,Moderate,66,2034-06-11 22:00:00,2034,6,11,22,6,False,66,High,100.0,False,True,True,2,100.0,Medium
REST_000753,Emmy Squared Pizza,restaurant,Unknown,21.6520446,39.1003966,King Abdullah Sports City,2.819990562693474,Close,111,2034-07-01 10:00:00,2034,7,1,10,5,True,60,Medium,54.054054054054056,False,False,False,3,54.054054054054056,Large
REST_000188,بيت الربيان,restaurant,Unknown,26.4592864,50.0869988,Prince Mohammed bin Fahd Stadium,4.294358112095671,Close,50,2034-06-02 22:00:00,2034,6,2,22,4,True,50,High,100.0,False,True,True,3,100.0,Medium
REST_000347,,cafe,Unknown,24.7787495,46.7118329,Prince Faisal bin Fahd Stadium,0.7662576771674339,Very Close,30,2034-06-30 22:00:00,2034,6,30,22,4,True,30,High,100.0,False,True,True,4,100.0,Small
REST_000281,فطيرة الفلافل,restaurant,Unknown,26.3291475,43.9607734,King Abdullah City Stadium,4.2172002362013945,Close,64,2034-06-20 20:00:00,2034,6,20,20,1,False,49,Medium,76.5625,False,True,True,3,76.5625,Medium
REST_001078,Urth Caffe,cafe,Unknown,24.705692,46.7056408,King Fahd International Stadium,3.0955146999388123,Close,48,2034-06-08 15:00:00,2034,6,8,15,3,False,28,Medium,58.333333333333336,False,False,False,3,58.333333333333336,Small
REST_000655,Gulf Royal Chinese Restaurant,restaurant,Unknown,24.7028885,46.6811631,King Fahd International Stadium,2.1526778037766414,Close,102,2034-06-01 18:00:00,2034,6,1,18,3,False,102,High,100.0,False,False,False,3,100.0,Large
REST_000167,Kudu,restaurant,Unknown,26.4508454,50.118796,Prince Mohammed bin Fahd Stadium,4.489541804088695,Close,64,2034-06-03 12:00:00,2034,6,3,12,5,True,64,High,100.0,True,False,True,3,100.0,Medium
REST_001471,كودو,fast_food,Unknown,26.3674717,43.9620048,King Abdullah City Stadium,0.4755740798475391,Very Close,79,2034-07-06 15:00:00,2034,7,6,15,3,False,79,High,100.0,False,False,False,4,100.0,Medium
REST_000460,فلافل عمو باسل,restaurant,Unknown,26.3637343,50.0712777,Prince Mohammed bin Fahd Stadium,6.570345335794803,Moderate,73,2034-06-14 18:00:00,2034,6,14,18,2,False,39,Medium,53.42465753424658,False,False,False,2,53.42465753424658,Medium
REST_001413,The Pancake House,restaurant,Unknown,24.7079737,46.6751704,King Fahd International Stadium,2.8829289311906243,Close,100,2034-06-07 15:00:00,2034,6,7,15,2,False,72,Medium,72.0,False,False,False,3,72.0,Large
REST_001376,بروستد كوفي,restaurant,Unknown,24.6401514,46.7083399,King Fahd International Stadium,5.370451118649105,Moderate,77,2034-06-23 11:00:00,2034,6,23,11,4,True,44,Medium,57.14285714285714,False,False,False,2,57.14285714285714,Medium
REST_001438,Kudu,fast_food,Unknown,24.7008015,46.6767139,King Fahd International Stadium,2.094473404330583,Close,64,2034-06-18 13:00:00,2034,6,18,13,6,False,64,High,100.0,True,False,True,3,100.0,Medium
REST_000036,,restaurant,Unknown,24.6892064,46.6736943,King Fahd International Stadium,1.3944236747431706,Very Close,106,2034-06-18 13:00:00,2034,6,18,13,6,False,94,High,88.67924528301887,True,False,True,4,88.67924528301887,Large
REST_000435,Vapiano,restaurant,Unknown,24.6988545,46.6907787,King Fahd International Stadium,1.7018773917272554,Very Close,60,2034-06-02 18:00:00,2034,6,2,18,4,True,60,High,100.0,False,False,False,4,100.0,Medium
REST_001114,كانتون,fast_food,Unknown,26.4621818,50.0643558,Prince Mohammed bin Fahd Stadium,5.215248827445351,Moderate,36,2034-06-06 16:00:00,2034,6,6,16,1,False,12,Low,33.33333333333333,False,False,False,2,33.33333333333333,Small
REST_001085,كانتون,fast_food,Unknown,24.8114338,46.7694112,Prince Faisal bin Fahd Stadium,7.354754705283516,Moderate,36,2034-06-02 10:00:00,2034,6,2,10,4,True,21,Medium,58.333333333333336,False,False,False,2,58.333333333333336,Small
REST_001211,Chez Sushi,restaurant,Unknown,21.555092,39.1430375,King Abdullah Sports City,8.850721659189874,Moderate,76,2034-06-11 08:00:00,2034,6,11,8,6,False,37,Low,48.68421052631579,False,False,False,2,48.68421052631579,Medium
REST_001495,,restaurant,Unknown,26.3877205,43.9540534,King Abdullah City Stadium,2.6552758290148737,Close,168,2034-07-14 15:00:00,2034,7,14,15,4,True,107,Medium,63.69047619047619,False,False,False,3,63.69047619047619,Large
REST_000642,,restaurant,Unknown,24.6950224,46.6821823,King Fahd International Stadium,1.2837885491746757,Very Close,85,2034-06-25 21:00:00,2034,6,25,21,6,False,85,High,100.0,False,True,True,4,100.0,Medium
REST_000349,Core Coffee & Roastery,cafe,Unknown,24.7662814,46.7150917,Prince Faisal bin Fahd Stadium,0.7489946960039923,Very Close,29,2034-07-14 13:00:00,2034,7,14,13,4,True,29,High,100.0,True,False,True,4,100.0,Small
REST_001343,friday's,restaurant,Unknown,21.6315972,39.1333664,King Abdullah Sports City,2.0631811575655674,Close,160,2034-06-12 20:00:00,2034,6,12,20,0,False,151,High,94.375,False,True,True,3,94.375,Large
REST_001142,شاميات,restaurant,Unknown,26.3773972,43.9498477,King Abdullah City Stadium,2.0575373220078594,Close,76,2034-06-07 11:00:00,2034,6,7,11,2,False,52,Medium,68.42105263157895,False,False,False,3,68.42105263157895,Medium
REST_001143,الشام شامك,restaurant,Unknown,26.3960741,43.9496506,King Abdullah City Stadium,3.6814203848002136,Close,105,2034-06-20 13:00:00,2034,6,20,13,1,False,105,High,100.0,True,False,True,3,100.0,Large
REST_001042,مطعم شناشيل,restaurant,Unknown,21.5982477,39.1405734,King Abdullah Sports City,4.48801369964674,Close,137,2034-07-10 19:00:00,2034,7,10,19,0,False,116,High,84.67153284671532,False,True,True,3,84.67153284671532,Large
REST_000080,,restaurant,Unknown,24.8130073,46.7776531,Prince Faisal bin Fahd Stadium,8.134160472995248,Moderate,155,2034-06-08 15:00:00,2034,6,8,15,3,False,81,Medium,52.25806451612903,False,False,False,2,52.25806451612903,Large
REST_001141,فلافل عرفة,restaurant,Unknown,26.356933,43.9523422,King Abdullah City Stadium,1.7960470957293113,Very Close,143,2034-06-01 15:00:00,2034,6,1,15,3,False,91,Medium,63.63636363636363,False,False,False,4,63.63636363636363,Large
REST_000660,Roma Cafe,cafe,Unknown,24.7016088,46.6915377,King Fahd International Stadium,2.0175182881893976,Close,52,2034-06-25 13:00:00,2034,6,25,13,6,False,52,High,100.0,True,False,True,3,100.0,Medium
REST_001040,كفتيريا صاري,restaurant,Unknown,21.5760017,39.1485623,King Abdullah Sports City,6.994665584351821,Moderate,60,2034-06-06 17:00:00,2034,6,6,17,1,False,44,Medium,73.33333333333333,False,False,False,2,73.33333333333333,Medium
REST_000752,اليجرو,cafe,Unknown,24.8105987,46.6473842,Prince Faisal bin Fahd Stadium,7.7302515093621835,Moderate,84,2034-07-01 19:00:00,2034,7,1,19,5,True,57,Medium,67.85714285714286,False,True,True,2,67.85714285714286,Medium
REST_000125,الذهبي,restaurant,Unknown,26.3823139,50.0554028,Prince Mohammed bin Fahd Stadium,5.411358520220647,Moderate,187,2034-06-20 15:00:00,2034,6,20,15,1,False,153,High,81.81818181818183,False,False,False,2,81.81818181818183,Large
REST_000946,سالدوتش,fast_food,Unknown,24.666506,46.683194,King Fahd International Stadium,1.9813759557512207,Very Close,43,2034-06-05 12:00:00,2034,6,5,12,0,False,43,High,100.0,True,False,True,4,100.0,Small
REST_001111,كانتون,fast_food,Unknown,24.6863651,46.6475898,King Fahd International Stadium,3.919127586994456,Close,37,2034-06-10 18:00:00,2034,6,10,18,5,True,32,High,86.48648648648648,False,False,False,3,86.48648648648648,Small
REST_000763,دونربير,restaurant,Unknown,24.8183863,46.6426174,Prince Faisal bin Fahd Stadium,8.623688215721925,Moderate,62,2034-06-18 09:00:00,2034,6,18,9,6,False,24,Low,38.70967741935484,False,False,False,2,38.70967741935484,Medium
REST_000367,Burger King,fast_food,Unknown,21.6154588,39.1080491,King Abdullah Sports City,1.6912883854134428,Very Close,46,2034-07-12 16:00:00,2034,7,12,16,2,False,46,High,100.0,False,False,False,4,100.0,Small
REST_000349,Core Coffee & Roastery,cafe,Unknown,24.7662814,46.7150917,Prince Faisal bin Fahd Stadium,0.7489946960039923,Very Close,29,2034-06-05 14:00:00,2034,6,5,14,0,False,29,High,100.0,True,False,True,4,100.0,Small
REST_001423,Shiraz Restaurant (Iranian),restaurant,Unknown,24.7014755,46.6916745,King Fahd International Stadium,2.0069137128661634,Close,95,2034-06-07 17:00:00,2034,6,7,17,2,False,68,Medium,71.57894736842105,False,False,False,3,71.57894736842105,Medium
REST_001127,كانتون,fast_food,Unknown,21.5496814,39.1476104,King Abdullah Sports City,9.581478278878778,Moderate,64,2034-06-05 13:00:00,2034,6,5,13,0,False,53,High,82.8125,True,False,True,2,82.8125,Medium
REST_000477,Italian,restaurant,Unknown,24.7707353,46.6720081,Prince Faisal bin Fahd Stadium,3.938891701818023,Close,79,2034-06-18 13:00:00,2034,6,18,13,6,False,79,High,100.0,True,False,True,3,100.0,Medium
REST_001437,The Pizza Company,restaurant,Unknown,24.7026567,46.6799824,King Fahd International Stadium,2.159866708073871,Close,89,2034-06-30 17:00:00,2034,6,30,17,4,True,51,Medium,57.30337078651685,False,False,False,3,57.30337078651685,Medium
REST_000315,,restaurant,Unknown,24.8129579,46.6472593,Prince Faisal bin Fahd Stadium,7.889523934515827,Moderate,175,2034-07-05 18:00:00,2034,7,5,18,2,False,131,Medium,74.85714285714286,False,False,False,2,74.85714285714286,Large
REST_000168,,restaurant,Unknown,26.4489936,50.1183693,Prince Mohammed bin Fahd Stadium,4.308842021998596,Close,159,2034-07-03 17:00:00,2034,7,3,17,0,False,159,High,100.0,False,False,False,3,100.0,Large
REST_000920,,restaurant,Unknown,24.7457208,46.6196273,King Fahd International Stadium,9.607457209008999,Moderate,154,2034-07-10 19:00:00,2034,7,10,19,0,False,110,Medium,71.42857142857143,False,True,True,2,71.42857142857143,Large
REST_001192,Coya,restaurant,Unknown,24.7045628,46.7057789,King Fahd International Stadium,3.0082888484263424,Close,83,2034-06-08 12:00:00,2034,6,8,12,3,False,54,Medium,65.06024096385542,True,False,True,3,65.06024096385542,Medium
REST_001194,ODD cafe,cafe,Unknown,24.7735044,46.6889856,Prince Faisal bin Fahd Stadium,2.2297762450163434,Close,65,2034-06-29 09:00:00,2034,6,29,9,3,False,41,Medium,63.07692307692307,False,False,False,3,63.07692307692307,Medium
REST_000859,واحة المرباع,restaurant,Unknown,26.3941797,43.9288784,King Abdullah City Stadium,4.85094280500056,Close,124,2034-06-29 21:00:00,2034,6,29,21,3,False,114,High,91.93548387096774,False,True,True,3,91.93548387096774,Large
REST_001245,مطعم فول وعدس,restaurant,Unknown,24.7090425,46.6795473,King Fahd International Stadium,2.8561454670752604,Close,97,2034-06-11 12:00:00,2034,6,11,12,6,False,78,High,80.41237113402062,True,False,True,3,80.41237113402062,Medium
REST_000652,Pizza Hut,restaurant,Unknown,24.6878167,46.6878047,King Fahd International Stadium,0.4403523689977305,Very Close,126,2034-06-01 16:00:00,2034,6,1,16,3,False,61,Low,48.41269841269841,False,False,False,4,48.41269841269841,Large
REST_001129,كانتون,fast_food,Unknown,21.640553,39.1013235,King Abdullah Sports City,1.735992067913227,Very Close,60,2034-06-07 17:00:00,2034,6,7,17,2,False,57,High,95.0,False,False,False,4,95.0,Medium
REST_000655,Gulf Royal Chinese Restaurant,restaurant,Unknown,24.7028885,46.6811631,King Fahd International Stadium,2.1526778037766414,Close,102,2034-06-12 08:00:00,2034,6,12,8,0,False,40,Low,39.21568627450981,False,False,False,3,39.21568627450981,Large
REST_000535,,cafe,Unknown,26.4494409,50.0883834,Prince Mohammed bin Fahd Stadium,3.19611144997641,Close,34,2034-06-11 13:00:00,2034,6,11,13,6,False,34,High,100.0,True,False,True,3,100.0,Small
REST_001417,,restaurant,Unknown,24.697574,46.687515,King Fahd International Stadium,1.503260463121365,Very Close,59,2034-06-27 15:00:00,2034,6,27,15,1,False,27,Low,45.76271186440678,False,False,False,4,45.76271186440678,Medium
REST_001571,,restaurant,Unknown,24.7933327,46.655822,Prince Faisal bin Fahd Stadium,6.058854710120394,Moderate,55,2034-07-10 15:00:00,2034,7,10,15,0,False,49,High,89.0909090909091,False,False,False,2,89.0909090909091,Medium
REST_000315,,restaurant,Unknown,24.8129579,46.6472593,Prince Faisal bin Fahd Stadium,7.889523934515827,Moderate,175,2034-06-02 09:00:00,2034,6,2,9,4,True,156,High,89.14285714285714,False,False,False,2,89.14285714285714,Large
REST_001127,كانتون,fast_food,Unknown,21.5496814,39.1476104,King Abdullah Sports City,9.581478278878778,Moderate,64,2034-06-07 08:00:00,2034,6,7,8,2,False,24,Low,37.5,False,False,False,2,37.5,Medium
REST_000341,Shimmers,restaurant,Unknown,24.7670034,46.6593779,Prince Faisal bin Fahd Stadium,5.240392972922303,Moderate,64,2034-06-25 15:00:00,2034,6,25,15,6,False,36,Medium,56.25,False,False,False,2,56.25,Medium
REST_000505,ساف,fast_food,Unknown,26.3310818,43.9592924,King Abdullah City Stadium,4.028755533640447,Close,47,2034-06-14 21:00:00,2034,6,14,21,2,False,47,High,100.0,False,True,True,3,100.0,Small
REST_001374,باسكن روبنز,cafe,Unknown,24.6896202,46.7332326,King Fahd International Stadium,4.781266262286317,Close,64,2034-07-11 20:00:00,2034,7,11,20,1,False,64,High,100.0,False,True,True,3,100.0,Medium
REST_001459,مايسترو بيتزا,fast_food,Unknown,26.3940382,43.9258729,King Abdullah City Stadium,5.0775390276442876,Moderate,32,2034-07-08 15:00:00,2034,7,8,15,5,True,25,Medium,78.125,False,False,False,2,78.125,Small
REST_000766,هاك شاورما,restaurant,Unknown,24.7953516,46.6352325,Prince Faisal bin Fahd Stadium,8.081292725182989,Moderate,156,2034-07-04 20:00:00,2034,7,4,20,1,False,121,Medium,77.56410256410257,False,True,True,2,77.56410256410257,Large
REST_000123,KFC,fast_food,Unknown,26.3999225,50.0415142,Prince Mohammed bin Fahd Stadium,5.245387849801892,Moderate,76,2034-06-09 10:00:00,2034,6,9,10,4,True,46,Medium,60.526315789473685,False,False,False,2,60.526315789473685,Medium
REST_001459,مايسترو بيتزا,fast_food,Unknown,26.3940382,43.9258729,King Abdullah City Stadium,5.0775390276442876,Moderate,32,2034-06-27 09:00:00,2034,6,27,9,1,False,26,High,81.25,False,False,False,2,81.25,Small
REST_000307,مطعم بيت السندباد,restaurant,Unknown,26.3570557,43.9522896,King Abdullah City Stadium,1.792025346765346,Very Close,50,2034-06-28 12:00:00,2034,6,28,12,2,False,50,High,100.0,True,False,True,4,100.0,Medium
REST_000317,ميوزد بيت القهوة,cafe,Unknown,24.8035305,46.6743369,Prince Faisal bin Fahd Stadium,5.105766897844834,Moderate,97,2034-07-03 21:00:00,2034,7,3,21,0,False,62,Medium,63.91752577319587,False,True,True,2,63.91752577319587,Medium
REST_000824,مقهى بلانو كافيه,cafe,Unknown,24.7379427,46.6889009,Prince Faisal bin Fahd Stadium,4.385983710593129,Close,85,2034-07-01 19:00:00,2034,7,1,19,5,True,85,High,100.0,False,True,True,3,100.0,Medium
REST_000027,واينز,cafe,Unknown,24.847172,46.7334545,Prince Faisal bin Fahd Stadium,8.671282932966674,Moderate,31,2034-06-19 09:00:00,2034,6,19,9,0,False,17,Medium,54.83870967741935,False,False,False,2,54.83870967741935,Small
REST_000738,,restaurant,Unknown,24.6833207,46.7184462,King Fahd International Stadium,3.249037641162283,Close,172,2034-07-03 19:00:00,2034,7,3,19,0,False,172,High,100.0,False,True,True,3,100.0,Large
REST_000615,دانكن دونتس,fast_food,Unknown,24.8469814,46.7334068,Prince Faisal bin Fahd Stadium,8.649568040622029,Moderate,69,2034-07-14 09:00:00,2034,7,14,9,4,True,63,High,91.30434782608695,False,False,False,2,91.30434782608695,Medium
REST_001563,Herfy,fast_food,Unknown,24.767528,46.6643418,Prince Faisal bin Fahd Stadium,4.735857869237161,Close,33,2034-06-03 20:00:00,2034,6,3,20,5,True,33,High,100.0,False,True,True,3,100.0,Small
REST_000363,Reyash,restaurant,Unknown,24.7045029,46.7019314,King Fahd International Stadium,2.764200338826347,Close,178,2034-07-10 16:00:00,2034,7,10,16,0,False,114,Medium,64.04494382022472,False,False,False,3,64.04494382022472,Large
REST_000774,جافا كافيه,cafe,Unknown,24.8110417,46.6473017,Prince Faisal bin Fahd Stadium,7.76466590353739,Moderate,26,2034-06-20 15:00:00,2034,6,20,15,1,False,12,Low,46.15384615384615,False,False,False,2,46.15384615384615,Small
REST_001033,San Carlo Cicchetti,restaurant,Unknown,21.5508639,39.1541335,King Abdullah Sports City,9.730942506545354,Moderate,83,2034-06-22 11:00:00,2034,6,22,11,3,False,67,High,80.72289156626506,False,False,False,2,80.72289156626506,Medium
REST_000773,ديوان القرية,cafe,Unknown,24.8170503,46.6442351,Prince Faisal bin Fahd Stadium,8.40398756253882,Moderate,58,2034-06-04 16:00:00,2034,6,4,16,6,False,37,Medium,63.793103448275865,False,False,False,2,63.793103448275865,Medium
REST_000456,Hardee's,fast_food,Unknown,21.6094159,39.1336547,King Abdullah Sports City,3.0786744244796305,Close,46,2034-06-09 20:00:00,2034,6,9,20,4,True,46,High,100.0,False,True,True,3,100.0,Small
REST_000814,KFC,fast_food,Unknown,21.6402961,39.1307083,King Abdullah Sports City,2.1274003299759787,Close,44,2034-06-09 16:00:00,2034,6,9,16,4,True,44,High,100.0,False,False,False,3,100.0,Small
REST_000504,مطبغ الضيافة,restaurant,Unknown,21.5813302,39.1601843,King Abdullah Sports City,7.234726941392608,Moderate,138,2034-07-02 12:00:00,2034,7,2,12,6,False,113,High,81.88405797101449,True,False,True,2,81.88405797101449,Large
REST_001225,alforn,cafe,Unknown,21.6522453,39.1260439,King Abdullah Sports City,2.8124633312896465,Close,60,2034-06-13 14:00:00,2034,6,13,14,1,False,47,Medium,78.33333333333333,True,False,True,3,78.33333333333333,Medium
REST_000692,الطازج,restaurant,Unknown,21.5989399,39.1636782,King Abdullah Sports City,6.219521631995177,Moderate,59,2034-06-19 12:00:00,2034,6,19,12,0,False,35,Medium,59.32203389830508,True,False,True,2,59.32203389830508,Medium
REST_000921,كاريبو كافيه,cafe,Unknown,24.748431,46.7452618,Prince Faisal bin Fahd Stadium,4.333400688992022,Close,29,2034-07-14 16:00:00,2034,7,14,16,4,True,14,Low,48.275862068965516,False,False,False,3,48.275862068965516,Small
REST_000946,سالدوتش,fast_food,Unknown,24.666506,46.683194,King Fahd International Stadium,1.9813759557512207,Very Close,43,2034-06-18 22:00:00,2034,6,18,22,6,False,38,High,88.37209302325581,False,True,True,4,88.37209302325581,Small
REST_000505,ساف,fast_food,Unknown,26.3310818,43.9592924,King Abdullah City Stadium,4.028755533640447,Close,47,2034-06-25 16:00:00,2034,6,25,16,6,False,42,High,89.36170212765957,False,False,False,3,89.36170212765957,Small
REST_000503,البيت الحلبي,restaurant,Unknown,21.5810751,39.1602975,King Abdullah Sports City,7.263675490661112,Moderate,193,2034-06-04 10:00:00,2034,6,4,10,6,False,150,Medium,77.720207253886,False,False,False,2,77.720207253886,Large
REST_000291,كوب القهوة,cafe,Unknown,26.3188473,44.0378809,King Abdullah City Stadium,8.867009934236398,Moderate,63,2034-06-14 10:00:00,2034,6,14,10,2,False,28,Low,44.44444444444444,False,False,False,2,44.44444444444444,Medium
REST_000858,Repository Coffee Roasters,cafe,Unknown,24.8110205,46.670064,Prince Faisal bin Fahd Stadium,5.999919040630255,Moderate,94,2034-07-13 18:00:00,2034,7,13,18,3,False,65,Medium,69.14893617021278,False,False,False,2,69.14893617021278,Medium
REST_000954,البيك,fast_food,Unknown,21.628698,39.1355166,King Abdullah Sports City,2.2790538446903583,Close,57,2034-06-03 09:00:00,2034,6,3,9,5,True,31,Medium,54.385964912280706,False,False,False,3,54.385964912280706,Medium
REST_000654,Lebanon Al Kabeer,restaurant,Unknown,24.7104422,46.6924391,King Fahd International Stadium,2.994057367977562,Close,188,2034-06-30 20:00:00,2034,6,30,20,4,True,162,High,86.17021276595744,False,True,True,3,86.17021276595744,Large
REST_000642,,restaurant,Unknown,24.6950224,46.6821823,King Fahd International Stadium,1.2837885491746757,Very Close,85,2034-06-03 12:00:00,2034,6,3,12,5,True,70,High,82.35294117647058,True,False,True,4,82.35294117647058,Medium
REST_000282,كودو,restaurant,Unknown,26.3573865,43.9661676,King Abdullah City Stadium,1.0369714984039948,Very Close,122,2034-06-17 20:00:00,2034,6,17,20,5,True,122,High,100.0,False,True,True,4,100.0,Large
REST_001466,الرومانسية,restaurant,Unknown,26.366117,43.9424868,King Abdullah City Stadium,2.413173240425537,Close,99,2034-07-03 18:00:00,2034,7,3,18,0,False,99,High,100.0,False,False,False,3,100.0,Medium
REST_001284,Mensa,restaurant,Unknown,24.8095361,46.7072218,Prince Faisal bin Fahd Stadium,4.202287209804109,Close,131,2034-07-15 15:00:00,2034,7,15,15,5,True,87,Medium,66.41221374045801,False,False,False,3,66.41221374045801,Large
REST_001087,كانتون,fast_food,Unknown,24.6914305,46.6698724,King Fahd International Stadium,1.8490613927145279,Very Close,77,2034-06-01 14:00:00,2034,6,1,14,3,False,77,High,100.0,True,False,True,4,100.0,Medium
REST_000647,,restaurant,Unknown,24.7072014,46.6901711,King Fahd International Stadium,2.598357578327232,Close,150,2034-06-21 14:00:00,2034,6,21,14,2,False,112,Medium,74.66666666666667,True,False,True,3,74.66666666666667,Large
REST_001292,رغيف وجبنة,restaurant,Unknown,24.7952936,46.6350728,Prince Faisal bin Fahd Stadium,8.094481090029316,Moderate,110,2034-06-30 12:00:00,2034,6,30,12,4,True,110,High,100.0,True,False,True,2,100.0,Large
REST_000539,Pizza Hut,fast_food,Unknown,26.46027,50.092427,Prince Mohammed bin Fahd Stadium,4.4147772647908265,Close,58,2034-06-16 18:00:00,2034,6,16,18,4,True,58,High,100.0,False,False,False,3,100.0,Medium
REST_000760,خبز ونواشف,restaurant,Unknown,24.8119102,46.6460917,Prince Faisal bin Fahd Stadium,7.919940631004301,Moderate,126,2034-07-05 12:00:00,2034,7,5,12,2,False,53,Low,42.06349206349206,True,False,True,2,42.06349206349206,Large
REST_000662,,restaurant,Unknown,21.5938365,39.1310084,King Abdullah Sports City,4.389499925790339,Close,172,2034-07-09 14:00:00,2034,7,9,14,6,False,172,High,100.0,True,False,True,3,100.0,Large
REST_001286,,cafe,Unknown,24.7680715,46.7152814,Prince Faisal bin Fahd Stadium,0.6067011476263072,Very Close,66,2034-06-26 14:00:00,2034,6,26,14,0,False,66,High,100.0,True,False,True,4,100.0,Medium
REST_000746,Marina Petit Cafe,restaurant,Unknown,21.6533769,39.1025319,King Abdullah Sports City,2.856232064999067,Close,105,2034-07-13 16:00:00,2034,7,13,16,3,False,67,Medium,63.8095238095238,False,False,False,3,63.8095238095238,Large
REST_000405,Chkn,fast_food,Unknown,24.7052437,46.6856344,King Fahd International Stadium,2.3520335760972437,Close,70,2034-06-05 19:00:00,2034,6,5,19,0,False,70,High,100.0,False,True,True,3,100.0,Medium
REST_000407,Chkn,fast_food,Unknown,24.8453094,46.7582844,Prince Faisal bin Fahd Stadium,9.455576825942822,Moderate,50,2034-07-11 11:00:00,2034,7,11,11,1,False,41,High,82.0,False,False,False,2,82.0,Medium
REST_001336,مطعم كمون البخاري,restaurant,Unknown,24.6851879,46.7667693,King Fahd International Stadium,8.131030996167413,Moderate,73,2034-06-07 11:00:00,2034,6,7,11,2,False,28,Low,38.35616438356164,False,False,False,2,38.35616438356164,Medium
REST_001005,,restaurant,Unknown,26.4450825,50.1182466,Prince Mohammed bin Fahd Stadium,3.9934081234264083,Close,194,2034-06-11 17:00:00,2034,6,11,17,6,False,128,Medium,65.97938144329896,False,False,False,3,65.97938144329896,Large
REST_001019,كانتون,fast_food,Unknown,24.6711944,46.732203,King Fahd International Stadium,4.854953811318538,Close,60,2034-07-02 14:00:00,2034,7,2,14,6,False,45,Medium,75.0,True,False,True,3,75.0,Medium
REST_000002,مطعم النافورة,restaurant,Unknown,24.7990314,46.78546,Prince Faisal bin Fahd Stadium,8.099702923725907,Moderate,186,2034-06-14 09:00:00,2034,6,14,9,2,False,63,Low,33.87096774193548,False,False,False,2,33.87096774193548,Large
REST_000638,Fish & Chips,fast_food,Unknown,24.7006869,46.6928923,King Fahd International Stadium,1.9609427883677322,Very Close,31,2034-06-20 15:00:00,2034,6,20,15,1,False,31,High,100.0,False,False,False,4,100.0,Small
REST_000286,كودو,fast_food,Unknown,26.3963971,43.9255495,King Abdullah City Stadium,5.263804879077784,Moderate,74,2034-06-22 10:00:00,2034,6,22,10,3,False,62,High,83.78378378378379,False,False,False,2,83.78378378378379,Medium
REST_001227,Mood Master Specialty Coffee Roasters and Cafe,cafe,Unknown,24.8013936,46.7071438,Prince Faisal bin Fahd Stadium,3.3025624772767106,Close,75,2034-06-20 17:00:00,2034,6,20,17,1,False,36,Low,48.0,False,False,False,3,48.0,Medium
REST_000615,دانكن دونتس,fast_food,Unknown,24.8469814,46.7334068,Prince Faisal bin Fahd Stadium,8.649568040622029,Moderate,69,2034-06-24 21:00:00,2034,6,24,21,5,True,69,High,100.0,False,True,True,2,100.0,Medium
REST_001306,سالدوتش,fast_food,Unknown,24.8116846,46.6241848,Prince Faisal bin Fahd Stadium,9.816991936518281,Moderate,42,2034-07-15 12:00:00,2034,7,15,12,5,True,35,High,83.33333333333334,True,False,True,2,83.33333333333334,Small
REST_001374,باسكن روبنز,cafe,Unknown,24.6896202,46.7332326,King Fahd International Stadium,4.781266262286317,Close,64,2034-06-13 19:00:00,2034,6,13,19,1,False,64,High,100.0,False,True,True,3,100.0,Medium
REST_000771,ميت لوفر,restaurant,Unknown,24.8173115,46.6440981,Prince Faisal bin Fahd Stadium,8.432436504913907,Moderate,97,2034-07-10 22:00:00,2034,7,10,22,0,False,54,Medium,55.670103092783506,False,True,True,2,55.670103092783506,Medium
REST_000505,ساف,fast_food,Unknown,26.3310818,43.9592924,King Abdullah City Stadium,4.028755533640447,Close,47,2034-06-09 13:00:00,2034,6,9,13,4,True,47,High,100.0,True,False,True,3,100.0,Small
REST_001285,منتو يغمش,restaurant,Unknown,24.8005739,46.7829763,Prince Faisal bin Fahd Stadium,7.934873923007209,Moderate,126,2034-06-14 10:00:00,2034,6,14,10,2,False,53,Low,42.06349206349206,False,False,False,2,42.06349206349206,Large
REST_001417,,restaurant,Unknown,24.697574,46.687515,King Fahd International Stadium,1.503260463121365,Very Close,59,2034-07-14 09:00:00,2034,7,14,9,4,True,57,High,96.61016949152543,False,False,False,4,96.61016949152543,Medium
REST_000676,مطعم هرفي,restaurant,Unknown,26.4194699,50.0201496,Prince Mohammed bin Fahd Stadium,6.837661872347182,Moderate,169,2034-07-15 21:00:00,2034,7,15,21,5,True,157,High,92.89940828402366,False,True,True,2,92.89940828402366,Large
REST_001305,ماكدونالدز,fast_food,Unknown,24.7608687,46.6952563,Prince Faisal bin Fahd Stadium,2.007846447499641,Close,71,2034-06-09 17:00:00,2034,6,9,17,4,True,68,High,95.77464788732394,False,False,False,3,95.77464788732394,Medium
REST_000929,بوردقا,cafe,Unknown,26.3145371,44.0380191,King Abdullah City Stadium,9.17340685021479,Moderate,90,2034-07-05 11:00:00,2034,7,5,11,2,False,30,Low,33.33333333333333,False,False,False,2,33.33333333333333,Medium
REST_000300,قهوة باش المختصة,cafe,Unknown,26.4083543,43.9279608,King Abdullah City Stadium,6.028541712294963,Moderate,62,2034-06-13 09:00:00,2034,6,13,9,1,False,46,Medium,74.19354838709677,False,False,False,2,74.19354838709677,Medium
REST_000947,سالدوتش,fast_food,Unknown,24.7797699,46.7882341,Prince Faisal bin Fahd Stadium,7.846498600273864,Moderate,70,2034-07-08 21:00:00,2034,7,8,21,5,True,70,High,100.0,False,True,True,2,100.0,Medium
REST_000307,مطعم بيت السندباد,restaurant,Unknown,26.3570557,43.9522896,King Abdullah City Stadium,1.792025346765346,Very Close,50,2034-07-08 19:00:00,2034,7,8,19,5,True,50,High,100.0,False,True,True,4,100.0,Medium
REST_001094,كانتون,fast_food,Unknown,26.400639,50.1173329,Prince Mohammed bin Fahd Stadium,3.6125453122142086,Close,68,2034-07-11 19:00:00,2034,7,11,19,1,False,68,High,100.0,False,True,True,3,100.0,Medium
REST_000503,البيت الحلبي,restaurant,Unknown,21.5810751,39.1602975,King Abdullah Sports City,7.263675490661112,Moderate,193,2034-06-21 17:00:00,2034,6,21,17,2,False,126,Medium,65.28497409326425,False,False,False,2,65.28497409326425,Large
REST_000300,قهوة باش المختصة,cafe,Unknown,26.4083543,43.9279608,King Abdullah City Stadium,6.028541712294963,Moderate,62,2034-06-01 12:00:00,2034,6,1,12,3,False,62,High,100.0,True,False,True,2,100.0,Medium
REST_000168,,restaurant,Unknown,26.4489936,50.1183693,Prince Mohammed bin Fahd Stadium,4.308842021998596,Close,159,2034-06-22 13:00:00,2034,6,22,13,3,False,159,High,100.0,True,False,True,3,100.0,Large
REST_001030,Myazu,restaurant,Unknown,24.6999939,46.7048928,King Fahd International Stadium,2.5791048477032783,Close,143,2034-07-05 10:00:00,2034,7,5,10,2,False,107,Medium,74.82517482517483,False,False,False,3,74.82517482517483,Large
REST_000290,مطعم نايستي رويال,restaurant,Unknown,26.3759626,43.9827338,King Abdullah City Stadium,1.9006057710493627,Very Close,74,2034-06-14 20:00:00,2034,6,14,20,2,False,74,High,100.0,False,True,True,4,100.0,Medium
REST_000689,بروست تشيليز,fast_food,Unknown,21.5939486,39.1662543,King Abdullah Sports City,6.755310660145509,Moderate,70,2034-06-23 18:00:00,2034,6,23,18,4,True,70,High,100.0,False,False,False,2,100.0,Medium
REST_001458,شاورمر,fast_food,Unknown,26.393925,43.9259582,King Abdullah City Stadium,5.063201120698004,Moderate,76,2034-07-12 17:00:00,2034,7,12,17,2,False,38,Medium,50.0,False,False,False,2,50.0,Medium
REST_000656,Al Mansaf,restaurant,Unknown,24.711061,46.6977886,King Fahd International Stadium,3.2147468402165744,Close,90,2034-06-20 10:00:00,2034,6,20,10,1,False,45,Medium,50.0,False,False,False,3,50.0,Medium
REST_001210,Shawarmer,fast_food,Unknown,24.5988355,46.6900916,King Fahd International Stadium,9.488721224834078,Moderate,76,2034-06-09 20:00:00,2034,6,9,20,4,True,76,High,100.0,False,True,True,2,100.0,Medium
REST_000039,Pishawri Kabab,restaurant,Unknown,26.43663,50.107813,Prince Mohammed bin Fahd Stadium,2.592648428991508,Close,104,2034-06-05 22:00:00,2034,6,5,22,0,False,70,Medium,67.3076923076923,False,True,True,3,67.3076923076923,Large
REST_000307,مطعم بيت السندباد,restaurant,Unknown,26.3570557,43.9522896,King Abdullah City Stadium,1.792025346765346,Very Close,50,2034-06-17 18:00:00,2034,6,17,18,5,True,50,High,100.0,False,False,False,4,100.0,Medium
REST_000956,Juice World,restaurant,Unknown,21.5772448,39.1570649,King Abdullah Sports City,7.378078091203072,Moderate,187,2034-07-15 18:00:00,2034,7,15,18,5,True,163,High,87.16577540106952,False,False,False,2,87.16577540106952,Large
REST_000403,Tiko,fast_food,Unknown,24.7439764,46.6214222,King Fahd International Stadium,9.342068256175649,Moderate,68,2034-06-03 16:00:00,2034,6,3,16,5,True,46,Medium,67.64705882352942,False,False,False,2,67.64705882352942,Medium
REST_000749,عريشة أوراق العنب,restaurant,Unknown,24.8127717,46.6292445,Prince Faisal bin Fahd Stadium,9.421538539008969,Moderate,89,2034-06-11 11:00:00,2034,6,11,11,6,False,73,High,82.02247191011236,False,False,False,2,82.02247191011236,Medium
REST_000967,شاورما جساس,fast_food,Unknown,21.6325188,39.1551692,King Abdullah Sports City,4.317698316997511,Close,31,2034-06-17 13:00:00,2034,6,17,13,5,True,31,High,100.0,True,False,True,3,100.0,Small
REST_001030,Myazu,restaurant,Unknown,24.6999939,46.7048928,King Fahd International Stadium,2.5791048477032783,Close,143,2034-06-25 18:00:00,2034,6,25,18,6,False,74,Medium,51.74825174825175,False,False,False,3,51.74825174825175,Large
REST_000477,Italian,restaurant,Unknown,24.7707353,46.6720081,Prince Faisal bin Fahd Stadium,3.938891701818023,Close,79,2034-07-13 16:00:00,2034,7,13,16,3,False,46,Medium,58.22784810126582,False,False,False,3,58.22784810126582,Medium
REST_001023,Agio,restaurant,Unknown,24.7521049,46.624429,Prince Faisal bin Fahd Stadium,9.014046215456707,Moderate,109,2034-06-20 14:00:00,2034,6,20,14,1,False,47,Low,43.11926605504588,True,False,True,2,43.11926605504588,Large
REST_000658,,fast_food,Unknown,24.699565,46.6922968,King Fahd International Stadium,1.823231871559477,Very Close,43,2034-06-04 13:00:00,2034,6,4,13,6,False,43,High,100.0,True,False,True,4,100.0,Small
REST_000080,,restaurant,Unknown,24.8130073,46.7776531,Prince Faisal bin Fahd Stadium,8.134160472995248,Moderate,155,2034-06-22 15:00:00,2034,6,22,15,3,False,102,Medium,65.80645161290323,False,False,False,2,65.80645161290323,Large
REST_001134,كانتون,fast_food,Unknown,24.7616196,46.6732453,Prince Faisal bin Fahd Stadium,3.97969955798032,Close,49,2034-06-26 08:00:00,2034,6,26,8,0,False,18,Low,36.734693877551024,False,False,False,3,36.734693877551024,Small
REST_001093,كانتون,fast_food,Unknown,26.4549221,50.1213564,Prince Mohammed bin Fahd Stadium,4.998786870689678,Close,39,2034-06-08 08:00:00,2034,6,8,8,3,False,19,Low,48.717948717948715,False,False,False,3,48.717948717948715,Small
REST_000964,Coffe Day,cafe,Unknown,24.7341694,46.6973022,Prince Faisal bin Fahd Stadium,4.417579149713125,Close,77,2034-06-10 15:00:00,2034,6,10,15,5,True,77,High,100.0,False,False,False,3,100.0,Medium
REST_000670,Starbucks,cafe,Unknown,21.7020283,39.1053149,King Abdullah Sports City,8.075838318376288,Moderate,99,2034-06-17 21:00:00,2034,6,17,21,5,True,99,High,100.0,False,True,True,2,100.0,Medium
REST_001023,Agio,restaurant,Unknown,24.7521049,46.624429,Prince Faisal bin Fahd Stadium,9.014046215456707,Moderate,109,2034-07-12 21:00:00,2034,7,12,21,2,False,109,High,100.0,False,True,True,2,100.0,Large
REST_000332,Kudu,restaurant,Unknown,24.7993375,46.7402288,Prince Faisal bin Fahd Stadium,4.244374307500756,Close,95,2034-06-18 13:00:00,2034,6,18,13,6,False,95,High,100.0,True,False,True,3,100.0,Medium
REST_001100,كانتون,fast_food,Unknown,21.6279694,39.1115847,King Abdullah Sports City,0.2839519065689463,Very Close,30,2034-06-03 08:00:00,2034,6,3,8,5,True,30,High,100.0,False,False,False,4,100.0,Small
REST_000954,البيك,fast_food,Unknown,21.628698,39.1355166,King Abdullah Sports City,2.2790538446903583,Close,57,2034-06-29 10:00:00,2034,6,29,10,3,False,53,High,92.98245614035088,False,False,False,3,92.98245614035088,Medium
REST_000307,مطعم بيت السندباد,restaurant,Unknown,26.3570557,43.9522896,King Abdullah City Stadium,1.792025346765346,Very Close,50,2034-06-21 10:00:00,2034,6,21,10,2,False,50,High,100.0,False,False,False,4,100.0,Medium
REST_000039,Pishawri Kabab,restaurant,Unknown,26.43663,50.107813,Prince Mohammed bin Fahd Stadium,2.592648428991508,Close,104,2034-06-25 10:00:00,2034,6,25,10,6,False,104,High,100.0,False,False,False,3,100.0,Large
REST_000806,Al Dawar,restaurant,Unknown,21.6270091,39.1116324,King Abdullah Sports City,0.36547793463446343,Very Close,130,2034-06-17 19:00:00,2034,6,17,19,5,True,112,High,86.15384615384616,False,True,True,4,86.15384615384616,Large
REST_000673,,fast_food,Unknown,21.6225219,39.1638091,King Abdullah Sports City,5.262932147840783,Moderate,70,2034-06-12 21:00:00,2034,6,12,21,0,False,70,High,100.0,False,True,True,2,100.0,Medium
REST_001457,ديل برجر,restaurant,Unknown,26.3926371,43.9203766,King Abdullah City Stadium,5.441693716202213,Moderate,167,2034-06-09 16:00:00,2034,6,9,16,4,True,134,High,80.23952095808383,False,False,False,2,80.23952095808383,Large
REST_000369,بيت الدونات,cafe,Unknown,21.5845758,39.159072,King Abdullah Sports City,6.890871683076867,Moderate,51,2034-07-14 13:00:00,2034,7,14,13,4,True,51,High,100.0,True,False,True,2,100.0,Medium
REST_001497,فيشون,restaurant,Unknown,26.3961832,43.9496378,King Abdullah City Stadium,3.692774209613721,Close,157,2034-06-20 09:00:00,2034,6,20,9,1,False,97,Medium,61.78343949044586,False,False,False,3,61.78343949044586,Large
REST_000178,بوفية أسناف,fast_food,Unknown,26.3977266,50.0186487,Prince Mohammed bin Fahd Stadium,7.438788525160079,Moderate,78,2034-07-02 20:00:00,2034,7,2,20,6,False,78,High,100.0,False,True,True,2,100.0,Medium
REST_000812,Al Wada'a,restaurant,Unknown,21.5881688,39.1057078,King Abdullah Sports City,4.698746029721953,Close,82,2034-06-24 11:00:00,2034,6,24,11,5,True,48,Medium,58.536585365853654,False,False,False,3,58.536585365853654,Medium
REST_000298,تشيز برقر,fast_food,Unknown,26.3906432,43.9182763,King Abdullah City Stadium,5.509759371692815,Moderate,54,2034-06-23 18:00:00,2034,6,23,18,4,True,22,Low,40.74074074074074,False,False,False,2,40.74074074074074,Medium
REST_001049,اوشيانا,cafe,Unknown,26.478559,50.1176721,Prince Mohammed bin Fahd Stadium,7.046533740788223,Moderate,72,2034-07-14 21:00:00,2034,7,14,21,4,True,72,High,100.0,False,True,True,2,100.0,Medium
REST_000656,Al Mansaf,restaurant,Unknown,24.711061,46.6977886,King Fahd International Stadium,3.2147468402165744,Close,90,2034-07-15 10:00:00,2034,7,15,10,5,True,67,Medium,74.44444444444444,False,False,False,3,74.44444444444444,Medium
REST_001466,الرومانسية,restaurant,Unknown,26.366117,43.9424868,King Abdullah City Stadium,2.413173240425537,Close,99,2034-06-03 18:00:00,2034,6,3,18,5,True,93,High,93.93939393939394,False,False,False,3,93.93939393939394,Medium
REST_000564,zonice | زونايس,restaurant,Unknown,26.3777652,43.9502001,King Abdullah City Stadium,2.053247099597085,Close,165,2034-06-11 13:00:00,2034,6,11,13,6,False,91,Medium,55.15151515151515,True,False,True,3,55.15151515151515,Large
REST_000390,Coffee Club نادي القهوة,cafe,Unknown,24.7718406,46.7195512,Prince Faisal bin Fahd Stadium,0.8633812385191314,Very Close,21,2034-06-24 11:00:00,2034,6,24,11,5,True,19,High,90.47619047619048,False,False,False,4,90.47619047619048,Small
REST_000145,مطعم كبساتي,restaurant,Unknown,26.3599523,50.0659502,Prince Mohammed bin Fahd Stadium,7.127971664043465,Moderate,172,2034-06-08 10:00:00,2034,6,8,10,3,False,130,Medium,75.5813953488372,False,False,False,2,75.5813953488372,Large
REST_001247,Nevermind,fast_food,Unknown,24.7049025,46.6846816,King Fahd International Stadium,2.3189036566434207,Close,72,2034-06-16 15:00:00,2034,6,16,15,4,True,56,Medium,77.77777777777779,False,False,False,3,77.77777777777779,Medium
REST_000429,,cafe,Unknown,21.614964,39.153345,King Abdullah Sports City,4.4368840980897195,Close,23,2034-07-10 10:00:00,2034,7,10,10,0,False,23,High,100.0,False,False,False,3,100.0,Small
REST_000407,Chkn,fast_food,Unknown,24.8453094,46.7582844,Prince Faisal bin Fahd Stadium,9.455576825942822,Moderate,50,2034-06-12 15:00:00,2034,6,12,15,0,False,39,Medium,78.0,False,False,False,2,78.0,Medium
REST_000344,,restaurant,Unknown,24.7799522,46.6939272,Prince Faisal bin Fahd Stadium,1.942345146229976,Very Close,57,2034-06-10 22:00:00,2034,6,10,22,5,True,57,High,100.0,False,True,True,4,100.0,Medium
REST_001470,عالم البيتزا,restaurant,Unknown,26.3735217,43.9304679,King Abdullah City Stadium,3.6884409469073103,Close,149,2034-06-22 15:00:00,2034,6,22,15,3,False,93,Medium,62.41610738255034,False,False,False,3,62.41610738255034,Large
REST_001336,مطعم كمون البخاري,restaurant,Unknown,24.6851879,46.7667693,King Fahd International Stadium,8.131030996167413,Moderate,73,2034-06-02 13:00:00,2034,6,2,13,4,True,73,High,100.0,True,False,True,2,100.0,Medium
REST_000913,Bateel El'an,restaurant,Unknown,24.8426989,46.7339669,Prince Faisal bin Fahd Stadium,8.206687960489587,Moderate,128,2034-06-07 19:00:00,2034,6,7,19,2,False,124,High,96.875,False,True,True,2,96.875,Large
REST_000178,بوفية أسناف,fast_food,Unknown,26.3977266,50.0186487,Prince Mohammed bin Fahd Stadium,7.438788525160079,Moderate,78,2034-06-26 10:00:00,2034,6,26,10,0,False,57,Medium,73.07692307692307,False,False,False,2,73.07692307692307,Medium
REST_001113,كانتون,fast_food,Unknown,24.601063,46.698922,King Fahd International Stadium,9.321001131896013,Moderate,44,2034-06-02 12:00:00,2034,6,2,12,4,True,44,High,100.0,True,False,True,2,100.0,Small
REST_000646,,fast_food,Unknown,24.6900265,46.6863838,King Fahd International Stadium,0.6590511171992249,Very Close,62,2034-07-09 22:00:00,2034,7,9,22,6,False,62,High,100.0,False,True,True,4,100.0,Medium
REST_000476,بروستد بونواس,restaurant,Unknown,26.4493532,50.1185439,Prince Mohammed bin Fahd Stadium,4.349937758093283,Close,149,2034-06-28 22:00:00,2034,6,28,22,2,False,149,High,100.0,False,True,True,3,100.0,Large
REST_001127,كانتون,fast_food,Unknown,21.5496814,39.1476104,King Abdullah Sports City,9.581478278878778,Moderate,64,2034-07-12 10:00:00,2034,7,12,10,2,False,54,High,84.375,False,False,False,2,84.375,Medium
REST_000304,اورفيلا,restaurant,Unknown,26.3999028,43.9170009,King Abdullah City Stadium,6.175754032491097,Moderate,119,2034-06-18 16:00:00,2034,6,18,16,6,False,47,Low,39.49579831932773,False,False,False,2,39.49579831932773,Large
REST_001498,فرحات,restaurant,Unknown,26.396264,43.9496302,King Abdullah City Stadium,3.7011003387809818,Close,149,2034-07-04 14:00:00,2034,7,4,14,1,False,141,High,94.63087248322147,True,False,True,3,94.63087248322147,Large
REST_000546,,cafe,Unknown,21.6022247,39.107528,King Abdullah Sports City,3.1277652283271515,Close,55,2034-07-09 19:00:00,2034,7,9,19,6,False,55,High,100.0,False,True,True,3,100.0,Medium
REST_001192,Coya,restaurant,Unknown,24.7045628,46.7057789,King Fahd International Stadium,3.0082888484263424,Close,83,2034-06-10 19:00:00,2034,6,10,19,5,True,83,High,100.0,False,True,True,3,100.0,Medium
REST_001262,,cafe,Unknown,24.7858399,46.6458311,Prince Faisal bin Fahd Stadium,6.759411254521565,Moderate,98,2034-06-11 21:00:00,2034,6,11,21,6,False,73,Medium,74.48979591836735,False,True,True,2,74.48979591836735,Medium
REST_000188,بيت الربيان,restaurant,Unknown,26.4592864,50.0869988,Prince Mohammed bin Fahd Stadium,4.294358112095671,Close,50,2034-06-10 09:00:00,2034,6,10,9,5,True,26,Medium,52.0,False,False,False,3,52.0,Medium
REST_000048,Cinnabon,fast_food,Unknown,24.7375941,46.7978042,Prince Faisal bin Fahd Stadium,9.5593299885977,Moderate,58,2034-06-03 15:00:00,2034,6,3,15,5,True,24,Low,41.37931034482759,False,False,False,2,41.37931034482759,Medium
REST_001498,فرحات,restaurant,Unknown,26.396264,43.9496302,King Abdullah City Stadium,3.7011003387809818,Close,149,2034-06-18 16:00:00,2034,6,18,16,6,False,84,Medium,56.375838926174495,False,False,False,3,56.375838926174495,Large
REST_000340,,restaurant,Unknown,24.7673823,46.6597538,Prince Faisal bin Fahd Stadium,5.198398854591871,Moderate,160,2034-07-11 10:00:00,2034,7,11,10,1,False,120,Medium,75.0,False,False,False,2,75.0,Large
REST_000404,Ulb,fast_food,Unknown,24.7444149,46.6206874,King Fahd International Stadium,9.428894084691638,Moderate,35,2034-07-11 18:00:00,2034,7,11,18,1,False,27,Medium,77.14285714285715,False,False,False,2,77.14285714285715,Small
REST_000357,Meaty  Buns,restaurant,Unknown,26.408365,43.9110596,King Abdullah City Stadium,7.22365829818569,Moderate,63,2034-07-03 21:00:00,2034,7,3,21,0,False,49,Medium,77.77777777777779,False,True,True,2,77.77777777777779,Medium
REST_001023,Agio,restaurant,Unknown,24.7521049,46.624429,Prince Faisal bin Fahd Stadium,9.014046215456707,Moderate,109,2034-06-11 22:00:00,2034,6,11,22,6,False,86,Medium,78.89908256880734,False,True,True,2,78.89908256880734,Large
REST_000314,Kudu,restaurant,Unknown,24.7668483,46.7553554,Prince Faisal bin Fahd Stadium,4.513441563268799,Close,155,2034-06-30 09:00:00,2034,6,30,9,4,True,78,Medium,50.32258064516129,False,False,False,3,50.32258064516129,Large
REST_000759,باستليتا,restaurant,Unknown,24.8119912,46.6462956,Prince Faisal bin Fahd Stadium,7.907992504126639,Moderate,145,2034-06-09 13:00:00,2034,6,9,13,4,True,109,Medium,75.17241379310344,True,False,True,2,75.17241379310344,Large
REST_000663,برغر فيول,fast_food,Unknown,24.8106225,46.7344265,Prince Faisal bin Fahd Stadium,4.912425939962434,Close,39,2034-06-07 16:00:00,2034,6,7,16,2,False,23,Medium,58.97435897435898,False,False,False,3,58.97435897435898,Small
REST_000835,alromansia restaurant مطعم الرومانسية,restaurant,Unknown,26.4556722,50.1136773,Prince Mohammed bin Fahd Stadium,4.610572941998937,Close,71,2034-06-28 09:00:00,2034,6,28,9,2,False,71,High,100.0,False,False,False,3,100.0,Medium
REST_000921,كاريبو كافيه,cafe,Unknown,24.748431,46.7452618,Prince Faisal bin Fahd Stadium,4.333400688992022,Close,29,2034-07-13 17:00:00,2034,7,13,17,3,False,29,High,100.0,False,False,False,3,100.0,Small
REST_001088,كانتون,fast_food,Unknown,24.8250499,46.7505652,Prince Faisal bin Fahd Stadium,7.132901944566299,Moderate,66,2034-06-12 20:00:00,2034,6,12,20,0,False,66,High,100.0,False,True,True,2,100.0,Medium
REST_001412,,cafe,Unknown,24.7078801,46.6747489,King Fahd International Stadium,2.890276620829415,Close,47,2034-07-10 12:00:00,2034,7,10,12,0,False,29,Medium,61.702127659574465,True,False,True,3,61.702127659574465,Small
REST_000687,ماكدونالدز,fast_food,Unknown,24.5957426,46.6811264,King Fahd International Stadium,9.838799464628133,Moderate,63,2034-07-11 16:00:00,2034,7,11,16,1,False,46,Medium,73.01587301587301,False,False,False,2,73.01587301587301,Medium
REST_001376,بروستد كوفي,restaurant,Unknown,24.6401514,46.7083399,King Fahd International Stadium,5.370451118649105,Moderate,77,2034-07-13 22:00:00,2034,7,13,22,3,False,77,High,100.0,False,True,True,2,100.0,Medium
REST_000505,ساف,fast_food,Unknown,26.3310818,43.9592924,King Abdullah City Stadium,4.028755533640447,Close,47,2034-07-07 14:00:00,2034,7,7,14,4,True,47,High,100.0,True,False,True,3,100.0,Small
REST_001417,,restaurant,Unknown,24.697574,46.687515,King Fahd International Stadium,1.503260463121365,Very Close,59,2034-06-02 22:00:00,2034,6,2,22,4,True,59,High,100.0,False,True,True,4,100.0,Medium
REST_000840,ميلانا كافيه,cafe,Unknown,24.8336702,46.7334612,Prince Faisal bin Fahd Stadium,7.233041214872869,Moderate,64,2034-07-03 12:00:00,2034,7,3,12,0,False,64,High,100.0,True,False,True,2,100.0,Medium
REST_000332,Kudu,restaurant,Unknown,24.7993375,46.7402288,Prince Faisal bin Fahd Stadium,4.244374307500756,Close,95,2034-06-28 19:00:00,2034,6,28,19,2,False,95,High,100.0,False,True,True,3,100.0,Medium
REST_000519,ارببكا,cafe,Unknown,24.6372046,46.6931329,King Fahd International Stadium,5.260047735977853,Moderate,28,2034-06-06 13:00:00,2034,6,6,13,1,False,21,Medium,75.0,True,False,True,2,75.0,Small
REST_001069,مطعم بنات سارة‭,restaurant,Unknown,24.8203626,46.7891863,Prince Faisal bin Fahd Stadium,9.55661762602268,Moderate,149,2034-06-30 17:00:00,2034,6,30,17,4,True,109,Medium,73.15436241610739,False,False,False,2,73.15436241610739,Large
REST_000460,فلافل عمو باسل,restaurant,Unknown,26.3637343,50.0712777,Prince Mohammed bin Fahd Stadium,6.570345335794803,Moderate,73,2034-06-13 21:00:00,2034,6,13,21,1,False,40,Medium,54.794520547945204,False,True,True,2,54.794520547945204,Medium
REST_000704,,cafe,Unknown,24.7422447,46.6561242,Prince Faisal bin Fahd Stadium,6.44804943666966,Moderate,84,2034-07-09 14:00:00,2034,7,9,14,6,False,84,High,100.0,True,False,True,2,100.0,Medium
REST_000546,,cafe,Unknown,21.6022247,39.107528,King Abdullah Sports City,3.1277652283271515,Close,55,2034-06-29 16:00:00,2034,6,29,16,3,False,23,Low,41.81818181818181,False,False,False,3,41.81818181818181,Medium
REST_001379,واحد فول,restaurant,Unknown,24.6609768,46.7013086,King Fahd International Stadium,2.985101121124223,Close,103,2034-06-03 18:00:00,2034,6,3,18,5,True,103,High,100.0,False,False,False,3,100.0,Large
REST_000533,,restaurant,Unknown,26.4436666,50.1130733,Prince Mohammed bin Fahd Stadium,3.5161346767299198,Close,99,2034-07-08 13:00:00,2034,7,8,13,5,True,99,High,100.0,True,False,True,3,100.0,Medium
REST_000635,,cafe,Unknown,21.5723976,39.1433779,King Abdullah Sports City,7.09101064382348,Moderate,83,2034-06-01 14:00:00,2034,6,1,14,3,False,40,Low,48.19277108433735,True,False,True,2,48.19277108433735,Medium
REST_001458,شاورمر,fast_food,Unknown,26.393925,43.9259582,King Abdullah City Stadium,5.063201120698004,Moderate,76,2034-07-04 09:00:00,2034,7,4,9,1,False,53,Medium,69.73684210526315,False,False,False,2,69.73684210526315,Medium
REST_001449,خدير,cafe,Unknown,26.3753102,43.982523,King Abdullah City Stadium,1.844314671918282,Very Close,71,2034-06-21 16:00:00,2034,6,21,16,2,False,46,Medium,64.7887323943662,False,False,False,4,64.7887323943662,Medium
REST_000642,,restaurant,Unknown,24.6950224,46.6821823,King Fahd International Stadium,1.2837885491746757,Very Close,85,2034-07-10 21:00:00,2034,7,10,21,0,False,69,High,81.17647058823529,False,True,True,4,81.17647058823529,Medium
REST_001222,,cafe,Unknown,21.5978624,39.1398157,King Abdullah Sports City,4.473526925877618,Close,71,2034-06-04 20:00:00,2034,6,4,20,6,False,71,High,100.0,False,True,True,3,100.0,Medium
REST_000661,Dose Cafe,cafe,Unknown,24.8401038,46.7323744,Prince Faisal bin Fahd Stadium,7.884814874295175,Moderate,69,2034-06-27 09:00:00,2034,6,27,9,1,False,33,Low,47.82608695652174,False,False,False,2,47.82608695652174,Medium
REST_001030,Myazu,restaurant,Unknown,24.6999939,46.7048928,King Fahd International Stadium,2.5791048477032783,Close,143,2034-06-11 18:00:00,2034,6,11,18,6,False,96,Medium,67.13286713286713,False,False,False,3,67.13286713286713,Large
REST_001074,,restaurant,Unknown,26.4492315,50.1185042,Prince Mohammed bin Fahd Stadium,4.337340455624325,Close,153,2034-07-08 10:00:00,2034,7,8,10,5,True,153,High,100.0,False,False,False,3,100.0,Large
REST_000677,Malaga Specialty Coffee - مالقه قهوة مختصه,cafe,Unknown,21.699561,39.1051823,King Abdullah Sports City,7.804547005035386,Moderate,26,2034-06-01 14:00:00,2034,6,1,14,3,False,21,High,80.76923076923077,True,False,True,2,80.76923076923077,Small
REST_000001,مايسترو,restaurant,Unknown,24.6611514,46.7011863,King Fahd International Stadium,2.9621000416153795,Close,103,2034-06-04 11:00:00,2034,6,4,11,6,False,65,Medium,63.10679611650486,False,False,False,3,63.10679611650486,Large
REST_000674,دومينوز بيتزا,fast_food,Unknown,26.3575068,43.9658404,King Abdullah City Stadium,1.025818514384294,Very Close,35,2034-07-06 16:00:00,2034,7,6,16,3,False,35,High,100.0,False,False,False,4,100.0,Small
REST_001209,نان,restaurant,Unknown,21.5773289,39.1272551,King Abdullah Sports City,6.005319889508415,Moderate,155,2034-06-09 17:00:00,2034,6,9,17,4,True,122,Medium,78.70967741935485,False,False,False,2,78.70967741935485,Large
REST_000141,مطعم اسماك السلطان,restaurant,Unknown,26.4363725,50.0942901,Prince Mohammed bin Fahd Stadium,1.8264340061687887,Very Close,84,2034-07-13 13:00:00,2034,7,13,13,3,False,84,High,100.0,True,False,True,4,100.0,Medium
REST_000145,مطعم كبساتي,restaurant,Unknown,26.3599523,50.0659502,Prince Mohammed bin Fahd Stadium,7.127971664043465,Moderate,172,2034-06-17 11:00:00,2034,6,17,11,5,True,122,Medium,70.93023255813954,False,False,False,2,70.93023255813954,Large
REST_000505,ساف,fast_food,Unknown,26.3310818,43.9592924,King Abdullah City Stadium,4.028755533640447,Close,47,2034-06-02 11:00:00,2034,6,2,11,4,True,47,High,100.0,False,False,False,3,100.0,Small
REST_001468,اكلات جدودنا,restaurant,Unknown,26.3707036,43.923929,King Abdullah City Stadium,4.284278486583965,Close,140,2034-07-14 09:00:00,2034,7,14,9,4,True,95,Medium,67.85714285714286,False,False,False,3,67.85714285714286,Large
REST_001216,Beefbar,restaurant,Unknown,24.7043323,46.7059386,King Fahd International Stadium,2.999598031405568,Close,120,2034-07-04 22:00:00,2034,7,4,22,1,False,74,Medium,61.66666666666667,False,True,True,3,61.66666666666667,Large
REST_000834,Blanca,restaurant,Unknown,24.8425484,46.7341221,Prince Faisal bin Fahd Stadium,8.195083748935728,Moderate,152,2034-07-12 08:00:00,2034,7,12,8,2,False,125,High,82.23684210526315,False,False,False,2,82.23684210526315,Large
REST_000125,الذهبي,restaurant,Unknown,26.3823139,50.0554028,Prince Mohammed bin Fahd Stadium,5.411358520220647,Moderate,187,2034-06-07 20:00:00,2034,6,7,20,2,False,139,Medium,74.33155080213903,False,True,True,2,74.33155080213903,Large
REST_000764,شاورمر Shawarmer,restaurant,Unknown,24.81146,46.6261625,Prince Faisal bin Fahd Stadium,9.627759340618688,Moderate,151,2034-06-16 19:00:00,2034,6,16,19,4,True,151,High,100.0,False,True,True,2,100.0,Large
REST_001275,McDonald's,fast_food,Unknown,24.7762816,46.7773771,Prince Faisal bin Fahd Stadium,6.719207498063313,Moderate,50,2034-06-12 20:00:00,2034,6,12,20,0,False,36,Medium,72.0,False,True,True,2,72.0,Medium
REST_000647,,restaurant,Unknown,24.7072014,46.6901711,King Fahd International Stadium,2.598357578327232,Close,150,2034-06-29 19:00:00,2034,6,29,19,3,False,101,Medium,67.33333333333333,False,True,True,3,67.33333333333333,Large
REST_000176,,restaurant,Unknown,26.4104127,50.0341182,Prince Mohammed bin Fahd Stadium,5.5643445776893,Moderate,98,2034-06-11 16:00:00,2034,6,11,16,6,False,65,Medium,66.3265306122449,False,False,False,2,66.3265306122449,Medium
REST_001127,كانتون,fast_food,Unknown,21.5496814,39.1476104,King Abdullah Sports City,9.581478278878778,Moderate,64,2034-06-04 22:00:00,2034,6,4,22,6,False,46,Medium,71.875,False,True,True,2,71.875,Medium
REST_001409,Friday's,restaurant,Unknown,24.7044957,46.6646636,King Fahd International Stadium,3.149804203532667,Close,164,2034-06-19 08:00:00,2034,6,19,8,0,False,63,Low,38.41463414634146,False,False,False,3,38.41463414634146,Large
REST_001565,,restaurant,Unknown,24.767318,46.6594862,Prince Faisal bin Fahd Stadium,5.225984830982848,Moderate,72,2034-07-01 18:00:00,2034,7,1,18,5,True,70,High,97.22222222222221,False,False,False,2,97.22222222222221,Medium
REST_001209,نان,restaurant,Unknown,21.5773289,39.1272551,King Abdullah Sports City,6.005319889508415,Moderate,155,2034-06-06 09:00:00,2034,6,6,9,1,False,92,Medium,59.354838709677416,False,False,False,2,59.354838709677416,Large
REST_001304,دجاج كنتاكي,fast_food,Unknown,24.770343,46.7123114,Prince Faisal bin Fahd Stadium,0.2179563060506945,Very Close,77,2034-07-02 19:00:00,2034,7,2,19,6,False,77,High,100.0,False,True,True,4,100.0,Medium
REST_000408,Ulb,fast_food,Unknown,24.7668209,46.7066941,Prince Faisal bin Fahd Stadium,0.7127197008308248,Very Close,57,2034-06-25 19:00:00,2034,6,25,19,6,False,52,High,91.22807017543859,False,True,True,4,91.22807017543859,Medium
REST_001205,مطعم فلفلة,restaurant,Unknown,26.3506278,50.0511467,Prince Mohammed bin Fahd Stadium,8.64741469840064,Moderate,55,2034-07-03 21:00:00,2034,7,3,21,0,False,55,High,100.0,False,True,True,2,100.0,Medium
REST_001469,ماكدونالدز,fast_food,Unknown,26.3643605,43.9361055,King Abdullah City Stadium,3.0591597290519763,Close,34,2034-07-09 13:00:00,2034,7,9,13,6,False,32,High,94.11764705882352,True,False,True,3,94.11764705882352,Small
REST_000845,Barn's,restaurant,Unknown,24.8334509,46.733426,Prince Faisal bin Fahd Stadium,7.208773253950492,Moderate,119,2034-07-01 08:00:00,2034,7,1,8,5,True,49,Low,41.17647058823529,False,False,False,2,41.17647058823529,Large
REST_000939,,restaurant,Unknown,24.6495878,46.7065663,King Fahd International Stadium,4.349808103745881,Close,127,2034-06-02 15:00:00,2034,6,2,15,4,True,92,Medium,72.44094488188976,False,False,False,3,72.44094488188976,Large
REST_000411,مطعم ابوعيسى للمشويات,restaurant,Unknown,26.4210904,50.068596,Prince Mohammed bin Fahd Stadium,2.012394027171295,Close,167,2034-06-25 16:00:00,2034,6,25,16,6,False,102,Medium,61.07784431137725,False,False,False,3,61.07784431137725,Large
REST_000927,د.كيف,cafe,Unknown,24.6746514,46.7799945,King Fahd International Stadium,9.52484767466136,Moderate,54,2034-06-19 13:00:00,2034,6,19,13,0,False,40,Medium,74.07407407407408,True,False,True,2,74.07407407407408,Medium
REST_001264,,cafe,Unknown,24.7856045,46.6457319,Prince Faisal bin Fahd Stadium,6.763220039975659,Moderate,27,2034-06-20 08:00:00,2034,6,20,8,1,False,15,Medium,55.55555555555556,False,False,False,2,55.55555555555556,Small
REST_001074,,restaurant,Unknown,26.4492315,50.1185042,Prince Mohammed bin Fahd Stadium,4.337340455624325,Close,153,2034-06-15 09:00:00,2034,6,15,9,3,False,136,High,88.88888888888889,False,False,False,3,88.88888888888889,Large
REST_000001,مايسترو,restaurant,Unknown,24.6611514,46.7011863,King Fahd International Stadium,2.9621000416153795,Close,103,2034-07-13 16:00:00,2034,7,13,16,3,False,103,High,100.0,False,False,False,3,100.0,Large
REST_001450,كافيه ناي نسائي,cafe,Unknown,26.3639518,43.9492486,King Abdullah City Stadium,1.7653075026122027,Very Close,88,2034-06-13 12:00:00,2034,6,13,12,1,False,69,Medium,78.4090909090909,True,False,True,4,78.4090909090909,Medium
REST_000701,Vero | فيرو,cafe,Unknown,24.787034,46.6472064,Prince Faisal bin Fahd Stadium,6.656631907640486,Moderate,57,2034-07-05 10:00:00,2034,7,5,10,2,False,34,Medium,59.64912280701754,False,False,False,2,59.64912280701754,Medium
REST_001040,كفتيريا صاري,restaurant,Unknown,21.5760017,39.1485623,King Abdullah Sports City,6.994665584351821,Moderate,60,2034-06-26 22:00:00,2034,6,26,22,0,False,59,High,98.33333333333333,False,True,True,2,98.33333333333333,Medium
REST_001283,,cafe,Unknown,24.7821629,46.7063921,Prince Faisal bin Fahd Stadium,1.2323621339488111,Very Close,85,2034-06-13 08:00:00,2034,6,13,8,1,False,85,High,100.0,False,False,False,4,100.0,Medium
REST_000075,Century Burger,restaurant,Unknown,21.5547775,39.142988,King Abdullah Sports City,8.8817959472975,Moderate,176,2034-06-23 14:00:00,2034,6,23,14,4,True,154,High,87.5,True,False,True,2,87.5,Large
REST_001458,شاورمر,fast_food,Unknown,26.393925,43.9259582,King Abdullah City Stadium,5.063201120698004,Moderate,76,2034-07-06 19:00:00,2034,7,6,19,3,False,64,High,84.21052631578947,False,True,True,2,84.21052631578947,Medium
REST_000039,Pishawri Kabab,restaurant,Unknown,26.43663,50.107813,Prince Mohammed bin Fahd Stadium,2.592648428991508,Close,104,2034-06-22 19:00:00,2034,6,22,19,3,False,104,High,100.0,False,True,True,3,100.0,Large
REST_001418,Shikara Restaurant,restaurant,Unknown,24.7128171,46.6711407,King Fahd International Stadium,3.541438994349068,Close,119,2034-06-20 17:00:00,2034,6,20,17,1,False,117,High,98.31932773109243,False,False,False,3,98.31932773109243,Large
REST_000929,بوردقا,cafe,Unknown,26.3145371,44.0380191,King Abdullah City Stadium,9.17340685021479,Moderate,90,2034-06-10 17:00:00,2034,6,10,17,5,True,50,Medium,55.55555555555556,False,False,False,2,55.55555555555556,Medium
REST_000166,برجر فيول,restaurant,Unknown,26.454483,50.1202934,Prince Mohammed bin Fahd Stadium,4.893234584296099,Close,174,2034-06-08 10:00:00,2034,6,8,10,3,False,144,High,82.75862068965517,False,False,False,3,82.75862068965517,Large
REST_001202,Horizon Restaurant,restaurant,Unknown,26.4389531,50.1054376,Prince Mohammed bin Fahd Stadium,2.6199213311316063,Close,78,2034-06-18 15:00:00,2034,6,18,15,6,False,68,High,87.17948717948718,False,False,False,3,87.17948717948718,Medium
REST_001220,المذاق المغربي,cafe,Unknown,21.5917093,39.1376792,King Abdullah Sports City,4.918076229707055,Close,74,2034-07-08 08:00:00,2034,7,8,8,5,True,68,High,91.8918918918919,False,False,False,3,91.8918918918919,Medium
REST_001449,خدير,cafe,Unknown,26.3753102,43.982523,King Abdullah City Stadium,1.844314671918282,Very Close,71,2034-06-07 20:00:00,2034,6,7,20,2,False,71,High,100.0,False,True,True,4,100.0,Medium
REST_000914,One Million,restaurant,Unknown,24.8417852,46.7331393,Prince Faisal bin Fahd Stadium,8.085796849499769,Moderate,136,2034-07-01 20:00:00,2034,7,1,20,5,True,136,High,100.0,False,True,True,2,100.0,Large
REST_000640,Al Rabe'a,restaurant,Unknown,24.6975196,46.7805034,King Fahd International Stadium,9.63353899962464,Moderate,118,2034-06-01 19:00:00,2034,6,1,19,3,False,118,High,100.0,False,True,True,2,100.0,Large
REST_000482,كيان,cafe,Unknown,21.5940752,39.1474478,King Abdullah Sports City,5.300598736968713,Moderate,48,2034-06-27 17:00:00,2034,6,27,17,1,False,37,Medium,77.08333333333334,False,False,False,2,77.08333333333334,Small
REST_000929,بوردقا,cafe,Unknown,26.3145371,44.0380191,King Abdullah City Stadium,9.17340685021479,Moderate,90,2034-07-01 20:00:00,2034,7,1,20,5,True,90,High,100.0,False,True,True,2,100.0,Medium
REST_000523,Be Karam بي كرم,restaurant,Unknown,24.7413004,46.6463797,Prince Faisal bin Fahd Stadium,7.3589187295888925,Moderate,159,2034-06-07 13:00:00,2034,6,7,13,2,False,159,High,100.0,True,False,True,2,100.0,Large
REST_000341,Shimmers,restaurant,Unknown,24.7670034,46.6593779,Prince Faisal bin Fahd Stadium,5.240392972922303,Moderate,64,2034-07-04 11:00:00,2034,7,4,11,1,False,41,Medium,64.0625,False,False,False,2,64.0625,Medium
REST_000759,باستليتا,restaurant,Unknown,24.8119912,46.6462956,Prince Faisal bin Fahd Stadium,7.907992504126639,Moderate,145,2034-06-15 09:00:00,2034,6,15,9,3,False,61,Low,42.06896551724138,False,False,False,2,42.06896551724138,Large
REST_000678,هرفي,fast_food,Unknown,24.5980523,46.684862,King Fahd International Stadium,9.569171453582342,Moderate,35,2034-06-11 17:00:00,2034,6,11,17,6,False,16,Low,45.714285714285715,False,False,False,2,45.714285714285715,Small
REST_000039,Pishawri Kabab,restaurant,Unknown,26.43663,50.107813,Prince Mohammed bin Fahd Stadium,2.592648428991508,Close,104,2034-07-03 12:00:00,2034,7,3,12,0,False,104,High,100.0,True,False,True,3,100.0,Large
REST_001458,شاورمر,fast_food,Unknown,26.393925,43.9259582,King Abdullah City Stadium,5.063201120698004,Moderate,76,2034-07-15 14:00:00,2034,7,15,14,5,True,76,High,100.0,True,False,True,2,100.0,Medium
REST_000002,مطعم النافورة,restaurant,Unknown,24.7990314,46.78546,Prince Faisal bin Fahd Stadium,8.099702923725907,Moderate,186,2034-06-02 14:00:00,2034,6,2,14,4,True,127,Medium,68.27956989247312,True,False,True,2,68.27956989247312,Large
REST_001563,Herfy,fast_food,Unknown,24.767528,46.6643418,Prince Faisal bin Fahd Stadium,4.735857869237161,Close,33,2034-07-03 16:00:00,2034,7,3,16,0,False,20,Medium,60.60606060606061,False,False,False,3,60.60606060606061,Small
REST_000698,بيت الدونات,fast_food,Unknown,21.5768762,39.1497784,King Abdullah Sports City,6.978438990022302,Moderate,36,2034-06-07 18:00:00,2034,6,7,18,2,False,23,Medium,63.888888888888886,False,False,False,2,63.888888888888886,Small
REST_001143,الشام شامك,restaurant,Unknown,26.3960741,43.9496506,King Abdullah City Stadium,3.6814203848002136,Close,105,2034-07-02 19:00:00,2034,7,2,19,6,False,99,High,94.28571428571428,False,True,True,3,94.28571428571428,Large
REST_000542,,cafe,Unknown,26.4729058,50.0862236,Prince Mohammed bin Fahd Stadium,5.810684253519465,Moderate,92,2034-06-01 18:00:00,2034,6,1,18,3,False,28,Low,30.434782608695656,False,False,False,2,30.434782608695656,Medium
REST_000925,جافا تايم,cafe,Unknown,24.7468121,46.6549157,Prince Faisal bin Fahd Stadium,6.312835867432516,Moderate,44,2034-06-02 10:00:00,2034,6,2,10,4,True,37,High,84.0909090909091,False,False,False,2,84.0909090909091,Small
REST_001142,شاميات,restaurant,Unknown,26.3773972,43.9498477,King Abdullah City Stadium,2.0575373220078594,Close,76,2034-06-06 11:00:00,2034,6,6,11,1,False,54,Medium,71.05263157894737,False,False,False,3,71.05263157894737,Medium
REST_000747,Obo Beach House,restaurant,Unknown,21.6516243,39.1026142,King Abdullah Sports City,2.67488942711563,Close,125,2034-06-19 22:00:00,2034,6,19,22,0,False,125,High,100.0,False,True,True,3,100.0,Large
REST_001074,,restaurant,Unknown,26.4492315,50.1185042,Prince Mohammed bin Fahd Stadium,4.337340455624325,Close,153,2034-06-17 11:00:00,2034,6,17,11,5,True,153,High,100.0,False,False,False,3,100.0,Large
REST_000403,Tiko,fast_food,Unknown,24.7439764,46.6214222,King Fahd International Stadium,9.342068256175649,Moderate,68,2034-06-19 11:00:00,2034,6,19,11,0,False,53,Medium,77.94117647058823,False,False,False,2,77.94117647058823,Medium
REST_000456,Hardee's,fast_food,Unknown,21.6094159,39.1336547,King Abdullah Sports City,3.0786744244796305,Close,46,2034-06-06 16:00:00,2034,6,6,16,1,False,40,High,86.95652173913044,False,False,False,3,86.95652173913044,Small
REST_000748,ذوق الحجازي,restaurant,Unknown,24.812489,46.6285748,Prince Faisal bin Fahd Stadium,9.46579312144128,Moderate,126,2034-07-15 13:00:00,2034,7,15,13,5,True,102,High,80.95238095238095,True,False,True,2,80.95238095238095,Large
REST_001020,كانتون,fast_food,Unknown,26.4036565,50.0573132,Prince Mohammed bin Fahd Stadium,3.663915326926866,Close,73,2034-06-07 16:00:00,2034,6,7,16,2,False,45,Medium,61.64383561643836,False,False,False,3,61.64383561643836,Medium
REST_000814,KFC,fast_food,Unknown,21.6402961,39.1307083,King Abdullah Sports City,2.1274003299759787,Close,44,2034-06-27 21:00:00,2034,6,27,21,1,False,44,High,100.0,False,True,True,3,100.0,Small
REST_001084,كانتون,fast_food,Unknown,24.7679633,46.7154415,Prince Faisal bin Fahd Stadium,0.6266665682220814,Very Close,64,2034-06-22 17:00:00,2034,6,22,17,3,False,46,Medium,71.875,False,False,False,4,71.875,Medium
REST_000769,مكشكش,restaurant,Unknown,24.8152251,46.6355218,Prince Faisal bin Fahd Stadium,9.01446420038041,Moderate,89,2034-07-11 13:00:00,2034,7,11,13,1,False,53,Medium,59.55056179775281,True,False,True,2,59.55056179775281,Medium
REST_000641,Steak House,restaurant,Unknown,21.5749298,39.1273211,King Abdullah Sports City,6.26637393661906,Moderate,199,2034-07-02 22:00:00,2034,7,2,22,6,False,172,High,86.4321608040201,False,True,True,2,86.4321608040201,Large
REST_000410,الدكة,restaurant,Unknown,21.6094013,39.1310894,King Abdullah Sports City,2.9070502710616664,Close,137,2034-07-11 18:00:00,2034,7,11,18,1,False,137,High,100.0,False,False,False,3,100.0,Large
REST_000834,Blanca,restaurant,Unknown,24.8425484,46.7341221,Prince Faisal bin Fahd Stadium,8.195083748935728,Moderate,152,2034-07-11 09:00:00,2034,7,11,9,1,False,78,Medium,51.31578947368421,False,False,False,2,51.31578947368421,Large
REST_000643,,restaurant,Unknown,24.7002665,46.6916452,King Fahd International Stadium,1.8769919381494418,Very Close,72,2034-06-05 21:00:00,2034,6,5,21,0,False,72,High,100.0,False,True,True,4,100.0,Medium
REST_000504,مطبغ الضيافة,restaurant,Unknown,21.5813302,39.1601843,King Abdullah Sports City,7.234726941392608,Moderate,138,2034-07-10 09:00:00,2034,7,10,9,0,False,78,Medium,56.52173913043478,False,False,False,2,56.52173913043478,Large
REST_000344,,restaurant,Unknown,24.7799522,46.6939272,Prince Faisal bin Fahd Stadium,1.942345146229976,Very Close,57,2034-06-06 10:00:00,2034,6,6,10,1,False,30,Medium,52.63157894736842,False,False,False,4,52.63157894736842,Medium
REST_001304,دجاج كنتاكي,fast_food,Unknown,24.770343,46.7123114,Prince Faisal bin Fahd Stadium,0.2179563060506945,Very Close,77,2034-07-13 08:00:00,2034,7,13,8,3,False,64,High,83.11688311688312,False,False,False,4,83.11688311688312,Medium
REST_000746,Marina Petit Cafe,restaurant,Unknown,21.6533769,39.1025319,King Abdullah Sports City,2.856232064999067,Close,105,2034-06-10 11:00:00,2034,6,10,11,5,True,105,High,100.0,False,False,False,3,100.0,Large
REST_001127,كانتون,fast_food,Unknown,21.5496814,39.1476104,King Abdullah Sports City,9.581478278878778,Moderate,64,2034-06-19 21:00:00,2034,6,19,21,0,False,64,High,100.0,False,True,True,2,100.0,Medium
REST_001035,San Carlo Cicchetti,restaurant,Unknown,24.7012182,46.705378,King Fahd International Stadium,2.7088790925678645,Close,155,2034-06-24 15:00:00,2034,6,24,15,5,True,123,Medium,79.35483870967742,False,False,False,3,79.35483870967742,Large
REST_000305,مطعم بيتزاكم,fast_food,Unknown,26.3935046,43.9282015,King Abdullah City Stadium,4.857083326267404,Close,52,2034-06-25 20:00:00,2034,6,25,20,6,False,52,High,100.0,False,True,True,3,100.0,Medium
REST_000178,بوفية أسناف,fast_food,Unknown,26.3977266,50.0186487,Prince Mohammed bin Fahd Stadium,7.438788525160079,Moderate,78,2034-06-14 20:00:00,2034,6,14,20,2,False,60,Medium,76.92307692307693,False,True,True,2,76.92307692307693,Medium
REST_000535,,cafe,Unknown,26.4494409,50.0883834,Prince Mohammed bin Fahd Stadium,3.19611144997641,Close,34,2034-06-27 18:00:00,2034,6,27,18,1,False,28,High,82.35294117647058,False,False,False,3,82.35294117647058,Small
REST_000646,,fast_food,Unknown,24.6900265,46.6863838,King Fahd International Stadium,0.6590511171992249,Very Close,62,2034-07-08 14:00:00,2034,7,8,14,5,True,55,High,88.70967741935483,True,False,True,4,88.70967741935483,Medium
REST_000661,Dose Cafe,cafe,Unknown,24.8401038,46.7323744,Prince Faisal bin Fahd Stadium,7.884814874295175,Moderate,69,2034-07-07 12:00:00,2034,7,7,12,4,True,69,High,100.0,True,False,True,2,100.0,Medium
REST_000954,البيك,fast_food,Unknown,21.628698,39.1355166,King Abdullah Sports City,2.2790538446903583,Close,57,2034-07-11 19:00:00,2034,7,11,19,1,False,43,Medium,75.43859649122807,False,True,True,3,75.43859649122807,Medium
REST_001211,Chez Sushi,restaurant,Unknown,21.555092,39.1430375,King Abdullah Sports City,8.850721659189874,Moderate,76,2034-06-06 16:00:00,2034,6,6,16,1,False,59,Medium,77.63157894736842,False,False,False,2,77.63157894736842,Medium
REST_001334,bof - بوف,restaurant,Unknown,24.7501152,46.722583,Prince Faisal bin Fahd Stadium,2.689923954504478,Close,66,2034-06-17 13:00:00,2034,6,17,13,5,True,66,High,100.0,True,False,True,3,100.0,Medium
REST_000322,Mahboob,fast_food,Unknown,24.7590745,46.6639915,Prince Faisal bin Fahd Stadium,4.9559935509830595,Close,50,2034-07-01 08:00:00,2034,7,1,8,5,True,24,Low,48.0,False,False,False,3,48.0,Medium
REST_000919,,fast_food,Unknown,24.7616932,46.7985908,Prince Faisal bin Fahd Stadium,8.916330619529694,Moderate,69,2034-07-04 15:00:00,2034,7,4,15,1,False,41,Medium,59.42028985507246,False,False,False,2,59.42028985507246,Medium
REST_000178,بوفية أسناف,fast_food,Unknown,26.3977266,50.0186487,Prince Mohammed bin Fahd Stadium,7.438788525160079,Moderate,78,2034-06-12 19:00:00,2034,6,12,19,0,False,68,High,87.17948717948718,False,True,True,2,87.17948717948718,Medium
REST_001204,,cafe,Unknown,21.5816295,39.1300256,King Abdullah Sports City,5.622182125597887,Moderate,70,2034-07-05 09:00:00,2034,7,5,9,2,False,59,High,84.28571428571429,False,False,False,2,84.28571428571429,Medium
REST_000306,الناضج,restaurant,Unknown,26.3582887,43.948908,King Abdullah City Stadium,2.004246793354236,Close,50,2034-06-23 19:00:00,2034,6,23,19,4,True,50,High,100.0,False,True,True,3,100.0,Medium
REST_001087,كانتون,fast_food,Unknown,24.6914305,46.6698724,King Fahd International Stadium,1.8490613927145279,Very Close,77,2034-07-13 08:00:00,2034,7,13,8,3,False,77,High,100.0,False,False,False,4,100.0,Medium
REST_000861,,restaurant,Unknown,21.5756022,39.1273377,King Abdullah Sports City,6.193995052923065,Moderate,73,2034-07-09 19:00:00,2034,7,9,19,6,False,73,High,100.0,False,True,True,2,100.0,Medium
REST_001438,Kudu,fast_food,Unknown,24.7008015,46.6767139,King Fahd International Stadium,2.094473404330583,Close,64,2034-06-10 10:00:00,2034,6,10,10,5,True,64,High,100.0,False,False,False,3,100.0,Medium
REST_000424,UMQ Coffee 2.2 قهوة عمق,cafe,Unknown,26.4586931,50.0852868,Prince Mohammed bin Fahd Stadium,4.239096066625124,Close,37,2034-07-14 18:00:00,2034,7,14,18,4,True,37,High,100.0,False,False,False,3,100.0,Small
REST_001148,بروست زهرتي,fast_food,Unknown,26.3571976,43.9530467,King Abdullah City Stadium,1.7224554020216554,Very Close,66,2034-07-02 08:00:00,2034,7,2,8,6,False,66,High,100.0,False,False,False,4,100.0,Medium
REST_000653,,restaurant,Unknown,24.6989019,46.6886304,King Fahd International Stadium,1.662649880674677,Very Close,122,2034-07-02 21:00:00,2034,7,2,21,6,False,122,High,100.0,False,True,True,4,100.0,Large
REST_000758,بارولي كافيه,cafe,Unknown,24.8173852,46.644058,Prince Faisal bin Fahd Stadium,8.440585172298908,Moderate,53,2034-06-09 22:00:00,2034,6,9,22,4,True,53,High,100.0,False,True,True,2,100.0,Medium
REST_001374,باسكن روبنز,cafe,Unknown,24.6896202,46.7332326,King Fahd International Stadium,4.781266262286317,Close,64,2034-07-04 19:00:00,2034,7,4,19,1,False,64,High,100.0,False,True,True,3,100.0,Medium
REST_000168,,restaurant,Unknown,26.4489936,50.1183693,Prince Mohammed bin Fahd Stadium,4.308842021998596,Close,159,2034-07-10 08:00:00,2034,7,10,8,0,False,159,High,100.0,False,False,False,3,100.0,Large
REST_001460,مطاعم ومطابخ مضياف,restaurant,Unknown,26.404773,43.9141945,King Abdullah City Stadium,6.728810304967679,Moderate,114,2034-06-15 21:00:00,2034,6,15,21,3,False,114,High,100.0,False,True,True,2,100.0,Large
REST_000667,صب واي,fast_food,Unknown,26.357221,43.965995,King Abdullah City Stadium,1.0563545340912888,Very Close,62,2034-07-11 15:00:00,2034,7,11,15,1,False,27,Low,43.54838709677419,False,False,False,4,43.54838709677419,Medium
REST_001383,Mocaccino,cafe,Unknown,21.708482,39.1024248,King Abdullah Sports City,8.823577256598817,Moderate,37,2034-07-03 10:00:00,2034,7,3,10,0,False,25,Medium,67.56756756756756,False,False,False,2,67.56756756756756,Small
REST_000050,كودو,fast_food,Unknown,24.7385468,46.7986442,Prince Faisal bin Fahd Stadium,9.595693914709917,Moderate,41,2034-06-30 09:00:00,2034,6,30,9,4,True,22,Medium,53.65853658536586,False,False,False,2,53.65853658536586,Small
REST_001466,الرومانسية,restaurant,Unknown,26.366117,43.9424868,King Abdullah City Stadium,2.413173240425537,Close,99,2034-06-24 21:00:00,2034,6,24,21,5,True,99,High,100.0,False,True,True,3,100.0,Medium
REST_001435,Krespe Kreme Doughnuts,cafe,Unknown,24.7048086,46.6649739,King Fahd International Stadium,3.1534451506418426,Close,39,2034-06-30 20:00:00,2034,6,30,20,4,True,37,High,94.87179487179486,False,True,True,3,94.87179487179486,Small
REST_000344,,restaurant,Unknown,24.7799522,46.6939272,Prince Faisal bin Fahd Stadium,1.942345146229976,Very Close,57,2034-07-06 16:00:00,2034,7,6,16,3,False,45,Medium,78.94736842105263,False,False,False,4,78.94736842105263,Medium
REST_001078,Urth Caffe,cafe,Unknown,24.705692,46.7056408,King Fahd International Stadium,3.0955146999388123,Close,48,2034-07-09 20:00:00,2034,7,9,20,6,False,37,Medium,77.08333333333334,False,True,True,3,77.08333333333334,Small
REST_000188,بيت الربيان,restaurant,Unknown,26.4592864,50.0869988,Prince Mohammed bin Fahd Stadium,4.294358112095671,Close,50,2034-06-16 21:00:00,2034,6,16,21,4,True,50,High,100.0,False,True,True,3,100.0,Medium
REST_001307,جافا تايم,cafe,Unknown,24.6828568,46.69716,King Fahd International Stadium,1.105912715294937,Very Close,88,2034-06-24 21:00:00,2034,6,24,21,5,True,88,High,100.0,False,True,True,4,100.0,Medium
REST_000595,دانكن دونتس,fast_food,Unknown,24.8177774,46.6862018,Prince Faisal bin Fahd Stadium,5.682413507376354,Moderate,30,2034-07-01 11:00:00,2034,7,1,11,5,True,14,Low,46.666666666666664,False,False,False,2,46.666666666666664,Small
REST_000183,Golden Corner,restaurant,Unknown,26.4112319,50.0801591,Prince Mohammed bin Fahd Stadium,1.359728737700047,Very Close,134,2034-07-11 12:00:00,2034,7,11,12,1,False,102,Medium,76.11940298507463,True,False,True,4,76.11940298507463,Large
REST_000705,,restaurant,Unknown,24.793833,46.6547551,Prince Faisal bin Fahd Stadium,6.179758496862934,Moderate,93,2034-06-09 20:00:00,2034,6,9,20,4,True,93,High,100.0,False,True,True,2,100.0,Medium
REST_000301,بيت البيتزا,restaurant,Unknown,26.3764941,43.9298523,King Abdullah City Stadium,3.8290226560374574,Close,130,2034-07-12 18:00:00,2034,7,12,18,2,False,71,Medium,54.61538461538461,False,False,False,3,54.61538461538461,Large
REST_000345,بول,restaurant,Unknown,24.7808456,46.6974026,Prince Faisal bin Fahd Stadium,1.695282012478964,Very Close,98,2034-06-04 12:00:00,2034,6,4,12,6,False,77,Medium,78.57142857142857,True,False,True,4,78.57142857142857,Medium
REST_000061,KFC,fast_food,Unknown,26.3823463,50.1781289,Prince Mohammed bin Fahd Stadium,9.866260254697771,Moderate,60,2034-06-19 09:00:00,2034,6,19,9,0,False,27,Low,45.0,False,False,False,2,45.0,Medium
REST_000077,,restaurant,Unknown,24.8164903,46.7748421,Prince Faisal bin Fahd Stadium,8.131173254585994,Moderate,95,2034-06-04 14:00:00,2034,6,4,14,6,False,95,High,100.0,True,False,True,2,100.0,Medium
REST_000264,Vendor Coffee - مقهى فيندور,cafe,Unknown,24.7558162,46.7718623,Prince Faisal bin Fahd Stadium,6.4001987570527925,Moderate,58,2034-06-06 16:00:00,2034,6,6,16,1,False,46,Medium,79.3103448275862,False,False,False,2,79.3103448275862,Medium
REST_000482,كيان,cafe,Unknown,21.5940752,39.1474478,King Abdullah Sports City,5.300598736968713,Moderate,48,2034-07-07 20:00:00,2034,7,7,20,4,True,40,High,83.33333333333334,False,True,True,2,83.33333333333334,Small
REST_000346,,cafe,Unknown,24.7776024,46.7075291,Prince Faisal bin Fahd Stadium,0.7244669765230232,Very Close,49,2034-07-07 13:00:00,2034,7,7,13,4,True,42,High,85.71428571428571,True,False,True,4,85.71428571428571,Small
REST_000127,Various,fast_food,Unknown,26.40382,50.0573913,Prince Mohammed bin Fahd Stadium,3.6478713725823533,Close,61,2034-06-17 17:00:00,2034,6,17,17,5,True,60,High,98.36065573770492,False,False,False,3,98.36065573770492,Medium
REST_001224,ghaze alhesane,fast_food,Unknown,21.6526591,39.1258937,King Abdullah Sports City,2.8463529612627196,Close,60,2034-06-11 16:00:00,2034,6,11,16,6,False,49,High,81.66666666666667,False,False,False,3,81.66666666666667,Medium
REST_001283,,cafe,Unknown,24.7821629,46.7063921,Prince Faisal bin Fahd Stadium,1.2323621339488111,Very Close,85,2034-06-06 14:00:00,2034,6,6,14,1,False,52,Medium,61.1764705882353,True,False,True,4,61.1764705882353,Medium
REST_001238,البيك,fast_food,Unknown,21.6058287,39.1070223,King Abdullah Sports City,2.7483116028926604,Close,51,2034-06-14 14:00:00,2034,6,14,14,2,False,45,High,88.23529411764706,True,False,True,3,88.23529411764706,Medium
REST_000650,,restaurant,Unknown,24.7150349,46.6698149,King Fahd International Stadium,3.821735120478624,Close,75,2034-06-13 14:00:00,2034,6,13,14,1,False,75,High,100.0,True,False,True,3,100.0,Medium
REST_000411,مطعم ابوعيسى للمشويات,restaurant,Unknown,26.4210904,50.068596,Prince Mohammed bin Fahd Stadium,2.012394027171295,Close,167,2034-06-05 12:00:00,2034,6,5,12,0,False,167,High,100.0,True,False,True,3,100.0,Large
REST_000124,ماكدونالدز,restaurant,Unknown,26.4041626,50.0576601,Prince Mohammed bin Fahd Stadium,3.6053616022522577,Close,157,2034-07-12 20:00:00,2034,7,12,20,2,False,124,Medium,78.98089171974523,False,True,True,3,78.98089171974523,Large
REST_000431,,restaurant,Unknown,21.5934705,39.1460582,King Abdullah Sports City,5.258085772146678,Moderate,107,2034-06-19 09:00:00,2034,6,19,9,0,False,47,Low,43.925233644859816,False,False,False,2,43.925233644859816,Large
REST_000533,,restaurant,Unknown,26.4436666,50.1130733,Prince Mohammed bin Fahd Stadium,3.5161346767299198,Close,99,2034-06-15 12:00:00,2034,6,15,12,3,False,99,High,100.0,True,False,True,3,100.0,Medium
REST_000692,الطازج,restaurant,Unknown,21.5989399,39.1636782,King Abdullah Sports City,6.219521631995177,Moderate,59,2034-06-28 15:00:00,2034,6,28,15,2,False,17,Low,28.8135593220339,False,False,False,2,28.8135593220339,Medium
REST_001148,بروست زهرتي,fast_food,Unknown,26.3571976,43.9530467,King Abdullah City Stadium,1.7224554020216554,Very Close,66,2034-07-01 21:00:00,2034,7,1,21,5,True,66,High,100.0,False,True,True,4,100.0,Medium
REST_001283,,cafe,Unknown,24.7821629,46.7063921,Prince Faisal bin Fahd Stadium,1.2323621339488111,Very Close,85,2034-06-21 22:00:00,2034,6,21,22,2,False,85,High,100.0,False,True,True,4,100.0,Medium
REST_001039,,restaurant,Unknown,21.5750808,39.1427883,King Abdullah Sports City,6.796297500888847,Moderate,181,2034-06-07 10:00:00,2034,6,7,10,2,False,133,Medium,73.48066298342542,False,False,False,2,73.48066298342542,Large
REST_001565,,restaurant,Unknown,24.767318,46.6594862,Prince Faisal bin Fahd Stadium,5.225984830982848,Moderate,72,2034-07-13 20:00:00,2034,7,13,20,3,False,72,High,100.0,False,True,True,2,100.0,Medium
REST_001147,Tony Roma's,restaurant,Unknown,24.7027286,46.6801722,King Fahd International Stadium,2.161937210848951,Close,137,2034-07-12 21:00:00,2034,7,12,21,2,False,137,High,100.0,False,True,True,3,100.0,Large
REST_000656,Al Mansaf,restaurant,Unknown,24.711061,46.6977886,King Fahd International Stadium,3.2147468402165744,Close,90,2034-06-05 19:00:00,2034,6,5,19,0,False,60,Medium,66.66666666666666,False,True,True,3,66.66666666666666,Medium
REST_000537,Chkn,fast_food,Unknown,24.7937913,46.6546921,Prince Faisal bin Fahd Stadium,6.183777034351501,Moderate,54,2034-06-10 12:00:00,2034,6,10,12,5,True,35,Medium,64.81481481481481,True,False,True,2,64.81481481481481,Medium
REST_000472,Kudu,fast_food,Unknown,24.5987299,46.6894311,King Fahd International Stadium,9.497995373537016,Moderate,31,2034-07-07 14:00:00,2034,7,7,14,4,True,30,High,96.7741935483871,True,False,True,2,96.7741935483871,Small
REST_001145,Tahina,restaurant,Unknown,21.5830269,39.1440081,King Abdullah Sports City,6.082540579162459,Moderate,178,2034-06-08 11:00:00,2034,6,8,11,3,False,151,High,84.8314606741573,False,False,False,2,84.8314606741573,Large
REST_000858,Repository Coffee Roasters,cafe,Unknown,24.8110205,46.670064,Prince Faisal bin Fahd Stadium,5.999919040630255,Moderate,94,2034-07-09 09:00:00,2034,7,9,9,6,False,37,Low,39.361702127659576,False,False,False,2,39.361702127659576,Medium
REST_001411,,cafe,Unknown,24.7063771,46.6753106,King Fahd International Stadium,2.7145144864048505,Close,98,2034-06-04 15:00:00,2034,6,4,15,6,False,75,Medium,76.53061224489795,False,False,False,3,76.53061224489795,Medium
REST_000053,ماكدونالز,fast_food,Unknown,24.811728,46.7691345,Prince Faisal bin Fahd Stadium,7.35203380959969,Moderate,61,2034-07-15 19:00:00,2034,7,15,19,5,True,51,High,83.60655737704919,False,True,True,2,83.60655737704919,Medium
REST_000764,شاورمر Shawarmer,restaurant,Unknown,24.81146,46.6261625,Prince Faisal bin Fahd Stadium,9.627759340618688,Moderate,151,2034-06-27 12:00:00,2034,6,27,12,1,False,77,Medium,50.993377483443716,True,False,True,2,50.993377483443716,Large
REST_000914,One Million,restaurant,Unknown,24.8417852,46.7331393,Prince Faisal bin Fahd Stadium,8.085796849499769,Moderate,136,2034-06-22 13:00:00,2034,6,22,13,3,False,88,Medium,64.70588235294117,True,False,True,2,64.70588235294117,Large
REST_001026,Crazy Pizza,restaurant,Unknown,24.7057895,46.7053592,King Fahd International Stadium,3.086101290809832,Close,75,2034-06-14 11:00:00,2034,6,14,11,2,False,61,High,81.33333333333333,False,False,False,3,81.33333333333333,Medium
REST_000673,,fast_food,Unknown,21.6225219,39.1638091,King Abdullah Sports City,5.262932147840783,Moderate,70,2034-07-08 19:00:00,2034,7,8,19,5,True,70,High,100.0,False,True,True,2,100.0,Medium
REST_000844,دانكن دونتس,fast_food,Unknown,24.8346375,46.7354588,Prince Faisal bin Fahd Stadium,7.4000600489304045,Moderate,61,2034-06-19 12:00:00,2034,6,19,12,0,False,57,High,93.44262295081968,True,False,True,2,93.44262295081968,Medium
REST_000349,Core Coffee & Roastery,cafe,Unknown,24.7662814,46.7150917,Prince Faisal bin Fahd Stadium,0.7489946960039923,Very Close,29,2034-06-08 19:00:00,2034,6,8,19,3,False,29,High,100.0,False,True,True,4,100.0,Small
REST_001214,هرفي,fast_food,Unknown,24.6132011,46.6820093,King Fahd International Stadium,7.8955147635192136,Moderate,66,2034-07-05 18:00:00,2034,7,5,18,2,False,52,Medium,78.78787878787878,False,False,False,2,78.78787878787878,Medium
REST_000308,ليون كافيه,cafe,Unknown,26.3542632,43.9540151,King Abdullah City Stadium,1.873420729208515,Very Close,71,2034-06-23 12:00:00,2034,6,23,12,4,True,71,High,100.0,True,False,True,4,100.0,Medium
REST_001514,مطعم الدرة,restaurant,Unknown,26.3167846,43.945172,King Abdullah City Stadium,5.950488993521958,Moderate,97,2034-07-05 11:00:00,2034,7,5,11,2,False,44,Low,45.36082474226804,False,False,False,2,45.36082474226804,Medium
REST_000977,مطعم حنيذ الجنوب-طيبة,restaurant,Unknown,26.359091,50.0437992,Prince Mohammed bin Fahd Stadium,8.186746687833677,Moderate,74,2034-06-21 08:00:00,2034,6,21,8,2,False,32,Low,43.24324324324324,False,False,False,2,43.24324324324324,Medium
REST_001039,,restaurant,Unknown,21.5750808,39.1427883,King Abdullah Sports City,6.796297500888847,Moderate,181,2034-07-05 15:00:00,2034,7,5,15,2,False,120,Medium,66.29834254143645,False,False,False,2,66.29834254143645,Large
REST_000646,,fast_food,Unknown,24.6900265,46.6863838,King Fahd International Stadium,0.6590511171992249,Very Close,62,2034-06-28 22:00:00,2034,6,28,22,2,False,62,High,100.0,False,True,True,4,100.0,Medium
REST_001437,The Pizza Company,restaurant,Unknown,24.7026567,46.6799824,King Fahd International Stadium,2.159866708073871,Close,89,2034-06-10 17:00:00,2034,6,10,17,5,True,85,High,95.50561797752809,False,False,False,3,95.50561797752809,Medium
REST_000678,هرفي,fast_food,Unknown,24.5980523,46.684862,King Fahd International Stadium,9.569171453582342,Moderate,35,2034-06-13 18:00:00,2034,6,13,18,1,False,16,Low,45.714285714285715,False,False,False,2,45.714285714285715,Small
REST_000183,Golden Corner,restaurant,Unknown,26.4112319,50.0801591,Prince Mohammed bin Fahd Stadium,1.359728737700047,Very Close,134,2034-07-14 20:00:00,2034,7,14,20,4,True,134,High,100.0,False,True,True,4,100.0,Large
REST_000144,,fast_food,Unknown,26.4554155,50.0889525,Prince Mohammed bin Fahd Stadium,3.8602173379676294,Close,71,2034-06-13 17:00:00,2034,6,13,17,1,False,62,High,87.32394366197182,False,False,False,3,87.32394366197182,Medium
REST_000538,Chkn,fast_food,Unknown,24.7389047,46.7596526,Prince Faisal bin Fahd Stadium,6.131575014450844,Moderate,51,2034-07-03 17:00:00,2034,7,3,17,0,False,26,Medium,50.98039215686274,False,False,False,2,50.98039215686274,Medium
REST_000371,Habrat Restaurant,restaurant,Unknown,21.6268475,39.1353485,King Abdullah Sports City,2.2821339382086694,Close,72,2034-06-06 08:00:00,2034,6,6,8,1,False,28,Low,38.88888888888889,False,False,False,3,38.88888888888889,Medium
REST_001077,Urth Caffe,cafe,Unknown,21.6483406,39.1121231,King Abdullah Sports City,2.066526819270073,Close,58,2034-07-12 18:00:00,2034,7,12,18,2,False,53,High,91.37931034482759,False,False,False,3,91.37931034482759,Medium
REST_000137,البخاري,restaurant,Unknown,26.4268519,50.0124603,Prince Mohammed bin Fahd Stadium,7.632476730856747,Moderate,52,2034-06-19 09:00:00,2034,6,19,9,0,False,43,High,82.6923076923077,False,False,False,2,82.6923076923077,Medium
REST_001142,شاميات,restaurant,Unknown,26.3773972,43.9498477,King Abdullah City Stadium,2.0575373220078594,Close,76,2034-07-01 09:00:00,2034,7,1,9,5,True,40,Medium,52.63157894736842,False,False,False,3,52.63157894736842,Medium
REST_001025,Signor Sassi,restaurant,Unknown,24.6996074,46.7047665,King Fahd International Stadium,2.5404642792417063,Close,190,2034-07-05 13:00:00,2034,7,5,13,2,False,151,Medium,79.47368421052632,True,False,True,3,79.47368421052632,Large
REST_000769,مكشكش,restaurant,Unknown,24.8152251,46.6355218,Prince Faisal bin Fahd Stadium,9.01446420038041,Moderate,89,2034-06-07 19:00:00,2034,6,7,19,2,False,54,Medium,60.67415730337079,False,True,True,2,60.67415730337079,Medium
REST_001361,معصوب القادري,restaurant,Unknown,21.5731975,39.1584622,King Abdullah Sports City,7.824400379123443,Moderate,157,2034-06-05 11:00:00,2034,6,5,11,0,False,52,Low,33.12101910828025,False,False,False,2,33.12101910828025,Large
REST_000388,فروت ارت,fast_food,Unknown,24.7257628,46.6846076,King Fahd International Stadium,4.635845454921703,Close,34,2034-06-07 12:00:00,2034,6,7,12,2,False,34,High,100.0,True,False,True,3,100.0,Small
REST_001436,,fast_food,Unknown,24.6998806,46.6823339,King Fahd International Stadium,1.7998893815554278,Very Close,55,2034-07-14 17:00:00,2034,7,14,17,4,True,41,Medium,74.54545454545455,False,False,False,4,74.54545454545455,Medium
REST_000655,Gulf Royal Chinese Restaurant,restaurant,Unknown,24.7028885,46.6811631,King Fahd International Stadium,2.1526778037766414,Close,102,2034-07-10 14:00:00,2034,7,10,14,0,False,87,High,85.29411764705883,True,False,True,3,85.29411764705883,Large
REST_001421,Pizza Inn,fast_food,Unknown,24.7008989,46.676671,King Fahd International Stadium,2.1060806403644046,Close,61,2034-07-03 16:00:00,2034,7,3,16,0,False,40,Medium,65.57377049180327,False,False,False,3,65.57377049180327,Medium
REST_001201,Rose Restaurant,restaurant,Unknown,26.4367344,50.1060511,Prince Mohammed bin Fahd Stadium,2.4757990144658746,Close,50,2034-06-13 21:00:00,2034,6,13,21,1,False,50,High,100.0,False,True,True,3,100.0,Medium
REST_000118,,fast_food,Unknown,26.4142195,50.1199565,Prince Mohammed bin Fahd Stadium,3.185255167118252,Close,31,2034-06-20 12:00:00,2034,6,20,12,1,False,31,High,100.0,True,False,True,3,100.0,Small
REST_001277,,cafe,Unknown,24.8327713,46.7676109,Prince Faisal bin Fahd Stadium,8.858096344878021,Moderate,97,2034-06-01 16:00:00,2034,6,1,16,3,False,73,Medium,75.25773195876289,False,False,False,2,75.25773195876289,Medium
REST_000764,شاورمر Shawarmer,restaurant,Unknown,24.81146,46.6261625,Prince Faisal bin Fahd Stadium,9.627759340618688,Moderate,151,2034-06-13 11:00:00,2034,6,13,11,1,False,46,Low,30.4635761589404,False,False,False,2,30.4635761589404,Large
REST_000844,دانكن دونتس,fast_food,Unknown,24.8346375,46.7354588,Prince Faisal bin Fahd Stadium,7.4000600489304045,Moderate,61,2034-06-02 10:00:00,2034,6,2,10,4,True,34,Medium,55.73770491803278,False,False,False,2,55.73770491803278,Medium
REST_000834,Blanca,restaurant,Unknown,24.8425484,46.7341221,Prince Faisal bin Fahd Stadium,8.195083748935728,Moderate,152,2034-06-15 10:00:00,2034,6,15,10,3,False,109,Medium,71.71052631578947,False,False,False,2,71.71052631578947,Large
REST_000178,بوفية أسناف,fast_food,Unknown,26.3977266,50.0186487,Prince Mohammed bin Fahd Stadium,7.438788525160079,Moderate,78,2034-07-04 18:00:00,2034,7,4,18,1,False,24,Low,30.76923076923077,False,False,False,2,30.76923076923077,Medium
REST_001265,,fast_food,Unknown,24.7823054,46.649154,Prince Faisal bin Fahd Stadium,6.350199729567215,Moderate,38,2034-07-02 08:00:00,2034,7,2,8,6,False,28,Medium,73.68421052631578,False,False,False,2,73.68421052631578,Small
REST_001343,friday's,restaurant,Unknown,21.6315972,39.1333664,King Abdullah Sports City,2.0631811575655674,Close,160,2034-07-09 09:00:00,2034,7,9,9,6,False,87,Medium,54.37499999999999,False,False,False,3,54.37499999999999,Large
REST_001415,Kudu,fast_food,Unknown,24.6987643,46.6901893,King Fahd International Stadium,1.677270544022254,Very Close,59,2034-06-24 22:00:00,2034,6,24,22,5,True,59,High,100.0,False,True,True,4,100.0,Medium
REST_000369,بيت الدونات,cafe,Unknown,21.5845758,39.159072,King Abdullah Sports City,6.890871683076867,Moderate,51,2034-07-10 10:00:00,2034,7,10,10,0,False,30,Medium,58.82352941176471,False,False,False,2,58.82352941176471,Medium
REST_000843,The Coffee Address,cafe,Unknown,24.8344179,46.7353315,Prince Faisal bin Fahd Stadium,7.372755619428699,Moderate,58,2034-07-09 19:00:00,2034,7,9,19,6,False,27,Low,46.55172413793103,False,True,True,2,46.55172413793103,Medium
REST_001201,Rose Restaurant,restaurant,Unknown,26.4367344,50.1060511,Prince Mohammed bin Fahd Stadium,2.4757990144658746,Close,50,2034-07-02 17:00:00,2034,7,2,17,6,False,28,Medium,56.00000000000001,False,False,False,3,56.00000000000001,Medium
REST_001210,Shawarmer,fast_food,Unknown,24.5988355,46.6900916,King Fahd International Stadium,9.488721224834078,Moderate,76,2034-06-22 09:00:00,2034,6,22,9,3,False,53,Medium,69.73684210526315,False,False,False,2,69.73684210526315,Medium
REST_001088,كانتون,fast_food,Unknown,24.8250499,46.7505652,Prince Faisal bin Fahd Stadium,7.132901944566299,Moderate,66,2034-06-10 13:00:00,2034,6,10,13,5,True,47,Medium,71.21212121212122,True,False,True,2,71.21212121212122,Medium
REST_000537,Chkn,fast_food,Unknown,24.7937913,46.6546921,Prince Faisal bin Fahd Stadium,6.183777034351501,Moderate,54,2034-06-11 19:00:00,2034,6,11,19,6,False,38,Medium,70.37037037037037,False,True,True,2,70.37037037037037,Medium
REST_000314,Kudu,restaurant,Unknown,24.7668483,46.7553554,Prince Faisal bin Fahd Stadium,4.513441563268799,Close,155,2034-06-18 16:00:00,2034,6,18,16,6,False,66,Low,42.58064516129032,False,False,False,3,42.58064516129032,Large
REST_000169,مطعم البيت السوري,restaurant,Unknown,26.4416327,50.0771557,Prince Mohammed bin Fahd Stadium,2.600399165773961,Close,187,2034-06-05 21:00:00,2034,6,5,21,0,False,116,Medium,62.03208556149733,False,True,True,3,62.03208556149733,Large
REST_001285,منتو يغمش,restaurant,Unknown,24.8005739,46.7829763,Prince Faisal bin Fahd Stadium,7.934873923007209,Moderate,126,2034-06-09 21:00:00,2034,6,9,21,4,True,126,High,100.0,False,True,True,2,100.0,Large
REST_000345,بول,restaurant,Unknown,24.7808456,46.6974026,Prince Faisal bin Fahd Stadium,1.695282012478964,Very Close,98,2034-07-04 22:00:00,2034,7,4,22,1,False,98,High,100.0,False,True,True,4,100.0,Medium
REST_000542,,cafe,Unknown,26.4729058,50.0862236,Prince Mohammed bin Fahd Stadium,5.810684253519465,Moderate,92,2034-06-15 13:00:00,2034,6,15,13,3,False,44,Low,47.82608695652174,True,False,True,2,47.82608695652174,Medium
REST_000367,Burger King,fast_food,Unknown,21.6154588,39.1080491,King Abdullah Sports City,1.6912883854134428,Very Close,46,2034-06-09 19:00:00,2034,6,9,19,4,True,46,High,100.0,False,True,True,4,100.0,Small
REST_000749,عريشة أوراق العنب,restaurant,Unknown,24.8127717,46.6292445,Prince Faisal bin Fahd Stadium,9.421538539008969,Moderate,89,2034-06-29 19:00:00,2034,6,29,19,3,False,60,Medium,67.41573033707866,False,True,True,2,67.41573033707866,Medium
REST_001113,كانتون,fast_food,Unknown,24.601063,46.698922,King Fahd International Stadium,9.321001131896013,Moderate,44,2034-06-07 16:00:00,2034,6,7,16,2,False,29,Medium,65.9090909090909,False,False,False,2,65.9090909090909,Small
REST_001100,كانتون,fast_food,Unknown,21.6279694,39.1115847,King Abdullah Sports City,0.2839519065689463,Very Close,30,2034-06-24 12:00:00,2034,6,24,12,5,True,22,Medium,73.33333333333333,True,False,True,4,73.33333333333333,Small
REST_000862,المذاق المغربي,cafe,Unknown,21.6060343,39.1067035,King Abdullah Sports City,2.7344259551684136,Close,43,2034-06-21 18:00:00,2034,6,21,18,2,False,36,High,83.72093023255815,False,False,False,3,83.72093023255815,Small
REST_000113,jofrys cafe,cafe,Unknown,26.4555158,50.1213443,Prince Mohammed bin Fahd Stadium,5.048444618094335,Moderate,94,2034-06-14 18:00:00,2034,6,14,18,2,False,83,High,88.29787234042553,False,False,False,2,88.29787234042553,Medium
REST_000339,كاشو,fast_food,Unknown,24.7804606,46.6633466,Prince Faisal bin Fahd Stadium,4.904334415073274,Close,54,2034-06-02 16:00:00,2034,6,2,16,4,True,54,High,100.0,False,False,False,3,100.0,Medium
REST_000045,Golden Palace Chinese Restaurant,restaurant,Unknown,21.5566055,39.1691506,King Abdullah Sports City,9.96729911629322,Moderate,98,2034-07-08 21:00:00,2034,7,8,21,5,True,98,High,100.0,False,True,True,2,100.0,Medium
REST_001334,bof - بوف,restaurant,Unknown,24.7501152,46.722583,Prince Faisal bin Fahd Stadium,2.689923954504478,Close,66,2034-07-02 21:00:00,2034,7,2,21,6,False,66,High,100.0,False,True,True,3,100.0,Medium
REST_000690,دانكن دونتس,fast_food,Unknown,21.5724549,39.1586974,King Abdullah Sports City,7.905330247035989,Moderate,53,2034-07-12 21:00:00,2034,7,12,21,2,False,41,Medium,77.35849056603774,False,True,True,2,77.35849056603774,Medium
REST_000652,Pizza Hut,restaurant,Unknown,24.6878167,46.6878047,King Fahd International Stadium,0.4403523689977305,Very Close,126,2034-06-09 19:00:00,2034,6,9,19,4,True,126,High,100.0,False,True,True,4,100.0,Large
REST_000935,محمصة الدار,cafe,Unknown,24.6514046,46.7066725,King Fahd International Stadium,4.177932531041271,Close,71,2034-06-16 13:00:00,2034,6,16,13,4,True,71,High,100.0,True,False,True,3,100.0,Medium
REST_001134,كانتون,fast_food,Unknown,24.7616196,46.6732453,Prince Faisal bin Fahd Stadium,3.97969955798032,Close,49,2034-06-13 08:00:00,2034,6,13,8,1,False,39,Medium,79.59183673469387,False,False,False,3,79.59183673469387,Small
REST_000946,سالدوتش,fast_food,Unknown,24.666506,46.683194,King Fahd International Stadium,1.9813759557512207,Very Close,43,2034-06-28 21:00:00,2034,6,28,21,2,False,43,High,100.0,False,True,True,4,100.0,Small
REST_000843,The Coffee Address,cafe,Unknown,24.8344179,46.7353315,Prince Faisal bin Fahd Stadium,7.372755619428699,Moderate,58,2034-06-28 09:00:00,2034,6,28,9,2,False,25,Low,43.103448275862064,False,False,False,2,43.103448275862064,Medium
REST_001025,Signor Sassi,restaurant,Unknown,24.6996074,46.7047665,King Fahd International Stadium,2.5404642792417063,Close,190,2034-06-29 19:00:00,2034,6,29,19,3,False,118,Medium,62.10526315789474,False,True,True,3,62.10526315789474,Large
REST_000656,Al Mansaf,restaurant,Unknown,24.711061,46.6977886,King Fahd International Stadium,3.2147468402165744,Close,90,2034-06-13 19:00:00,2034,6,13,19,1,False,89,High,98.88888888888889,False,True,True,3,98.88888888888889,Medium
REST_000546,,cafe,Unknown,21.6022247,39.107528,King Abdullah Sports City,3.1277652283271515,Close,55,2034-06-06 15:00:00,2034,6,6,15,1,False,55,High,100.0,False,False,False,3,100.0,Medium
REST_000759,باستليتا,restaurant,Unknown,24.8119912,46.6462956,Prince Faisal bin Fahd Stadium,7.907992504126639,Moderate,145,2034-06-22 22:00:00,2034,6,22,22,3,False,108,Medium,74.48275862068967,False,True,True,2,74.48275862068967,Large
REST_001067,مطعم حنيذ حمود‭,restaurant,Unknown,24.8404046,46.7486088,Prince Faisal bin Fahd Stadium,8.510831431999422,Moderate,183,2034-06-18 09:00:00,2034,6,18,9,6,False,68,Low,37.15846994535519,False,False,False,2,37.15846994535519,Large
REST_000523,Be Karam بي كرم,restaurant,Unknown,24.7413004,46.6463797,Prince Faisal bin Fahd Stadium,7.3589187295888925,Moderate,159,2034-07-04 18:00:00,2034,7,4,18,1,False,70,Low,44.0251572327044,False,False,False,2,44.0251572327044,Large
REST_000304,اورفيلا,restaurant,Unknown,26.3999028,43.9170009,King Abdullah City Stadium,6.175754032491097,Moderate,119,2034-06-07 21:00:00,2034,6,7,21,2,False,119,High,100.0,False,True,True,2,100.0,Large
REST_001436,,fast_food,Unknown,24.6998806,46.6823339,King Fahd International Stadium,1.7998893815554278,Very Close,55,2034-06-09 14:00:00,2034,6,9,14,4,True,55,High,100.0,True,False,True,4,100.0,Medium
REST_001247,Nevermind,fast_food,Unknown,24.7049025,46.6846816,King Fahd International Stadium,2.3189036566434207,Close,72,2034-06-12 12:00:00,2034,6,12,12,0,False,72,High,100.0,True,False,True,3,100.0,Medium
REST_001285,منتو يغمش,restaurant,Unknown,24.8005739,46.7829763,Prince Faisal bin Fahd Stadium,7.934873923007209,Moderate,126,2034-06-08 12:00:00,2034,6,8,12,3,False,126,High,100.0,True,False,True,2,100.0,Large
REST_001032,Kayzo,restaurant,Unknown,24.7039425,46.7064966,King Fahd International Stadium,3.0052158624346768,Close,143,2034-07-15 19:00:00,2034,7,15,19,5,True,143,High,100.0,False,True,True,3,100.0,Large
REST_000752,اليجرو,cafe,Unknown,24.8105987,46.6473842,Prince Faisal bin Fahd Stadium,7.7302515093621835,Moderate,84,2034-06-11 22:00:00,2034,6,11,22,6,False,84,High,100.0,False,True,True,2,100.0,Medium
REST_001412,,cafe,Unknown,24.7078801,46.6747489,King Fahd International Stadium,2.890276620829415,Close,47,2034-07-04 22:00:00,2034,7,4,22,1,False,43,High,91.48936170212765,False,True,True,3,91.48936170212765,Small
REST_000143,Kudu,restaurant,Unknown,26.4283716,50.0969946,Prince Mohammed bin Fahd Stadium,1.1804802812989057,Very Close,50,2034-07-12 15:00:00,2034,7,12,15,2,False,50,High,100.0,False,False,False,4,100.0,Medium
REST_001460,مطاعم ومطابخ مضياف,restaurant,Unknown,26.404773,43.9141945,King Abdullah City Stadium,6.728810304967679,Moderate,114,2034-06-04 17:00:00,2034,6,4,17,6,False,50,Low,43.859649122807014,False,False,False,2,43.859649122807014,Large
REST_000059,كافيه دي جاردن,cafe,Unknown,24.802743,46.7165124,Prince Faisal bin Fahd Stadium,3.4744386588744103,Close,77,2034-06-24 13:00:00,2034,6,24,13,5,True,77,High,100.0,True,False,True,3,100.0,Medium
REST_000112,السيف لاونج,cafe,Unknown,26.4568159,50.1307542,Prince Mohammed bin Fahd Stadium,5.794504884134874,Moderate,72,2034-06-22 22:00:00,2034,6,22,22,3,False,72,High,100.0,False,True,True,2,100.0,Medium
REST_000914,One Million,restaurant,Unknown,24.8417852,46.7331393,Prince Faisal bin Fahd Stadium,8.085796849499769,Moderate,136,2034-06-02 11:00:00,2034,6,2,11,4,True,51,Low,37.5,False,False,False,2,37.5,Large
REST_001381,Abu zaid,restaurant,Unknown,21.7087895,39.1030025,King Abdullah Sports City,8.849966247534358,Moderate,60,2034-06-12 08:00:00,2034,6,12,8,0,False,33,Medium,55.00000000000001,False,False,False,2,55.00000000000001,Medium
REST_000333,بيتزا هت,restaurant,Unknown,24.8004341,46.7399092,Prince Faisal bin Fahd Stadium,4.310936884667517,Close,139,2034-06-13 17:00:00,2034,6,13,17,1,False,120,High,86.33093525179856,False,False,False,3,86.33093525179856,Large
REST_000539,Pizza Hut,fast_food,Unknown,26.46027,50.092427,Prince Mohammed bin Fahd Stadium,4.4147772647908265,Close,58,2034-06-27 10:00:00,2034,6,27,10,1,False,41,Medium,70.6896551724138,False,False,False,3,70.6896551724138,Medium
REST_000411,مطعم ابوعيسى للمشويات,restaurant,Unknown,26.4210904,50.068596,Prince Mohammed bin Fahd Stadium,2.012394027171295,Close,167,2034-06-04 22:00:00,2034,6,4,22,6,False,167,High,100.0,False,True,True,3,100.0,Large
REST_000519,ارببكا,cafe,Unknown,24.6372046,46.6931329,King Fahd International Stadium,5.260047735977853,Moderate,28,2034-07-06 12:00:00,2034,7,6,12,3,False,28,High,100.0,True,False,True,2,100.0,Small
REST_000737,أقوس,restaurant,Unknown,24.7039122,46.7024194,King Fahd International Stadium,2.7395695219487366,Close,127,2034-06-22 13:00:00,2034,6,22,13,3,False,116,High,91.33858267716536,True,False,True,3,91.33858267716536,Large
REST_000336,شاورمر,fast_food,Unknown,24.8114498,46.6261347,Prince Faisal bin Fahd Stadium,9.629738008464582,Moderate,36,2034-06-29 08:00:00,2034,6,29,8,3,False,26,Medium,72.22222222222221,False,False,False,2,72.22222222222221,Small
REST_000113,jofrys cafe,cafe,Unknown,26.4555158,50.1213443,Prince Mohammed bin Fahd Stadium,5.048444618094335,Moderate,94,2034-07-04 12:00:00,2034,7,4,12,1,False,70,Medium,74.46808510638297,True,False,True,2,74.46808510638297,Medium
REST_000045,Golden Palace Chinese Restaurant,restaurant,Unknown,21.5566055,39.1691506,King Abdullah Sports City,9.96729911629322,Moderate,98,2034-06-12 12:00:00,2034,6,12,12,0,False,98,High,100.0,True,False,True,2,100.0,Medium
REST_000747,Obo Beach House,restaurant,Unknown,21.6516243,39.1026142,King Abdullah Sports City,2.67488942711563,Close,125,2034-07-07 08:00:00,2034,7,7,8,4,True,125,High,100.0,False,False,False,3,100.0,Large
REST_001077,Urth Caffe,cafe,Unknown,21.6483406,39.1121231,King Abdullah Sports City,2.066526819270073,Close,58,2034-06-29 12:00:00,2034,6,29,12,3,False,58,High,100.0,True,False,True,3,100.0,Medium
REST_001079,Urth Caffe,cafe,Unknown,21.5668615,39.1248304,King Abdullah Sports City,7.095803038786741,Moderate,80,2034-06-09 22:00:00,2034,6,9,22,4,True,55,Medium,68.75,False,True,True,2,68.75,Medium
REST_001225,alforn,cafe,Unknown,21.6522453,39.1260439,King Abdullah Sports City,2.8124633312896465,Close,60,2034-06-05 22:00:00,2034,6,5,22,0,False,60,High,100.0,False,True,True,3,100.0,Medium
REST_000757,سمك,restaurant,Unknown,24.8151713,46.6353868,Prince Faisal bin Fahd Stadium,9.022795291434852,Moderate,92,2034-06-07 20:00:00,2034,6,7,20,2,False,89,High,96.73913043478261,False,True,True,2,96.73913043478261,Medium
REST_001571,,restaurant,Unknown,24.7933327,46.655822,Prince Faisal bin Fahd Stadium,6.058854710120394,Moderate,55,2034-07-12 12:00:00,2034,7,12,12,2,False,55,High,100.0,True,False,True,2,100.0,Medium
REST_000773,ديوان القرية,cafe,Unknown,24.8170503,46.6442351,Prince Faisal bin Fahd Stadium,8.40398756253882,Moderate,58,2034-07-03 12:00:00,2034,7,3,12,0,False,47,High,81.03448275862068,True,False,True,2,81.03448275862068,Medium
REST_000596,دانكن دونتس,fast_food,Unknown,24.8185961,46.6866878,Prince Faisal bin Fahd Stadium,5.743140914582132,Moderate,48,2034-06-03 19:00:00,2034,6,3,19,5,True,48,High,100.0,False,True,True,2,100.0,Small
REST_000967,شاورما جساس,fast_food,Unknown,21.6325188,39.1551692,King Abdullah Sports City,4.317698316997511,Close,31,2034-06-05 12:00:00,2034,6,5,12,0,False,29,High,93.54838709677419,True,False,True,3,93.54838709677419,Small
REST_000349,Core Coffee & Roastery,cafe,Unknown,24.7662814,46.7150917,Prince Faisal bin Fahd Stadium,0.7489946960039923,Very Close,29,2034-07-07 09:00:00,2034,7,7,9,4,True,28,High,96.55172413793103,False,False,False,4,96.55172413793103,Small
REST_000774,جافا كافيه,cafe,Unknown,24.8110417,46.6473017,Prince Faisal bin Fahd Stadium,7.76466590353739,Moderate,26,2034-07-13 10:00:00,2034,7,13,10,3,False,10,Low,38.46153846153847,False,False,False,2,38.46153846153847,Small
REST_000359,Urth Caffe,cafe,Unknown,24.7562198,46.6302112,Prince Faisal bin Fahd Stadium,8.341460675087477,Moderate,55,2034-07-14 14:00:00,2034,7,14,14,4,True,55,High,100.0,True,False,True,2,100.0,Medium
REST_001286,,cafe,Unknown,24.7680715,46.7152814,Prince Faisal bin Fahd Stadium,0.6067011476263072,Very Close,66,2034-07-10 12:00:00,2034,7,10,12,0,False,54,High,81.81818181818183,True,False,True,4,81.81818181818183,Medium
REST_001061,QEUZ,restaurant,Unknown,24.8049729,46.6607622,Prince Faisal bin Fahd Stadium,6.264526233635944,Moderate,130,2034-07-15 20:00:00,2034,7,15,20,5,True,130,High,100.0,False,True,True,2,100.0,Large
REST_000189,Steakhouse,restaurant,Unknown,26.4603168,50.1209655,Prince Mohammed bin Fahd Stadium,5.446261784337334,Moderate,101,2034-07-13 21:00:00,2034,7,13,21,3,False,81,High,80.19801980198021,False,True,True,2,80.19801980198021,Large
REST_001061,QEUZ,restaurant,Unknown,24.8049729,46.6607622,Prince Faisal bin Fahd Stadium,6.264526233635944,Moderate,130,2034-06-07 17:00:00,2034,6,7,17,2,False,50,Low,38.46153846153847,False,False,False,2,38.46153846153847,Large
REST_001277,,cafe,Unknown,24.8327713,46.7676109,Prince Faisal bin Fahd Stadium,8.858096344878021,Moderate,97,2034-07-14 22:00:00,2034,7,14,22,4,True,69,Medium,71.1340206185567,False,True,True,2,71.1340206185567,Medium
REST_000575,Gamu Garden Restaurant and Coffee,restaurant,Unknown,21.5848315,39.1434779,King Abdullah Sports City,5.882807890094533,Moderate,186,2034-06-26 22:00:00,2034,6,26,22,0,False,104,Medium,55.91397849462365,False,True,True,2,55.91397849462365,Large
REST_000618,,cafe,Unknown,21.5985513,39.1237252,King Abdullah Sports City,3.631922233509138,Close,95,2034-07-02 17:00:00,2034,7,2,17,6,False,59,Medium,62.10526315789474,False,False,False,3,62.10526315789474,Medium
REST_001437,The Pizza Company,restaurant,Unknown,24.7026567,46.6799824,King Fahd International Stadium,2.159866708073871,Close,89,2034-07-07 12:00:00,2034,7,7,12,4,True,89,High,100.0,True,False,True,3,100.0,Medium
REST_001333,,restaurant,Unknown,24.7023914,46.6968701,King Fahd International Stadium,2.297200393125573,Close,146,2034-06-08 16:00:00,2034,6,8,16,3,False,126,High,86.3013698630137,False,False,False,3,86.3013698630137,Large
REST_000682,ستاربكس,cafe,Unknown,21.5768392,39.1091898,King Abdullah Sports City,5.905807231835083,Moderate,24,2034-06-04 09:00:00,2034,6,4,9,6,False,13,Medium,54.166666666666664,False,False,False,2,54.166666666666664,Small
REST_000635,,cafe,Unknown,21.5723976,39.1433779,King Abdullah Sports City,7.09101064382348,Moderate,83,2034-07-01 10:00:00,2034,7,1,10,5,True,83,High,100.0,False,False,False,2,100.0,Medium
REST_000764,شاورمر Shawarmer,restaurant,Unknown,24.81146,46.6261625,Prince Faisal bin Fahd Stadium,9.627759340618688,Moderate,151,2034-07-06 10:00:00,2034,7,6,10,3,False,96,Medium,63.576158940397356,False,False,False,2,63.576158940397356,Large
REST_000814,KFC,fast_food,Unknown,21.6402961,39.1307083,King Abdullah Sports City,2.1274003299759787,Close,44,2034-06-01 08:00:00,2034,6,1,8,3,False,27,Medium,61.36363636363637,False,False,False,3,61.36363636363637,Small
REST_000037,Ghawar,restaurant,Unknown,24.6697399,46.7315827,King Fahd International Stadium,4.846000136590066,Close,57,2034-07-01 16:00:00,2034,7,1,16,5,True,57,High,100.0,False,False,False,3,100.0,Medium
REST_001297,McDonald's,fast_food,Unknown,24.8026886,46.7949259,Prince Faisal bin Fahd Stadium,9.13792283907063,Moderate,56,2034-07-15 18:00:00,2034,7,15,18,5,True,33,Medium,58.92857142857143,False,False,False,2,58.92857142857143,Medium
REST_000339,كاشو,fast_food,Unknown,24.7804606,46.6633466,Prince Faisal bin Fahd Stadium,4.904334415073274,Close,54,2034-06-01 19:00:00,2034,6,1,19,3,False,54,High,100.0,False,True,True,3,100.0,Medium
REST_000371,Habrat Restaurant,restaurant,Unknown,21.6268475,39.1353485,King Abdullah Sports City,2.2821339382086694,Close,72,2034-06-18 11:00:00,2034,6,18,11,6,False,72,High,100.0,False,False,False,3,100.0,Medium
REST_001376,بروستد كوفي,restaurant,Unknown,24.6401514,46.7083399,King Fahd International Stadium,5.370451118649105,Moderate,77,2034-07-14 15:00:00,2034,7,14,15,4,True,68,High,88.31168831168831,False,False,False,2,88.31168831168831,Medium
REST_000118,,fast_food,Unknown,26.4142195,50.1199565,Prince Mohammed bin Fahd Stadium,3.185255167118252,Close,31,2034-06-09 20:00:00,2034,6,9,20,4,True,31,High,100.0,False,True,True,3,100.0,Small
REST_000946,سالدوتش,fast_food,Unknown,24.666506,46.683194,King Fahd International Stadium,1.9813759557512207,Very Close,43,2034-07-14 12:00:00,2034,7,14,12,4,True,43,High,100.0,True,False,True,4,100.0,Small
REST_001374,باسكن روبنز,cafe,Unknown,24.6896202,46.7332326,King Fahd International Stadium,4.781266262286317,Close,64,2034-06-24 11:00:00,2034,6,24,11,5,True,62,High,96.875,False,False,False,3,96.875,Medium
REST_001361,معصوب القادري,restaurant,Unknown,21.5731975,39.1584622,King Abdullah Sports City,7.824400379123443,Moderate,157,2034-06-12 08:00:00,2034,6,12,8,0,False,64,Low,40.76433121019109,False,False,False,2,40.76433121019109,Large
REST_001111,كانتون,fast_food,Unknown,24.6863651,46.6475898,King Fahd International Stadium,3.919127586994456,Close,37,2034-06-05 18:00:00,2034,6,5,18,0,False,15,Low,40.54054054054054,False,False,False,3,40.54054054054054,Small
REST_001450,كافيه ناي نسائي,cafe,Unknown,26.3639518,43.9492486,King Abdullah City Stadium,1.7653075026122027,Very Close,88,2034-06-30 09:00:00,2034,6,30,9,4,True,88,High,100.0,False,False,False,4,100.0,Medium
REST_000349,Core Coffee & Roastery,cafe,Unknown,24.7662814,46.7150917,Prince Faisal bin Fahd Stadium,0.7489946960039923,Very Close,29,2034-07-06 09:00:00,2034,7,6,9,3,False,28,High,96.55172413793103,False,False,False,4,96.55172413793103,Small
REST_001377,Kudu,restaurant,Unknown,24.704312,46.6833077,King Fahd International Stadium,2.267711502191541,Close,54,2034-06-25 15:00:00,2034,6,25,15,6,False,45,High,83.33333333333334,False,False,False,3,83.33333333333334,Medium
REST_001249,Bukhara Alhara,fast_food,Unknown,24.7670622,46.707419,Prince Faisal bin Fahd Stadium,0.6481518912623792,Very Close,73,2034-07-04 12:00:00,2034,7,4,12,1,False,73,High,100.0,True,False,True,4,100.0,Medium
REST_000677,Malaga Specialty Coffee - مالقه قهوة مختصه,cafe,Unknown,21.699561,39.1051823,King Abdullah Sports City,7.804547005035386,Moderate,26,2034-06-19 21:00:00,2034,6,19,21,0,False,16,Medium,61.53846153846154,False,True,True,2,61.53846153846154,Small
REST_000938,Kudu,restaurant,Unknown,21.6664279,39.1098748,King Abdullah Sports City,4.090033900752487,Close,51,2034-07-02 19:00:00,2034,7,2,19,6,False,51,High,100.0,False,True,True,3,100.0,Medium
REST_000673,,fast_food,Unknown,21.6225219,39.1638091,King Abdullah Sports City,5.262932147840783,Moderate,70,2034-07-03 21:00:00,2034,7,3,21,0,False,56,High,80.0,False,True,True,2,80.0,Medium
REST_000915,Dhahia Juice,fast_food,Unknown,24.8393628,46.732541,Prince Faisal bin Fahd Stadium,7.810262697915714,Moderate,69,2034-07-14 15:00:00,2034,7,14,15,4,True,46,Medium,66.66666666666666,False,False,False,2,66.66666666666666,Medium
REST_000843,The Coffee Address,cafe,Unknown,24.8344179,46.7353315,Prince Faisal bin Fahd Stadium,7.372755619428699,Moderate,58,2034-06-18 09:00:00,2034,6,18,9,6,False,22,Low,37.93103448275862,False,False,False,2,37.93103448275862,Medium
REST_000404,Ulb,fast_food,Unknown,24.7444149,46.6206874,King Fahd International Stadium,9.428894084691638,Moderate,35,2034-07-03 22:00:00,2034,7,3,22,0,False,27,Medium,77.14285714285715,False,True,True,2,77.14285714285715,Small
REST_001025,Signor Sassi,restaurant,Unknown,24.6996074,46.7047665,King Fahd International Stadium,2.5404642792417063,Close,190,2034-06-18 13:00:00,2034,6,18,13,6,False,171,High,90.0,True,False,True,3,90.0,Large
REST_001079,Urth Caffe,cafe,Unknown,21.5668615,39.1248304,King Abdullah Sports City,7.095803038786741,Moderate,80,2034-06-20 18:00:00,2034,6,20,18,1,False,37,Low,46.25,False,False,False,2,46.25,Medium
REST_000037,Ghawar,restaurant,Unknown,24.6697399,46.7315827,King Fahd International Stadium,4.846000136590066,Close,57,2034-06-02 14:00:00,2034,6,2,14,4,True,43,Medium,75.43859649122807,True,False,True,3,75.43859649122807,Medium
REST_001225,alforn,cafe,Unknown,21.6522453,39.1260439,King Abdullah Sports City,2.8124633312896465,Close,60,2034-06-10 10:00:00,2034,6,10,10,5,True,32,Medium,53.333333333333336,False,False,False,3,53.333333333333336,Medium
REST_001023,Agio,restaurant,Unknown,24.7521049,46.624429,Prince Faisal bin Fahd Stadium,9.014046215456707,Moderate,109,2034-07-02 13:00:00,2034,7,2,13,6,False,105,High,96.3302752293578,True,False,True,2,96.3302752293578,Large
REST_000912,تيم هورتونز,cafe,Unknown,24.8387541,46.7325597,Prince Faisal bin Fahd Stadium,7.7458084164826735,Moderate,25,2034-06-19 16:00:00,2034,6,19,16,0,False,21,High,84.0,False,False,False,2,84.0,Small
REST_001264,,cafe,Unknown,24.7856045,46.6457319,Prince Faisal bin Fahd Stadium,6.763220039975659,Moderate,27,2034-07-12 21:00:00,2034,7,12,21,2,False,27,High,100.0,False,True,True,2,100.0,Small
REST_000405,Chkn,fast_food,Unknown,24.7052437,46.6856344,King Fahd International Stadium,2.3520335760972437,Close,70,2034-06-30 11:00:00,2034,6,30,11,4,True,37,Medium,52.85714285714286,False,False,False,3,52.85714285714286,Medium
REST_001100,كانتون,fast_food,Unknown,21.6279694,39.1115847,King Abdullah Sports City,0.2839519065689463,Very Close,30,2034-06-23 20:00:00,2034,6,23,20,4,True,30,High,100.0,False,True,True,4,100.0,Small
REST_000519,ارببكا,cafe,Unknown,24.6372046,46.6931329,King Fahd International Stadium,5.260047735977853,Moderate,28,2034-07-01 20:00:00,2034,7,1,20,5,True,19,Medium,67.85714285714286,False,True,True,2,67.85714285714286,Small
REST_000037,Ghawar,restaurant,Unknown,24.6697399,46.7315827,King Fahd International Stadium,4.846000136590066,Close,57,2034-06-09 10:00:00,2034,6,9,10,4,True,28,Low,49.122807017543856,False,False,False,3,49.122807017543856,Medium
REST_001571,,restaurant,Unknown,24.7933327,46.655822,Prince Faisal bin Fahd Stadium,6.058854710120394,Moderate,55,2034-07-14 15:00:00,2034,7,14,15,4,True,31,Medium,56.36363636363636,False,False,False,2,56.36363636363636,Medium
REST_000760,خبز ونواشف,restaurant,Unknown,24.8119102,46.6460917,Prince Faisal bin Fahd Stadium,7.919940631004301,Moderate,126,2034-07-06 18:00:00,2034,7,6,18,3,False,89,Medium,70.63492063492063,False,False,False,2,70.63492063492063,Large
REST_001265,,fast_food,Unknown,24.7823054,46.649154,Prince Faisal bin Fahd Stadium,6.350199729567215,Moderate,38,2034-06-01 13:00:00,2034,6,1,13,3,False,25,Medium,65.78947368421053,True,False,True,2,65.78947368421053,Small
REST_001093,كانتون,fast_food,Unknown,26.4549221,50.1213564,Prince Mohammed bin Fahd Stadium,4.998786870689678,Close,39,2034-07-09 22:00:00,2034,7,9,22,6,False,39,High,100.0,False,True,True,3,100.0,Small
REST_000340,,restaurant,Unknown,24.7673823,46.6597538,Prince Faisal bin Fahd Stadium,5.198398854591871,Moderate,160,2034-06-11 22:00:00,2034,6,11,22,6,False,139,High,86.875,False,True,True,2,86.875,Large
REST_000292,كوب القهوة,cafe,Unknown,26.3180939,44.0372088,King Abdullah City Stadium,8.864373847296573,Moderate,80,2034-06-03 09:00:00,2034,6,3,9,5,True,42,Medium,52.5,False,False,False,2,52.5,Medium
REST_000299,EIGHTY + ثمانين,cafe,Unknown,26.4065469,43.9282725,King Abdullah City Stadium,5.855216754611595,Moderate,63,2034-06-25 22:00:00,2034,6,25,22,6,False,38,Medium,60.317460317460316,False,True,True,2,60.317460317460316,Medium
REST_001282,,restaurant,Unknown,24.7815563,46.6973544,Prince Faisal bin Fahd Stadium,1.7466583320160158,Very Close,109,2034-07-06 08:00:00,2034,7,6,8,3,False,60,Medium,55.04587155963303,False,False,False,4,55.04587155963303,Large
REST_001147,Tony Roma's,restaurant,Unknown,24.7027286,46.6801722,King Fahd International Stadium,2.161937210848951,Close,137,2034-07-03 08:00:00,2034,7,3,8,0,False,100,Medium,72.99270072992701,False,False,False,3,72.99270072992701,Large
REST_000925,جافا تايم,cafe,Unknown,24.7468121,46.6549157,Prince Faisal bin Fahd Stadium,6.312835867432516,Moderate,44,2034-06-09 15:00:00,2034,6,9,15,4,True,36,High,81.81818181818183,False,False,False,2,81.81818181818183,Small
REST_001563,Herfy,fast_food,Unknown,24.767528,46.6643418,Prince Faisal bin Fahd Stadium,4.735857869237161,Close,33,2034-07-13 14:00:00,2034,7,13,14,3,False,33,High,100.0,True,False,True,3,100.0,Small
REST_001202,Horizon Restaurant,restaurant,Unknown,26.4389531,50.1054376,Prince Mohammed bin Fahd Stadium,2.6199213311316063,Close,78,2034-06-21 13:00:00,2034,6,21,13,2,False,78,High,100.0,True,False,True,3,100.0,Medium
REST_001111,كانتون,fast_food,Unknown,24.6863651,46.6475898,King Fahd International Stadium,3.919127586994456,Close,37,2034-06-02 09:00:00,2034,6,2,9,4,True,34,High,91.8918918918919,False,False,False,3,91.8918918918919,Small
REST_000080,,restaurant,Unknown,24.8130073,46.7776531,Prince Faisal bin Fahd Stadium,8.134160472995248,Moderate,155,2034-06-02 13:00:00,2034,6,2,13,4,True,102,Medium,65.80645161290323,True,False,True,2,65.80645161290323,Large
REST_000342,,restaurant,Unknown,24.7938651,46.6548152,Prince Faisal bin Fahd Stadium,6.175594203497771,Moderate,96,2034-07-15 09:00:00,2034,7,15,9,5,True,50,Medium,52.083333333333336,False,False,False,2,52.083333333333336,Medium
REST_000638,Fish & Chips,fast_food,Unknown,24.7006869,46.6928923,King Fahd International Stadium,1.9609427883677322,Very Close,31,2034-07-15 18:00:00,2034,7,15,18,5,True,27,High,87.09677419354838,False,False,False,4,87.09677419354838,Small
REST_001208,ركن الفلافل,restaurant,Unknown,21.6093627,39.1350133,King Abdullah Sports City,3.1796253596077135,Close,164,2034-07-14 11:00:00,2034,7,14,11,4,True,156,High,95.1219512195122,False,False,False,3,95.1219512195122,Large
REST_000652,Pizza Hut,restaurant,Unknown,24.6878167,46.6878047,King Fahd International Stadium,0.4403523689977305,Very Close,126,2034-06-17 08:00:00,2034,6,17,8,5,True,126,High,100.0,False,False,False,4,100.0,Large
REST_001336,مطعم كمون البخاري,restaurant,Unknown,24.6851879,46.7667693,King Fahd International Stadium,8.131030996167413,Moderate,73,2034-07-14 20:00:00,2034,7,14,20,4,True,73,High,100.0,False,True,True,2,100.0,Medium
REST_000141,مطعم اسماك السلطان,restaurant,Unknown,26.4363725,50.0942901,Prince Mohammed bin Fahd Stadium,1.8264340061687887,Very Close,84,2034-06-09 20:00:00,2034,6,9,20,4,True,84,High,100.0,False,True,True,4,100.0,Medium
REST_001069,مطعم بنات سارة‭,restaurant,Unknown,24.8203626,46.7891863,Prince Faisal bin Fahd Stadium,9.55661762602268,Moderate,149,2034-06-16 10:00:00,2034,6,16,10,4,True,149,High,100.0,False,False,False,2,100.0,Large
REST_000124,ماكدونالدز,restaurant,Unknown,26.4041626,50.0576601,Prince Mohammed bin Fahd Stadium,3.6053616022522577,Close,157,2034-06-24 22:00:00,2034,6,24,22,5,True,142,High,90.44585987261146,False,True,True,3,90.44585987261146,Large
REST_000504,مطبغ الضيافة,restaurant,Unknown,21.5813302,39.1601843,King Abdullah Sports City,7.234726941392608,Moderate,138,2034-06-19 11:00:00,2034,6,19,11,0,False,83,Medium,60.14492753623188,False,False,False,2,60.14492753623188,Large
REST_001265,,fast_food,Unknown,24.7823054,46.649154,Prince Faisal bin Fahd Stadium,6.350199729567215,Moderate,38,2034-06-05 22:00:00,2034,6,5,22,0,False,33,High,86.8421052631579,False,True,True,2,86.8421052631579,Small
REST_001571,,restaurant,Unknown,24.7933327,46.655822,Prince Faisal bin Fahd Stadium,6.058854710120394,Moderate,55,2034-06-08 20:00:00,2034,6,8,20,3,False,49,High,89.0909090909091,False,True,True,2,89.0909090909091,Medium
REST_001563,Herfy,fast_food,Unknown,24.767528,46.6643418,Prince Faisal bin Fahd Stadium,4.735857869237161,Close,33,2034-07-15 18:00:00,2034,7,15,18,5,True,33,High,100.0,False,False,False,3,100.0,Small
REST_000081,pure juice,restaurant,Unknown,26.3608854,50.0972872,Prince Mohammed bin Fahd Stadium,6.704590543009442,Moderate,185,2034-07-03 08:00:00,2034,7,3,8,0,False,146,Medium,78.91891891891892,False,False,False,2,78.91891891891892,Large
REST_000523,Be Karam بي كرم,restaurant,Unknown,24.7413004,46.6463797,Prince Faisal bin Fahd Stadium,7.3589187295888925,Moderate,159,2034-06-14 12:00:00,2034,6,14,12,2,False,105,Medium,66.0377358490566,True,False,True,2,66.0377358490566,Large
REST_000137,البخاري,restaurant,Unknown,26.4268519,50.0124603,Prince Mohammed bin Fahd Stadium,7.632476730856747,Moderate,52,2034-06-23 17:00:00,2034,6,23,17,4,True,28,Medium,53.84615384615385,False,False,False,2,53.84615384615385,Medium
REST_000705,,restaurant,Unknown,24.793833,46.6547551,Prince Faisal bin Fahd Stadium,6.179758496862934,Moderate,93,2034-07-14 17:00:00,2034,7,14,17,4,True,62,Medium,66.66666666666666,False,False,False,2,66.66666666666666,Medium
REST_000840,ميلانا كافيه,cafe,Unknown,24.8336702,46.7334612,Prince Faisal bin Fahd Stadium,7.233041214872869,Moderate,64,2034-07-07 10:00:00,2034,7,7,10,4,True,38,Medium,59.375,False,False,False,2,59.375,Medium
REST_000053,ماكدونالز,fast_food,Unknown,24.811728,46.7691345,Prince Faisal bin Fahd Stadium,7.35203380959969,Moderate,61,2034-06-22 08:00:00,2034,6,22,8,3,False,21,Low,34.42622950819672,False,False,False,2,34.42622950819672,Medium
REST_001287,بوفية لذيذة,fast_food,Unknown,24.789891,46.6516004,Prince Faisal bin Fahd Stadium,6.321617562001353,Moderate,71,2034-07-13 11:00:00,2034,7,13,11,3,False,29,Low,40.845070422535215,False,False,False,2,40.845070422535215,Medium
REST_001514,مطعم الدرة,restaurant,Unknown,26.3167846,43.945172,King Abdullah City Stadium,5.950488993521958,Moderate,97,2034-07-07 11:00:00,2034,7,7,11,4,True,50,Medium,51.546391752577314,False,False,False,2,51.546391752577314,Medium
REST_001077,Urth Caffe,cafe,Unknown,21.6483406,39.1121231,King Abdullah Sports City,2.066526819270073,Close,58,2034-06-16 18:00:00,2034,6,16,18,4,True,58,High,100.0,False,False,False,3,100.0,Medium
REST_001023,Agio,restaurant,Unknown,24.7521049,46.624429,Prince Faisal bin Fahd Stadium,9.014046215456707,Moderate,109,2034-06-24 20:00:00,2034,6,24,20,5,True,109,High,100.0,False,True,True,2,100.0,Large
REST_001047,مطاعم الباهر,restaurant,Unknown,21.5850807,39.1597016,King Abdullah Sports City,6.894931529153274,Moderate,75,2034-07-15 13:00:00,2034,7,15,13,5,True,70,High,93.33333333333333,True,False,True,2,93.33333333333333,Medium
REST_000616,د.كيف,cafe,Unknown,24.847569,46.7336478,Prince Faisal bin Fahd Stadium,8.718994264118326,Moderate,80,2034-06-18 22:00:00,2034,6,18,22,6,False,80,High,100.0,False,True,True,2,100.0,Medium
REST_000112,السيف لاونج,cafe,Unknown,26.4568159,50.1307542,Prince Mohammed bin Fahd Stadium,5.794504884134874,Moderate,72,2034-06-13 10:00:00,2034,6,13,10,1,False,47,Medium,65.27777777777779,False,False,False,2,65.27777777777779,Medium
REST_000949,سالدوتش,fast_food,Unknown,24.6914219,46.7007083,King Fahd International Stadium,1.667899849851937,Very Close,45,2034-07-15 08:00:00,2034,7,15,8,5,True,45,High,100.0,False,False,False,4,100.0,Small
REST_000619,Java Cafe,cafe,Unknown,24.6883445,46.7185334,King Fahd International Stadium,3.290648674299839,Close,74,2034-06-27 13:00:00,2034,6,27,13,1,False,60,High,81.08108108108108,True,False,True,3,81.08108108108108,Medium
REST_001457,ديل برجر,restaurant,Unknown,26.3926371,43.9203766,King Abdullah City Stadium,5.441693716202213,Moderate,167,2034-06-21 18:00:00,2034,6,21,18,2,False,104,Medium,62.27544910179641,False,False,False,2,62.27544910179641,Large
REST_000750,شريمبلس,restaurant,Unknown,24.8182369,46.6422566,Prince Faisal bin Fahd Stadium,8.642958312867966,Moderate,110,2034-06-20 15:00:00,2034,6,20,15,1,False,93,High,84.54545454545455,False,False,False,2,84.54545454545455,Large
REST_000915,Dhahia Juice,fast_food,Unknown,24.8393628,46.732541,Prince Faisal bin Fahd Stadium,7.810262697915714,Moderate,69,2034-06-04 22:00:00,2034,6,4,22,6,False,65,High,94.20289855072464,False,True,True,2,94.20289855072464,Medium
REST_001087,كانتون,fast_food,Unknown,24.6914305,46.6698724,King Fahd International Stadium,1.8490613927145279,Very Close,77,2034-06-26 14:00:00,2034,6,26,14,0,False,77,High,100.0,True,False,True,4,100.0,Medium
REST_000264,Vendor Coffee - مقهى فيندور,cafe,Unknown,24.7558162,46.7718623,Prince Faisal bin Fahd Stadium,6.4001987570527925,Moderate,58,2034-06-07 08:00:00,2034,6,7,8,2,False,18,Low,31.03448275862069,False,False,False,2,31.03448275862069,Medium
REST_000050,كودو,fast_food,Unknown,24.7385468,46.7986442,Prince Faisal bin Fahd Stadium,9.595693914709917,Moderate,41,2034-07-02 12:00:00,2034,7,2,12,6,False,23,Medium,56.09756097560976,True,False,True,2,56.09756097560976,Small
REST_001019,كانتون,fast_food,Unknown,24.6711944,46.732203,King Fahd International Stadium,4.854953811318538,Close,60,2034-06-08 17:00:00,2034,6,8,17,3,False,26,Low,43.333333333333336,False,False,False,3,43.333333333333336,Medium
REST_000641,Steak House,restaurant,Unknown,21.5749298,39.1273211,King Abdullah Sports City,6.26637393661906,Moderate,199,2034-06-03 14:00:00,2034,6,3,14,5,True,120,Medium,60.30150753768844,True,False,True,2,60.30150753768844,Large
REST_000763,دونربير,restaurant,Unknown,24.8183863,46.6426174,Prince Faisal bin Fahd Stadium,8.623688215721925,Moderate,62,2034-07-04 22:00:00,2034,7,4,22,1,False,30,Low,48.38709677419355,False,True,True,2,48.38709677419355,Medium
REST_000921,كاريبو كافيه,cafe,Unknown,24.748431,46.7452618,Prince Faisal bin Fahd Stadium,4.333400688992022,Close,29,2034-06-18 20:00:00,2034,6,18,20,6,False,29,High,100.0,False,True,True,3,100.0,Small
REST_001277,,cafe,Unknown,24.8327713,46.7676109,Prince Faisal bin Fahd Stadium,8.858096344878021,Moderate,97,2034-06-10 22:00:00,2034,6,10,22,5,True,71,Medium,73.19587628865979,False,True,True,2,73.19587628865979,Medium
REST_000912,تيم هورتونز,cafe,Unknown,24.8387541,46.7325597,Prince Faisal bin Fahd Stadium,7.7458084164826735,Moderate,25,2034-06-27 21:00:00,2034,6,27,21,1,False,25,High,100.0,False,True,True,2,100.0,Small
REST_000460,فلافل عمو باسل,restaurant,Unknown,26.3637343,50.0712777,Prince Mohammed bin Fahd Stadium,6.570345335794803,Moderate,73,2034-06-06 12:00:00,2034,6,6,12,1,False,62,High,84.93150684931507,True,False,True,2,84.93150684931507,Medium
REST_000978,Piccolo Roasters,cafe,Unknown,24.7967938,46.6761147,Prince Faisal bin Fahd Stadium,4.479406277618962,Close,46,2034-07-05 18:00:00,2034,7,5,18,2,False,29,Medium,63.04347826086957,False,False,False,3,63.04347826086957,Small
REST_000568,Pasto Caldo,restaurant,Unknown,21.6270033,39.1107051,King Abdullah Sports City,0.4244642384363657,Very Close,102,2034-06-13 17:00:00,2034,6,13,17,1,False,61,Medium,59.80392156862745,False,False,False,4,59.80392156862745,Large
REST_000768,ديب فرايز,restaurant,Unknown,24.8151974,46.6354608,Prince Faisal bin Fahd Stadium,9.018025347370818,Moderate,86,2034-06-02 22:00:00,2034,6,2,22,4,True,82,High,95.34883720930233,False,True,True,2,95.34883720930233,Medium
REST_000424,UMQ Coffee 2.2 قهوة عمق,cafe,Unknown,26.4586931,50.0852868,Prince Mohammed bin Fahd Stadium,4.239096066625124,Close,37,2034-06-16 16:00:00,2034,6,16,16,4,True,32,High,86.48648648648648,False,False,False,3,86.48648648648648,Small
REST_001422,,restaurant,Unknown,24.6983833,46.6873862,King Fahd International Stadium,1.5920170775778464,Very Close,84,2034-06-29 16:00:00,2034,6,29,16,3,False,78,High,92.85714285714286,False,False,False,4,92.85714285714286,Medium
REST_000913,Bateel El'an,restaurant,Unknown,24.8426989,46.7339669,Prince Faisal bin Fahd Stadium,8.206687960489587,Moderate,128,2034-06-23 13:00:00,2034,6,23,13,4,True,114,High,89.0625,True,False,True,2,89.0625,Large
REST_000746,Marina Petit Cafe,restaurant,Unknown,21.6533769,39.1025319,King Abdullah Sports City,2.856232064999067,Close,105,2034-07-04 11:00:00,2034,7,4,11,1,False,62,Medium,59.04761904761905,False,False,False,3,59.04761904761905,Large
REST_000771,ميت لوفر,restaurant,Unknown,24.8173115,46.6440981,Prince Faisal bin Fahd Stadium,8.432436504913907,Moderate,97,2034-07-08 10:00:00,2034,7,8,10,5,True,78,High,80.41237113402062,False,False,False,2,80.41237113402062,Medium
REST_001264,,cafe,Unknown,24.7856045,46.6457319,Prince Faisal bin Fahd Stadium,6.763220039975659,Moderate,27,2034-07-02 21:00:00,2034,7,2,21,6,False,27,High,100.0,False,True,True,2,100.0,Small
REST_001224,ghaze alhesane,fast_food,Unknown,21.6526591,39.1258937,King Abdullah Sports City,2.8463529612627196,Close,60,2034-06-20 12:00:00,2034,6,20,12,1,False,58,High,96.66666666666667,True,False,True,3,96.66666666666667,Medium
REST_000497,بيت الدجاج,fast_food,Unknown,26.3618725,43.9583732,King Abdullah City Stadium,0.988116211265392,Very Close,58,2034-07-07 14:00:00,2034,7,7,14,4,True,58,High,100.0,True,False,True,4,100.0,Medium
REST_000796,دانكن دونتس,fast_food,Unknown,21.5886282,39.1435931,King Abdullah Sports City,5.535106240925386,Moderate,78,2034-06-15 13:00:00,2034,6,15,13,3,False,46,Medium,58.97435897435898,True,False,True,2,58.97435897435898,Medium
REST_001564,,restaurant,Unknown,24.7667736,46.6596068,Prince Faisal bin Fahd Stadium,5.220140939662833,Moderate,173,2034-06-11 19:00:00,2034,6,11,19,6,False,173,High,100.0,False,True,True,2,100.0,Large
REST_000077,,restaurant,Unknown,24.8164903,46.7748421,Prince Faisal bin Fahd Stadium,8.131173254585994,Moderate,95,2034-07-07 14:00:00,2034,7,7,14,4,True,95,High,100.0,True,False,True,2,100.0,Medium
REST_001275,McDonald's,fast_food,Unknown,24.7762816,46.7773771,Prince Faisal bin Fahd Stadium,6.719207498063313,Moderate,50,2034-06-25 14:00:00,2034,6,25,14,6,False,50,High,100.0,True,False,True,2,100.0,Medium
REST_000978,Piccolo Roasters,cafe,Unknown,24.7967938,46.6761147,Prince Faisal bin Fahd Stadium,4.479406277618962,Close,46,2034-06-18 08:00:00,2034,6,18,8,6,False,46,High,100.0,False,False,False,3,100.0,Small
REST_000286,كودو,fast_food,Unknown,26.3963971,43.9255495,King Abdullah City Stadium,5.263804879077784,Moderate,74,2034-06-14 20:00:00,2034,6,14,20,2,False,56,Medium,75.67567567567568,False,True,True,2,75.67567567567568,Medium
REST_000502,سمكة حرة,restaurant,Unknown,21.5809069,39.1603235,King Abdullah Sports City,7.279425720687104,Moderate,72,2034-06-19 09:00:00,2034,6,19,9,0,False,34,Low,47.22222222222222,False,False,False,2,47.22222222222222,Medium
REST_001365,La Plage Resturant,restaurant,Unknown,21.7104034,39.0858491,King Abdullah Sports City,9.407135130792394,Moderate,109,2034-06-29 08:00:00,2034,6,29,8,3,False,56,Medium,51.37614678899083,False,False,False,2,51.37614678899083,Large
REST_001336,مطعم كمون البخاري,restaurant,Unknown,24.6851879,46.7667693,King Fahd International Stadium,8.131030996167413,Moderate,73,2034-06-11 20:00:00,2034,6,11,20,6,False,44,Medium,60.273972602739725,False,True,True,2,60.273972602739725,Medium
REST_000116,Phd55,restaurant,Unknown,26.4140411,50.1193958,Prince Mohammed bin Fahd Stadium,3.13551917326331,Close,94,2034-06-19 16:00:00,2034,6,19,16,0,False,50,Medium,53.191489361702125,False,False,False,3,53.191489361702125,Medium
REST_000759,باستليتا,restaurant,Unknown,24.8119912,46.6462956,Prince Faisal bin Fahd Stadium,7.907992504126639,Moderate,145,2034-06-28 22:00:00,2034,6,28,22,2,False,116,High,80.0,False,True,True,2,80.0,Large
REST_001143,الشام شامك,restaurant,Unknown,26.3960741,43.9496506,King Abdullah City Stadium,3.6814203848002136,Close,105,2034-06-18 13:00:00,2034,6,18,13,6,False,94,High,89.52380952380953,True,False,True,3,89.52380952380953,Large
REST_001336,مطعم كمون البخاري,restaurant,Unknown,24.6851879,46.7667693,King Fahd International Stadium,8.131030996167413,Moderate,73,2034-07-15 20:00:00,2034,7,15,20,5,True,73,High,100.0,False,True,True,2,100.0,Medium
REST_001283,,cafe,Unknown,24.7821629,46.7063921,Prince Faisal bin Fahd Stadium,1.2323621339488111,Very Close,85,2034-07-05 18:00:00,2034,7,5,18,2,False,84,High,98.82352941176471,False,False,False,4,98.82352941176471,Medium
REST_001105,كانتون,fast_food,Unknown,24.758633,46.7144332,Prince Faisal bin Fahd Stadium,1.5154029092945864,Very Close,42,2034-06-18 09:00:00,2034,6,18,9,6,False,42,High,100.0,False,False,False,4,100.0,Small
REST_000689,بروست تشيليز,fast_food,Unknown,21.5939486,39.1662543,King Abdullah Sports City,6.755310660145509,Moderate,70,2034-06-02 15:00:00,2034,6,2,15,4,True,60,High,85.71428571428571,False,False,False,2,85.71428571428571,Medium
REST_000069,cloud9coffee,cafe,Unknown,21.5595812,39.1333432,King Abdullah Sports City,8.073010297782776,Moderate,59,2034-06-02 09:00:00,2034,6,2,9,4,True,24,Low,40.67796610169492,False,False,False,2,40.67796610169492,Medium
REST_000387,ليفاني كوفي - Leivani coffee,cafe,Unknown,24.747746,46.7018094,Prince Faisal bin Fahd Stadium,2.841605378077961,Close,77,2034-06-24 16:00:00,2034,6,24,16,5,True,77,High,100.0,False,False,False,3,100.0,Medium
REST_000758,بارولي كافيه,cafe,Unknown,24.8173852,46.644058,Prince Faisal bin Fahd Stadium,8.440585172298908,Moderate,53,2034-06-20 15:00:00,2034,6,20,15,1,False,20,Low,37.735849056603776,False,False,False,2,37.735849056603776,Medium
REST_000411,مطعم ابوعيسى للمشويات,restaurant,Unknown,26.4210904,50.068596,Prince Mohammed bin Fahd Stadium,2.012394027171295,Close,167,2034-07-13 19:00:00,2034,7,13,19,3,False,167,High,100.0,False,True,True,3,100.0,Large
REST_000914,One Million,restaurant,Unknown,24.8417852,46.7331393,Prince Faisal bin Fahd Stadium,8.085796849499769,Moderate,136,2034-06-13 17:00:00,2034,6,13,17,1,False,57,Low,41.911764705882355,False,False,False,2,41.911764705882355,Large
REST_001434,Hardee's,restaurant,Unknown,24.7042627,46.6651055,King Fahd International Stadium,3.1002027463570068,Close,144,2034-07-11 15:00:00,2034,7,11,15,1,False,87,Medium,60.416666666666664,False,False,False,3,60.416666666666664,Large
REST_000045,Golden Palace Chinese Restaurant,restaurant,Unknown,21.5566055,39.1691506,King Abdullah Sports City,9.96729911629322,Moderate,98,2034-07-01 09:00:00,2034,7,1,9,5,True,39,Low,39.795918367346935,False,False,False,2,39.795918367346935,Medium
REST_000927,د.كيف,cafe,Unknown,24.6746514,46.7799945,King Fahd International Stadium,9.52484767466136,Moderate,54,2034-07-15 12:00:00,2034,7,15,12,5,True,54,High,100.0,True,False,True,2,100.0,Medium
REST_000142,,restaurant,Unknown,26.4433236,50.09398,Prince Mohammed bin Fahd Stadium,2.5679599914778457,Close,138,2034-07-06 14:00:00,2034,7,6,14,3,False,138,High,100.0,True,False,True,3,100.0,Large
REST_000765,كوفليت,restaurant,Unknown,24.8131505,46.6460734,Prince Faisal bin Fahd Stadium,7.999713221320555,Moderate,70,2034-07-07 15:00:00,2034,7,7,15,4,True,38,Medium,54.285714285714285,False,False,False,2,54.285714285714285,Medium
REST_001227,Mood Master Specialty Coffee Roasters and Cafe,cafe,Unknown,24.8013936,46.7071438,Prince Faisal bin Fahd Stadium,3.3025624772767106,Close,75,2034-06-19 18:00:00,2034,6,19,18,0,False,66,High,88.0,False,False,False,3,88.0,Medium
REST_000110,,cafe,Unknown,26.4360953,50.1000639,Prince Mohammed bin Fahd Stadium,2.0465826208359315,Close,55,2034-06-21 16:00:00,2034,6,21,16,2,False,35,Medium,63.63636363636363,False,False,False,3,63.63636363636363,Medium
REST_001377,Kudu,restaurant,Unknown,24.704312,46.6833077,King Fahd International Stadium,2.267711502191541,Close,54,2034-06-05 17:00:00,2034,6,5,17,0,False,54,High,100.0,False,False,False,3,100.0,Medium
REST_001033,San Carlo Cicchetti,restaurant,Unknown,21.5508639,39.1541335,King Abdullah Sports City,9.730942506545354,Moderate,83,2034-06-03 17:00:00,2034,6,3,17,5,True,42,Medium,50.602409638554214,False,False,False,2,50.602409638554214,Medium
REST_000346,,cafe,Unknown,24.7776024,46.7075291,Prince Faisal bin Fahd Stadium,0.7244669765230232,Very Close,49,2034-06-20 10:00:00,2034,6,20,10,1,False,43,High,87.75510204081633,False,False,False,4,87.75510204081633,Small
REST_000618,,cafe,Unknown,21.5985513,39.1237252,King Abdullah Sports City,3.631922233509138,Close,95,2034-07-12 08:00:00,2034,7,12,8,2,False,84,High,88.42105263157895,False,False,False,3,88.42105263157895,Medium
REST_000689,بروست تشيليز,fast_food,Unknown,21.5939486,39.1662543,King Abdullah Sports City,6.755310660145509,Moderate,70,2034-07-11 19:00:00,2034,7,11,19,1,False,70,High,100.0,False,True,True,2,100.0,Medium
REST_000341,Shimmers,restaurant,Unknown,24.7670034,46.6593779,Prince Faisal bin Fahd Stadium,5.240392972922303,Moderate,64,2034-06-18 12:00:00,2034,6,18,12,6,False,39,Medium,60.9375,True,False,True,2,60.9375,Medium
REST_000349,Core Coffee & Roastery,cafe,Unknown,24.7662814,46.7150917,Prince Faisal bin Fahd Stadium,0.7489946960039923,Very Close,29,2034-06-26 14:00:00,2034,6,26,14,0,False,29,High,100.0,True,False,True,4,100.0,Small
REST_001409,Friday's,restaurant,Unknown,24.7044957,46.6646636,King Fahd International Stadium,3.149804203532667,Close,164,2034-07-07 11:00:00,2034,7,7,11,4,True,164,High,100.0,False,False,False,3,100.0,Large
REST_001497,فيشون,restaurant,Unknown,26.3961832,43.9496378,King Abdullah City Stadium,3.692774209613721,Close,157,2034-06-16 09:00:00,2034,6,16,9,4,True,85,Medium,54.14012738853503,False,False,False,3,54.14012738853503,Large
REST_000686,هارديز,fast_food,Unknown,24.5960543,46.6815841,King Fahd International Stadium,9.801830764937293,Moderate,43,2034-06-11 17:00:00,2034,6,11,17,6,False,27,Medium,62.7906976744186,False,False,False,2,62.7906976744186,Small
REST_000112,السيف لاونج,cafe,Unknown,26.4568159,50.1307542,Prince Mohammed bin Fahd Stadium,5.794504884134874,Moderate,72,2034-06-04 10:00:00,2034,6,4,10,6,False,51,Medium,70.83333333333334,False,False,False,2,70.83333333333334,Medium
REST_000935,محمصة الدار,cafe,Unknown,24.6514046,46.7066725,King Fahd International Stadium,4.177932531041271,Close,71,2034-06-08 12:00:00,2034,6,8,12,3,False,58,High,81.69014084507043,True,False,True,3,81.69014084507043,Medium
REST_001415,Kudu,fast_food,Unknown,24.6987643,46.6901893,King Fahd International Stadium,1.677270544022254,Very Close,59,2034-06-30 13:00:00,2034,6,30,13,4,True,59,High,100.0,True,False,True,4,100.0,Medium
REST_000750,شريمبلس,restaurant,Unknown,24.8182369,46.6422566,Prince Faisal bin Fahd Stadium,8.642958312867966,Moderate,110,2034-06-05 20:00:00,2034,6,5,20,0,False,78,Medium,70.9090909090909,False,True,True,2,70.9090909090909,Large
REST_000114,بلاسا اكيل,fast_food,Unknown,26.4349258,50.1172852,Prince Mohammed bin Fahd Stadium,3.247673740338062,Close,69,2034-06-07 16:00:00,2034,6,7,16,2,False,36,Medium,52.17391304347826,False,False,False,3,52.17391304347826,Medium
REST_000642,,restaurant,Unknown,24.6950224,46.6821823,King Fahd International Stadium,1.2837885491746757,Very Close,85,2034-06-30 14:00:00,2034,6,30,14,4,True,85,High,100.0,True,False,True,4,100.0,Medium
REST_001436,,fast_food,Unknown,24.6998806,46.6823339,King Fahd International Stadium,1.7998893815554278,Very Close,55,2034-06-16 10:00:00,2034,6,16,10,4,True,55,High,100.0,False,False,False,4,100.0,Medium
REST_000345,بول,restaurant,Unknown,24.7808456,46.6974026,Prince Faisal bin Fahd Stadium,1.695282012478964,Very Close,98,2034-07-02 12:00:00,2034,7,2,12,6,False,98,High,100.0,True,False,True,4,100.0,Medium
REST_000925,جافا تايم,cafe,Unknown,24.7468121,46.6549157,Prince Faisal bin Fahd Stadium,6.312835867432516,Moderate,44,2034-07-07 10:00:00,2034,7,7,10,4,True,30,Medium,68.18181818181817,False,False,False,2,68.18181818181817,Small
REST_000679,مطعم السبيعي,restaurant,Unknown,24.598203,46.685459,King Fahd International Stadium,9.551688819366255,Moderate,184,2034-07-07 18:00:00,2034,7,7,18,4,True,139,Medium,75.54347826086956,False,False,False,2,75.54347826086956,Large
REST_000755,Mashi No Mashi,restaurant,Unknown,21.6531959,39.1005238,King Abdullah Sports City,2.9268734872086792,Close,99,2034-07-13 19:00:00,2034,7,13,19,3,False,66,Medium,66.66666666666666,False,True,True,3,66.66666666666666,Medium
REST_000803,Goodies,restaurant,Unknown,21.573008,39.1273857,King Abdullah Sports City,6.476101290694813,Moderate,152,2034-06-03 17:00:00,2034,6,3,17,5,True,74,Low,48.68421052631579,False,False,False,2,48.68421052631579,Large
REST_001245,مطعم فول وعدس,restaurant,Unknown,24.7090425,46.6795473,King Fahd International Stadium,2.8561454670752604,Close,97,2034-07-11 16:00:00,2034,7,11,16,1,False,87,High,89.69072164948454,False,False,False,3,89.69072164948454,Medium
REST_000001,مايسترو,restaurant,Unknown,24.6611514,46.7011863,King Fahd International Stadium,2.9621000416153795,Close,103,2034-07-12 16:00:00,2034,7,12,16,2,False,61,Medium,59.22330097087378,False,False,False,3,59.22330097087378,Large
REST_000977,مطعم حنيذ الجنوب-طيبة,restaurant,Unknown,26.359091,50.0437992,Prince Mohammed bin Fahd Stadium,8.186746687833677,Moderate,74,2034-06-01 20:00:00,2034,6,1,20,3,False,74,High,100.0,False,True,True,2,100.0,Medium
REST_000317,ميوزد بيت القهوة,cafe,Unknown,24.8035305,46.6743369,Prince Faisal bin Fahd Stadium,5.105766897844834,Moderate,97,2034-07-07 13:00:00,2034,7,7,13,4,True,75,Medium,77.31958762886599,True,False,True,2,77.31958762886599,Medium
REST_001467,رشوش,restaurant,Unknown,26.36949,43.9335526,King Abdullah City Stadium,3.3168870227743015,Close,171,2034-06-04 20:00:00,2034,6,4,20,6,False,145,High,84.7953216374269,False,True,True,3,84.7953216374269,Large
REST_001127,كانتون,fast_food,Unknown,21.5496814,39.1476104,King Abdullah Sports City,9.581478278878778,Moderate,64,2034-07-15 08:00:00,2034,7,15,8,5,True,64,High,100.0,False,False,False,2,100.0,Medium
REST_000852,McDonald's,fast_food,Unknown,24.7616003,46.6734739,Prince Faisal bin Fahd Stadium,3.958217349628823,Close,57,2034-06-02 09:00:00,2034,6,2,9,4,True,35,Medium,61.40350877192983,False,False,False,3,61.40350877192983,Medium
REST_000757,سمك,restaurant,Unknown,24.8151713,46.6353868,Prince Faisal bin Fahd Stadium,9.022795291434852,Moderate,92,2034-06-23 09:00:00,2034,6,23,9,4,True,54,Medium,58.69565217391305,False,False,False,2,58.69565217391305,Medium
REST_000519,ارببكا,cafe,Unknown,24.6372046,46.6931329,King Fahd International Stadium,5.260047735977853,Moderate,28,2034-07-08 11:00:00,2034,7,8,11,5,True,12,Low,42.857142857142854,False,False,False,2,42.857142857142854,Small
REST_000183,Golden Corner,restaurant,Unknown,26.4112319,50.0801591,Prince Mohammed bin Fahd Stadium,1.359728737700047,Very Close,134,2034-06-17 15:00:00,2034,6,17,15,5,True,134,High,100.0,False,False,False,4,100.0,Large
REST_000758,بارولي كافيه,cafe,Unknown,24.8173852,46.644058,Prince Faisal bin Fahd Stadium,8.440585172298908,Moderate,53,2034-07-12 22:00:00,2034,7,12,22,2,False,52,High,98.11320754716981,False,True,True,2,98.11320754716981,Medium
REST_001033,San Carlo Cicchetti,restaurant,Unknown,21.5508639,39.1541335,King Abdullah Sports City,9.730942506545354,Moderate,83,2034-06-26 13:00:00,2034,6,26,13,0,False,83,High,100.0,True,False,True,2,100.0,Medium
REST_000307,مطعم بيت السندباد,restaurant,Unknown,26.3570557,43.9522896,King Abdullah City Stadium,1.792025346765346,Very Close,50,2034-06-23 09:00:00,2034,6,23,9,4,True,48,High,96.0,False,False,False,4,96.0,Medium
REST_000142,,restaurant,Unknown,26.4433236,50.09398,Prince Mohammed bin Fahd Stadium,2.5679599914778457,Close,138,2034-06-04 13:00:00,2034,6,4,13,6,False,116,High,84.05797101449275,True,False,True,3,84.05797101449275,Large
REST_000111,جوفريز,cafe,Unknown,26.4105221,50.1034215,Prince Mohammed bin Fahd Stadium,1.8441787312810132,Very Close,89,2034-06-28 15:00:00,2034,6,28,15,2,False,82,High,92.13483146067416,False,False,False,4,92.13483146067416,Medium
REST_000316,,cafe,Unknown,24.8288808,46.6826866,Prince Faisal bin Fahd Stadium,6.950718142117515,Moderate,88,2034-06-13 10:00:00,2034,6,13,10,1,False,53,Medium,60.22727272727273,False,False,False,2,60.22727272727273,Medium
REST_000749,عريشة أوراق العنب,restaurant,Unknown,24.8127717,46.6292445,Prince Faisal bin Fahd Stadium,9.421538539008969,Moderate,89,2034-07-02 14:00:00,2034,7,2,14,6,False,89,High,100.0,True,False,True,2,100.0,Medium
REST_000635,,cafe,Unknown,21.5723976,39.1433779,King Abdullah Sports City,7.09101064382348,Moderate,83,2034-06-02 13:00:00,2034,6,2,13,4,True,48,Medium,57.831325301204814,True,False,True,2,57.831325301204814,Medium
REST_000686,هارديز,fast_food,Unknown,24.5960543,46.6815841,King Fahd International Stadium,9.801830764937293,Moderate,43,2034-07-08 12:00:00,2034,7,8,12,5,True,35,High,81.3953488372093,True,False,True,2,81.3953488372093,Small
REST_001146,الاكلة الفاخرة,restaurant,Unknown,26.3570008,43.9522254,King Abdullah City Stadium,1.8008036970602852,Very Close,166,2034-06-08 17:00:00,2034,6,8,17,3,False,79,Low,47.59036144578313,False,False,False,4,47.59036144578313,Large
REST_001423,Shiraz Restaurant (Iranian),restaurant,Unknown,24.7014755,46.6916745,King Fahd International Stadium,2.0069137128661634,Close,95,2034-06-24 09:00:00,2034,6,24,9,5,True,95,High,100.0,False,False,False,3,100.0,Medium
REST_001289,الوجه الذهبي,cafe,Unknown,24.7919336,46.6254011,Prince Faisal bin Fahd Stadium,8.924135294064044,Moderate,20,2034-06-08 19:00:00,2034,6,8,19,3,False,9,Low,45.0,False,True,True,2,45.0,Small
REST_000378,marrsm,cafe,Unknown,21.6103849,39.125339,King Abdullah Sports City,2.4816162492231526,Close,36,2034-06-25 19:00:00,2034,6,25,19,6,False,27,Medium,75.0,False,True,True,3,75.0,Small
REST_000676,مطعم هرفي,restaurant,Unknown,26.4194699,50.0201496,Prince Mohammed bin Fahd Stadium,6.837661872347182,Moderate,169,2034-06-29 12:00:00,2034,6,29,12,3,False,91,Medium,53.84615384615385,True,False,True,2,53.84615384615385,Large
REST_001435,Krespe Kreme Doughnuts,cafe,Unknown,24.7048086,46.6649739,King Fahd International Stadium,3.1534451506418426,Close,39,2034-06-20 15:00:00,2034,6,20,15,1,False,29,Medium,74.35897435897436,False,False,False,3,74.35897435897436,Small
REST_000116,Phd55,restaurant,Unknown,26.4140411,50.1193958,Prince Mohammed bin Fahd Stadium,3.13551917326331,Close,94,2034-06-27 14:00:00,2034,6,27,14,1,False,83,High,88.29787234042553,True,False,True,3,88.29787234042553,Medium
REST_000647,,restaurant,Unknown,24.7072014,46.6901711,King Fahd International Stadium,2.598357578327232,Close,150,2034-06-28 20:00:00,2034,6,28,20,2,False,150,High,100.0,False,True,True,3,100.0,Large
REST_000183,Golden Corner,restaurant,Unknown,26.4112319,50.0801591,Prince Mohammed bin Fahd Stadium,1.359728737700047,Very Close,134,2034-06-24 12:00:00,2034,6,24,12,5,True,134,High,100.0,True,False,True,4,100.0,Large
REST_000685,مطعم تاكسي,fast_food,Unknown,24.5977115,46.6843568,King Fahd International Stadium,9.607970430368933,Moderate,45,2034-07-06 08:00:00,2034,7,6,8,3,False,28,Medium,62.22222222222222,False,False,False,2,62.22222222222222,Small
REST_000316,,cafe,Unknown,24.8288808,46.6826866,Prince Faisal bin Fahd Stadium,6.950718142117515,Moderate,88,2034-06-09 19:00:00,2034,6,9,19,4,True,88,High,100.0,False,True,True,2,100.0,Medium
REST_001261,,fast_food,Unknown,24.7823987,46.6493481,Prince Faisal bin Fahd Stadium,6.332834573595611,Moderate,74,2034-06-27 21:00:00,2034,6,27,21,1,False,49,Medium,66.21621621621621,False,True,True,2,66.21621621621621,Medium
REST_000940,بيتزا وفطائر شامية,restaurant,Unknown,24.6479955,46.7066944,King Fahd International Stadium,4.512687543668715,Close,146,2034-06-23 11:00:00,2034,6,23,11,4,True,146,High,100.0,False,False,False,3,100.0,Large
REST_000337,مندي الرياض,restaurant,Unknown,24.8124136,46.6263538,Prince Faisal bin Fahd Stadium,9.65955032779429,Moderate,195,2034-06-11 13:00:00,2034,6,11,13,6,False,106,Medium,54.35897435897436,True,False,True,2,54.35897435897436,Large
REST_000614,Al Nafoura Rest. & Sweets,restaurant,Unknown,24.6884918,46.7238554,King Fahd International Stadium,3.8256171655155704,Close,82,2034-06-25 22:00:00,2034,6,25,22,6,False,82,High,100.0,False,True,True,3,100.0,Medium
REST_000978,Piccolo Roasters,cafe,Unknown,24.7967938,46.6761147,Prince Faisal bin Fahd Stadium,4.479406277618962,Close,46,2034-07-06 20:00:00,2034,7,6,20,3,False,33,Medium,71.73913043478261,False,True,True,3,71.73913043478261,Small
REST_000139,مطعم خاروف الشيف,restaurant,Unknown,26.4559509,50.0967949,Prince Mohammed bin Fahd Stadium,3.9997320537122887,Close,140,2034-07-15 15:00:00,2034,7,15,15,5,True,126,High,90.0,False,False,False,3,90.0,Large
REST_000806,Al Dawar,restaurant,Unknown,21.6270091,39.1116324,King Abdullah Sports City,0.36547793463446343,Very Close,130,2034-06-11 12:00:00,2034,6,11,12,6,False,86,Medium,66.15384615384615,True,False,True,4,66.15384615384615,Large
REST_000027,واينز,cafe,Unknown,24.847172,46.7334545,Prince Faisal bin Fahd Stadium,8.671282932966674,Moderate,31,2034-06-06 17:00:00,2034,6,6,17,1,False,13,Low,41.935483870967744,False,False,False,2,41.935483870967744,Small
REST_000542,,cafe,Unknown,26.4729058,50.0862236,Prince Mohammed bin Fahd Stadium,5.810684253519465,Moderate,92,2034-07-13 18:00:00,2034,7,13,18,3,False,61,Medium,66.30434782608695,False,False,False,2,66.30434782608695,Medium
REST_000001,مايسترو,restaurant,Unknown,24.6611514,46.7011863,King Fahd International Stadium,2.9621000416153795,Close,103,2034-07-06 09:00:00,2034,7,6,9,3,False,91,High,88.3495145631068,False,False,False,3,88.3495145631068,Large
REST_000477,Italian,restaurant,Unknown,24.7707353,46.6720081,Prince Faisal bin Fahd Stadium,3.938891701818023,Close,79,2034-06-26 15:00:00,2034,6,26,15,0,False,70,High,88.60759493670885,False,False,False,3,88.60759493670885,Medium
REST_001104,كانتون,fast_food,Unknown,24.7432578,46.6792533,Prince Faisal bin Fahd Stadium,4.518777338009789,Close,63,2034-06-19 13:00:00,2034,6,19,13,0,False,56,High,88.88888888888889,True,False,True,3,88.88888888888889,Medium
REST_001085,كانتون,fast_food,Unknown,24.8114338,46.7694112,Prince Faisal bin Fahd Stadium,7.354754705283516,Moderate,36,2034-06-11 19:00:00,2034,6,11,19,6,False,36,High,100.0,False,True,True,2,100.0,Small
REST_000535,,cafe,Unknown,26.4494409,50.0883834,Prince Mohammed bin Fahd Stadium,3.19611144997641,Close,34,2034-06-28 17:00:00,2034,6,28,17,2,False,32,High,94.11764705882352,False,False,False,3,94.11764705882352,Small
REST_000912,تيم هورتونز,cafe,Unknown,24.8387541,46.7325597,Prince Faisal bin Fahd Stadium,7.7458084164826735,Moderate,25,2034-07-09 18:00:00,2034,7,9,18,6,False,17,Medium,68.0,False,False,False,2,68.0,Small
REST_000656,Al Mansaf,restaurant,Unknown,24.711061,46.6977886,King Fahd International Stadium,3.2147468402165744,Close,90,2034-06-28 09:00:00,2034,6,28,9,2,False,50,Medium,55.55555555555556,False,False,False,3,55.55555555555556,Medium
REST_000803,Goodies,restaurant,Unknown,21.573008,39.1273857,King Abdullah Sports City,6.476101290694813,Moderate,152,2034-06-28 16:00:00,2034,6,28,16,2,False,101,Medium,66.44736842105263,False,False,False,2,66.44736842105263,Large
REST_000652,Pizza Hut,restaurant,Unknown,24.6878167,46.6878047,King Fahd International Stadium,0.4403523689977305,Very Close,126,2034-07-05 19:00:00,2034,7,5,19,2,False,126,High,100.0,False,True,True,4,100.0,Large
REST_001514,مطعم الدرة,restaurant,Unknown,26.3167846,43.945172,King Abdullah City Stadium,5.950488993521958,Moderate,97,2034-06-28 15:00:00,2034,6,28,15,2,False,41,Low,42.2680412371134,False,False,False,2,42.2680412371134,Medium
REST_001335,,restaurant,Unknown,24.7987557,46.6663059,Prince Faisal bin Fahd Stadium,5.410669423428039,Moderate,70,2034-06-25 18:00:00,2034,6,25,18,6,False,22,Low,31.428571428571427,False,False,False,2,31.428571428571427,Medium
REST_001494,فلافل عرفة,restaurant,Unknown,26.3565213,43.9529245,King Abdullah City Stadium,1.7789626297867553,Very Close,161,2034-06-27 21:00:00,2034,6,27,21,1,False,161,High,100.0,False,True,True,4,100.0,Large
REST_000061,KFC,fast_food,Unknown,26.3823463,50.1781289,Prince Mohammed bin Fahd Stadium,9.866260254697771,Moderate,60,2034-06-16 10:00:00,2034,6,16,10,4,True,40,Medium,66.66666666666666,False,False,False,2,66.66666666666666,Medium
REST_000145,مطعم كبساتي,restaurant,Unknown,26.3599523,50.0659502,Prince Mohammed bin Fahd Stadium,7.127971664043465,Moderate,172,2034-07-12 13:00:00,2034,7,12,13,2,False,137,Medium,79.65116279069767,True,False,True,2,79.65116279069767,Large
REST_000503,البيت الحلبي,restaurant,Unknown,21.5810751,39.1602975,King Abdullah Sports City,7.263675490661112,Moderate,193,2034-06-30 10:00:00,2034,6,30,10,4,True,116,Medium,60.10362694300518,False,False,False,2,60.10362694300518,Large
REST_000456,Hardee's,fast_food,Unknown,21.6094159,39.1336547,King Abdullah Sports City,3.0786744244796305,Close,46,2034-07-12 18:00:00,2034,7,12,18,2,False,23,Medium,50.0,False,False,False,3,50.0,Small
REST_000690,دانكن دونتس,fast_food,Unknown,21.5724549,39.1586974,King Abdullah Sports City,7.905330247035989,Moderate,53,2034-06-06 10:00:00,2034,6,6,10,1,False,25,Low,47.16981132075472,False,False,False,2,47.16981132075472,Medium
REST_001365,La Plage Resturant,restaurant,Unknown,21.7104034,39.0858491,King Abdullah Sports City,9.407135130792394,Moderate,109,2034-06-27 09:00:00,2034,6,27,9,1,False,58,Medium,53.21100917431193,False,False,False,2,53.21100917431193,Large
REST_000749,عريشة أوراق العنب,restaurant,Unknown,24.8127717,46.6292445,Prince Faisal bin Fahd Stadium,9.421538539008969,Moderate,89,2034-06-10 14:00:00,2034,6,10,14,5,True,45,Medium,50.56179775280899,True,False,True,2,50.56179775280899,Medium
REST_000546,,cafe,Unknown,21.6022247,39.107528,King Abdullah Sports City,3.1277652283271515,Close,55,2034-06-26 21:00:00,2034,6,26,21,0,False,55,High,100.0,False,True,True,3,100.0,Medium
REST_001205,مطعم فلفلة,restaurant,Unknown,26.3506278,50.0511467,Prince Mohammed bin Fahd Stadium,8.64741469840064,Moderate,55,2034-06-18 19:00:00,2034,6,18,19,6,False,35,Medium,63.63636363636363,False,True,True,2,63.63636363636363,Medium
REST_000286,كودو,fast_food,Unknown,26.3963971,43.9255495,King Abdullah City Stadium,5.263804879077784,Moderate,74,2034-07-07 21:00:00,2034,7,7,21,4,True,74,High,100.0,False,True,True,2,100.0,Medium
REST_001514,مطعم الدرة,restaurant,Unknown,26.3167846,43.945172,King Abdullah City Stadium,5.950488993521958,Moderate,97,2034-06-25 09:00:00,2034,6,25,9,6,False,31,Low,31.958762886597935,False,False,False,2,31.958762886597935,Medium
REST_000640,Al Rabe'a,restaurant,Unknown,24.6975196,46.7805034,King Fahd International Stadium,9.63353899962464,Moderate,118,2034-06-24 13:00:00,2034,6,24,13,5,True,118,High,100.0,True,False,True,2,100.0,Large
REST_000357,Meaty  Buns,restaurant,Unknown,26.408365,43.9110596,King Abdullah City Stadium,7.22365829818569,Moderate,63,2034-06-03 18:00:00,2034,6,3,18,5,True,60,High,95.23809523809523,False,False,False,2,95.23809523809523,Medium
REST_000619,Java Cafe,cafe,Unknown,24.6883445,46.7185334,King Fahd International Stadium,3.290648674299839,Close,74,2034-06-16 18:00:00,2034,6,16,18,4,True,74,High,100.0,False,False,False,3,100.0,Medium
REST_000300,قهوة باش المختصة,cafe,Unknown,26.4083543,43.9279608,King Abdullah City Stadium,6.028541712294963,Moderate,62,2034-07-09 18:00:00,2034,7,9,18,6,False,55,High,88.70967741935483,False,False,False,2,88.70967741935483,Medium
REST_001084,كانتون,fast_food,Unknown,24.7679633,46.7154415,Prince Faisal bin Fahd Stadium,0.6266665682220814,Very Close,64,2034-06-10 20:00:00,2034,6,10,20,5,True,64,High,100.0,False,True,True,4,100.0,Medium
REST_000320,,fast_food,Unknown,24.7616639,46.6733369,Prince Faisal bin Fahd Stadium,3.9694256632844938,Close,38,2034-07-08 21:00:00,2034,7,8,21,5,True,38,High,100.0,False,True,True,3,100.0,Small
REST_000749,عريشة أوراق العنب,restaurant,Unknown,24.8127717,46.6292445,Prince Faisal bin Fahd Stadium,9.421538539008969,Moderate,89,2034-07-12 16:00:00,2034,7,12,16,2,False,30,Low,33.70786516853933,False,False,False,2,33.70786516853933,Medium
REST_000614,Al Nafoura Rest. & Sweets,restaurant,Unknown,24.6884918,46.7238554,King Fahd International Stadium,3.8256171655155704,Close,82,2034-07-04 11:00:00,2034,7,4,11,1,False,82,High,100.0,False,False,False,3,100.0,Medium
REST_000769,مكشكش,restaurant,Unknown,24.8152251,46.6355218,Prince Faisal bin Fahd Stadium,9.01446420038041,Moderate,89,2034-07-01 17:00:00,2034,7,1,17,5,True,38,Low,42.69662921348314,False,False,False,2,42.69662921348314,Medium
REST_000774,جافا كافيه,cafe,Unknown,24.8110417,46.6473017,Prince Faisal bin Fahd Stadium,7.76466590353739,Moderate,26,2034-07-02 19:00:00,2034,7,2,19,6,False,12,Low,46.15384615384615,False,True,True,2,46.15384615384615,Small
REST_000653,,restaurant,Unknown,24.6989019,46.6886304,King Fahd International Stadium,1.662649880674677,Very Close,122,2034-06-12 13:00:00,2034,6,12,13,0,False,81,Medium,66.39344262295081,True,False,True,4,66.39344262295081,Large
REST_000413,مطعم هرفي,fast_food,Unknown,26.4158129,43.9151372,King Abdullah City Stadium,7.4967909735605245,Moderate,77,2034-06-13 13:00:00,2034,6,13,13,1,False,40,Medium,51.94805194805194,True,False,True,2,51.94805194805194,Medium
REST_000670,Starbucks,cafe,Unknown,21.7020283,39.1053149,King Abdullah Sports City,8.075838318376288,Moderate,99,2034-06-01 09:00:00,2034,6,1,9,3,False,67,Medium,67.67676767676768,False,False,False,2,67.67676767676768,Medium
REST_000667,صب واي,fast_food,Unknown,26.357221,43.965995,King Abdullah City Stadium,1.0563545340912888,Very Close,62,2034-06-15 10:00:00,2034,6,15,10,3,False,55,High,88.70967741935483,False,False,False,4,88.70967741935483,Medium
REST_000594,ستاربكس,cafe,Unknown,24.8178723,46.6870169,Prince Faisal bin Fahd Stadium,5.656185142465266,Moderate,59,2034-07-05 10:00:00,2034,7,5,10,2,False,27,Low,45.76271186440678,False,False,False,2,45.76271186440678,Medium
REST_000141,مطعم اسماك السلطان,restaurant,Unknown,26.4363725,50.0942901,Prince Mohammed bin Fahd Stadium,1.8264340061687887,Very Close,84,2034-06-17 21:00:00,2034,6,17,21,5,True,84,High,100.0,False,True,True,4,100.0,Medium
REST_000788,رونه للقهوة المختصة | الشاطئ,cafe,Unknown,21.6023188,39.1083762,King Abdullah Sports City,3.1013357493641704,Close,38,2034-06-20 21:00:00,2034,6,20,21,1,False,24,Medium,63.1578947368421,False,True,True,3,63.1578947368421,Small
REST_000929,بوردقا,cafe,Unknown,26.3145371,44.0380191,King Abdullah City Stadium,9.17340685021479,Moderate,90,2034-06-12 18:00:00,2034,6,12,18,0,False,66,Medium,73.33333333333333,False,False,False,2,73.33333333333333,Medium
REST_001496,ماكدونالدز,fast_food,Unknown,26.3867527,43.9634966,King Abdullah City Stadium,2.252478544125855,Close,77,2034-07-11 08:00:00,2034,7,11,8,1,False,41,Medium,53.246753246753244,False,False,False,3,53.246753246753244,Medium
REST_000967,شاورما جساس,fast_food,Unknown,21.6325188,39.1551692,King Abdullah Sports City,4.317698316997511,Close,31,2034-07-12 22:00:00,2034,7,12,22,2,False,24,Medium,77.41935483870968,False,True,True,3,77.41935483870968,Small
REST_000786,Ziyada Toum,restaurant,Unknown,21.5726539,39.1292852,King Abdullah Sports City,6.560574943644657,Moderate,79,2034-06-15 08:00:00,2034,6,15,8,3,False,48,Medium,60.75949367088608,False,False,False,2,60.75949367088608,Medium
REST_000630,NOOR CAFE | نور كافيه,cafe,Unknown,24.7739257,46.7093414,Prince Faisal bin Fahd Stadium,0.2806741776903812,Very Close,85,2034-06-06 18:00:00,2034,6,6,18,1,False,51,Medium,60.0,False,False,False,4,60.0,Medium
REST_001127,كانتون,fast_food,Unknown,21.5496814,39.1476104,King Abdullah Sports City,9.581478278878778,Moderate,64,2034-06-11 19:00:00,2034,6,11,19,6,False,64,High,100.0,False,True,True,2,100.0,Medium
REST_000321,كنافة تايم,cafe,Unknown,24.7615142,46.6740792,Prince Faisal bin Fahd Stadium,3.9025796922668614,Close,31,2034-07-14 21:00:00,2034,7,14,21,4,True,31,High,100.0,False,True,True,3,100.0,Small
REST_001305,ماكدونالدز,fast_food,Unknown,24.7608687,46.6952563,Prince Faisal bin Fahd Stadium,2.007846447499641,Close,71,2034-06-01 13:00:00,2034,6,1,13,3,False,50,Medium,70.4225352112676,True,False,True,3,70.4225352112676,Medium
REST_001069,مطعم بنات سارة‭,restaurant,Unknown,24.8203626,46.7891863,Prince Faisal bin Fahd Stadium,9.55661762602268,Moderate,149,2034-06-02 10:00:00,2034,6,2,10,4,True,149,High,100.0,False,False,False,2,100.0,Large
REST_000760,خبز ونواشف,restaurant,Unknown,24.8119102,46.6460917,Prince Faisal bin Fahd Stadium,7.919940631004301,Moderate,126,2034-06-28 09:00:00,2034,6,28,9,2,False,66,Medium,52.38095238095239,False,False,False,2,52.38095238095239,Large
REST_001028,Crazy Pizza,restaurant,Unknown,24.6752569,46.6249792,King Fahd International Stadium,6.273273163013817,Moderate,91,2034-06-06 12:00:00,2034,6,6,12,1,False,91,High,100.0,True,False,True,2,100.0,Medium
REST_000335,بيتزاهت,restaurant,Unknown,24.7953067,46.7424813,Prince Faisal bin Fahd Stadium,4.107885037850816,Close,126,2034-06-29 18:00:00,2034,6,29,18,3,False,126,High,100.0,False,False,False,3,100.0,Large
REST_001415,Kudu,fast_food,Unknown,24.6987643,46.6901893,King Fahd International Stadium,1.677270544022254,Very Close,59,2034-06-09 14:00:00,2034,6,9,14,4,True,50,High,84.7457627118644,True,False,True,4,84.7457627118644,Medium
REST_001127,كانتون,fast_food,Unknown,21.5496814,39.1476104,King Abdullah Sports City,9.581478278878778,Moderate,64,2034-06-17 16:00:00,2034,6,17,16,5,True,57,High,89.0625,False,False,False,2,89.0625,Medium
REST_000387,ليفاني كوفي - Leivani coffee,cafe,Unknown,24.747746,46.7018094,Prince Faisal bin Fahd Stadium,2.841605378077961,Close,77,2034-06-17 20:00:00,2034,6,17,20,5,True,77,High,100.0,False,True,True,3,100.0,Medium
REST_001134,كانتون,fast_food,Unknown,24.7616196,46.6732453,Prince Faisal bin Fahd Stadium,3.97969955798032,Close,49,2034-06-01 21:00:00,2034,6,1,21,3,False,49,High,100.0,False,True,True,3,100.0,Small
REST_001026,Crazy Pizza,restaurant,Unknown,24.7057895,46.7053592,King Fahd International Stadium,3.086101290809832,Close,75,2034-06-30 09:00:00,2034,6,30,9,4,True,74,High,98.66666666666667,False,False,False,3,98.66666666666667,Medium
REST_001023,Agio,restaurant,Unknown,24.7521049,46.624429,Prince Faisal bin Fahd Stadium,9.014046215456707,Moderate,109,2034-06-25 21:00:00,2034,6,25,21,6,False,109,High,100.0,False,True,True,2,100.0,Large
REST_000476,بروستد بونواس,restaurant,Unknown,26.4493532,50.1185439,Prince Mohammed bin Fahd Stadium,4.349937758093283,Close,149,2034-07-15 11:00:00,2034,7,15,11,5,True,145,High,97.31543624161074,False,False,False,3,97.31543624161074,Large
REST_000737,أقوس,restaurant,Unknown,24.7039122,46.7024194,King Fahd International Stadium,2.7395695219487366,Close,127,2034-07-07 19:00:00,2034,7,7,19,4,True,127,High,100.0,False,True,True,3,100.0,Large
REST_000748,ذوق الحجازي,restaurant,Unknown,24.812489,46.6285748,Prince Faisal bin Fahd Stadium,9.46579312144128,Moderate,126,2034-07-13 12:00:00,2034,7,13,12,3,False,65,Medium,51.587301587301596,True,False,True,2,51.587301587301596,Large
REST_001433,شوكليت ايتالياني,restaurant,Unknown,24.6969313,46.6858361,King Fahd International Stadium,1.4275450174103979,Very Close,157,2034-06-23 08:00:00,2034,6,23,8,4,True,104,Medium,66.2420382165605,False,False,False,4,66.2420382165605,Large
REST_001205,مطعم فلفلة,restaurant,Unknown,26.3506278,50.0511467,Prince Mohammed bin Fahd Stadium,8.64741469840064,Moderate,55,2034-06-11 21:00:00,2034,6,11,21,6,False,55,High,100.0,False,True,True,2,100.0,Medium
REST_000542,,cafe,Unknown,26.4729058,50.0862236,Prince Mohammed bin Fahd Stadium,5.810684253519465,Moderate,92,2034-06-30 09:00:00,2034,6,30,9,4,True,61,Medium,66.30434782608695,False,False,False,2,66.30434782608695,Medium
REST_000846,Ranosh,fast_food,Unknown,24.8336759,46.733879,Prince Faisal bin Fahd Stadium,7.246971349091567,Moderate,49,2034-06-08 11:00:00,2034,6,8,11,3,False,32,Medium,65.3061224489796,False,False,False,2,65.3061224489796,Small
REST_000332,Kudu,restaurant,Unknown,24.7993375,46.7402288,Prince Faisal bin Fahd Stadium,4.244374307500756,Close,95,2034-07-13 16:00:00,2034,7,13,16,3,False,50,Medium,52.63157894736842,False,False,False,3,52.63157894736842,Medium
REST_000639,Seatle's Best,cafe,Unknown,24.7672177,46.7557637,Prince Faisal bin Fahd Stadium,4.5494578002282235,Close,55,2034-06-07 20:00:00,2034,6,7,20,2,False,55,High,100.0,False,True,True,3,100.0,Medium
REST_001226,Shawarma House,fast_food,Unknown,24.756185,46.6568924,Prince Faisal bin Fahd Stadium,5.735873860566751,Moderate,44,2034-06-16 18:00:00,2034,6,16,18,4,True,44,High,100.0,False,False,False,2,100.0,Small
REST_001283,,cafe,Unknown,24.7821629,46.7063921,Prince Faisal bin Fahd Stadium,1.2323621339488111,Very Close,85,2034-06-07 09:00:00,2034,6,7,9,2,False,81,High,95.29411764705881,False,False,False,4,95.29411764705881,Medium
REST_000137,البخاري,restaurant,Unknown,26.4268519,50.0124603,Prince Mohammed bin Fahd Stadium,7.632476730856747,Moderate,52,2034-06-16 15:00:00,2034,6,16,15,4,True,46,High,88.46153846153845,False,False,False,2,88.46153846153845,Medium
REST_000166,برجر فيول,restaurant,Unknown,26.454483,50.1202934,Prince Mohammed bin Fahd Stadium,4.893234584296099,Close,174,2034-06-19 12:00:00,2034,6,19,12,0,False,169,High,97.12643678160919,True,False,True,3,97.12643678160919,Large
REST_000651,Domino's Pizza,fast_food,Unknown,24.7009672,46.6765959,King Fahd International Stadium,2.1163233808426667,Close,79,2034-06-01 12:00:00,2034,6,1,12,3,False,79,High,100.0,True,False,True,3,100.0,Medium
REST_001224,ghaze alhesane,fast_food,Unknown,21.6526591,39.1258937,King Abdullah Sports City,2.8463529612627196,Close,60,2034-07-08 17:00:00,2034,7,8,17,5,True,60,High,100.0,False,False,False,3,100.0,Medium
REST_001069,مطعم بنات سارة‭,restaurant,Unknown,24.8203626,46.7891863,Prince Faisal bin Fahd Stadium,9.55661762602268,Moderate,149,2034-06-05 19:00:00,2034,6,5,19,0,False,149,High,100.0,False,True,True,2,100.0,Large
REST_001047,مطاعم الباهر,restaurant,Unknown,21.5850807,39.1597016,King Abdullah Sports City,6.894931529153274,Moderate,75,2034-06-26 17:00:00,2034,6,26,17,0,False,45,Medium,60.0,False,False,False,2,60.0,Medium
REST_000036,,restaurant,Unknown,24.6892064,46.6736943,King Fahd International Stadium,1.3944236747431706,Very Close,106,2034-06-20 16:00:00,2034,6,20,16,1,False,106,High,100.0,False,False,False,4,100.0,Large
REST_000647,,restaurant,Unknown,24.7072014,46.6901711,King Fahd International Stadium,2.598357578327232,Close,150,2034-07-14 14:00:00,2034,7,14,14,4,True,150,High,100.0,True,False,True,3,100.0,Large
REST_000059,كافيه دي جاردن,cafe,Unknown,24.802743,46.7165124,Prince Faisal bin Fahd Stadium,3.4744386588744103,Close,77,2034-06-07 18:00:00,2034,6,7,18,2,False,77,High,100.0,False,False,False,3,100.0,Medium
REST_000775,أبو جبارة,restaurant,Unknown,24.7976486,46.6413662,Prince Faisal bin Fahd Stadium,7.590410045113112,Moderate,87,2034-07-11 15:00:00,2034,7,11,15,1,False,31,Low,35.63218390804598,False,False,False,2,35.63218390804598,Medium
REST_001514,مطعم الدرة,restaurant,Unknown,26.3167846,43.945172,King Abdullah City Stadium,5.950488993521958,Moderate,97,2034-06-03 11:00:00,2034,6,3,11,5,True,54,Medium,55.670103092783506,False,False,False,2,55.670103092783506,Medium
REST_000542,,cafe,Unknown,26.4729058,50.0862236,Prince Mohammed bin Fahd Stadium,5.810684253519465,Moderate,92,2034-06-16 12:00:00,2034,6,16,12,4,True,67,Medium,72.82608695652173,True,False,True,2,72.82608695652173,Medium
REST_000616,د.كيف,cafe,Unknown,24.847569,46.7336478,Prince Faisal bin Fahd Stadium,8.718994264118326,Moderate,80,2034-06-13 15:00:00,2034,6,13,15,1,False,31,Low,38.75,False,False,False,2,38.75,Medium
REST_000743,ماكدونالدز,fast_food,Unknown,26.4344964,50.085207,Prince Mohammed bin Fahd Stadium,1.5752561988810607,Very Close,75,2034-07-05 10:00:00,2034,7,5,10,2,False,43,Medium,57.333333333333336,False,False,False,4,57.333333333333336,Medium
REST_000738,,restaurant,Unknown,24.6833207,46.7184462,King Fahd International Stadium,3.249037641162283,Close,172,2034-06-10 19:00:00,2034,6,10,19,5,True,152,High,88.37209302325581,False,True,True,3,88.37209302325581,Large
REST_000305,مطعم بيتزاكم,fast_food,Unknown,26.3935046,43.9282015,King Abdullah City Stadium,4.857083326267404,Close,52,2034-07-14 09:00:00,2034,7,14,9,4,True,35,Medium,67.3076923076923,False,False,False,3,67.3076923076923,Medium
REST_000435,Vapiano,restaurant,Unknown,24.6988545,46.6907787,King Fahd International Stadium,1.7018773917272554,Very Close,60,2034-06-04 22:00:00,2034,6,4,22,6,False,60,High,100.0,False,True,True,4,100.0,Medium
REST_000535,,cafe,Unknown,26.4494409,50.0883834,Prince Mohammed bin Fahd Stadium,3.19611144997641,Close,34,2034-06-14 12:00:00,2034,6,14,12,2,False,34,High,100.0,True,False,True,3,100.0,Small
REST_000077,,restaurant,Unknown,24.8164903,46.7748421,Prince Faisal bin Fahd Stadium,8.131173254585994,Moderate,95,2034-06-21 20:00:00,2034,6,21,20,2,False,95,High,100.0,False,True,True,2,100.0,Medium
REST_000564,zonice | زونايس,restaurant,Unknown,26.3777652,43.9502001,King Abdullah City Stadium,2.053247099597085,Close,165,2034-06-10 11:00:00,2034,6,10,11,5,True,88,Medium,53.333333333333336,False,False,False,3,53.333333333333336,Large
REST_001384,مطعم السقالة,restaurant,Unknown,21.7179366,39.1039789,King Abdullah Sports City,9.84960291038882,Moderate,94,2034-07-03 22:00:00,2034,7,3,22,0,False,78,High,82.97872340425532,False,True,True,2,82.97872340425532,Medium
REST_001282,,restaurant,Unknown,24.7815563,46.6973544,Prince Faisal bin Fahd Stadium,1.7466583320160158,Very Close,109,2034-06-23 11:00:00,2034,6,23,11,4,True,109,High,100.0,False,False,False,4,100.0,Large
REST_001514,مطعم الدرة,restaurant,Unknown,26.3167846,43.945172,King Abdullah City Stadium,5.950488993521958,Moderate,97,2034-06-15 10:00:00,2034,6,15,10,3,False,64,Medium,65.97938144329896,False,False,False,2,65.97938144329896,Medium
REST_000640,Al Rabe'a,restaurant,Unknown,24.6975196,46.7805034,King Fahd International Stadium,9.63353899962464,Moderate,118,2034-07-05 21:00:00,2034,7,5,21,2,False,118,High,100.0,False,True,True,2,100.0,Large
REST_001422,,restaurant,Unknown,24.6983833,46.6873862,King Fahd International Stadium,1.5920170775778464,Very Close,84,2034-07-04 17:00:00,2034,7,4,17,1,False,67,Medium,79.76190476190477,False,False,False,4,79.76190476190477,Medium
REST_000596,دانكن دونتس,fast_food,Unknown,24.8185961,46.6866878,Prince Faisal bin Fahd Stadium,5.743140914582132,Moderate,48,2034-07-15 18:00:00,2034,7,15,18,5,True,48,High,100.0,False,False,False,2,100.0,Small
REST_000317,ميوزد بيت القهوة,cafe,Unknown,24.8035305,46.6743369,Prince Faisal bin Fahd Stadium,5.105766897844834,Moderate,97,2034-07-02 13:00:00,2034,7,2,13,6,False,51,Medium,52.57731958762887,True,False,True,2,52.57731958762887,Medium
REST_001419,,restaurant,Unknown,24.6976718,46.6875901,King Fahd International Stadium,1.514733255482438,Very Close,67,2034-06-11 08:00:00,2034,6,11,8,6,False,54,High,80.59701492537313,False,False,False,4,80.59701492537313,Medium
REST_001420,,cafe,Unknown,24.6984321,46.6893818,King Fahd International Stadium,1.6237859376843085,Very Close,70,2034-06-25 21:00:00,2034,6,25,21,6,False,70,High,100.0,False,True,True,4,100.0,Medium
REST_000001,مايسترو,restaurant,Unknown,24.6611514,46.7011863,King Fahd International Stadium,2.9621000416153795,Close,103,2034-06-18 08:00:00,2034,6,18,8,6,False,75,Medium,72.81553398058253,False,False,False,3,72.81553398058253,Large
REST_000407,Chkn,fast_food,Unknown,24.8453094,46.7582844,Prince Faisal bin Fahd Stadium,9.455576825942822,Moderate,50,2034-07-14 18:00:00,2034,7,14,18,4,True,42,High,84.0,False,False,False,2,84.0,Medium
REST_001497,فيشون,restaurant,Unknown,26.3961832,43.9496378,King Abdullah City Stadium,3.692774209613721,Close,157,2034-06-10 08:00:00,2034,6,10,8,5,True,157,High,100.0,False,False,False,3,100.0,Large
REST_001384,مطعم السقالة,restaurant,Unknown,21.7179366,39.1039789,King Abdullah Sports City,9.84960291038882,Moderate,94,2034-06-04 08:00:00,2034,6,4,8,6,False,36,Low,38.297872340425535,False,False,False,2,38.297872340425535,Medium
REST_000456,Hardee's,fast_food,Unknown,21.6094159,39.1336547,King Abdullah Sports City,3.0786744244796305,Close,46,2034-06-22 17:00:00,2034,6,22,17,3,False,26,Medium,56.52173913043478,False,False,False,3,56.52173913043478,Small
REST_000643,,restaurant,Unknown,24.7002665,46.6916452,King Fahd International Stadium,1.8769919381494418,Very Close,72,2034-06-11 18:00:00,2034,6,11,18,6,False,72,High,100.0,False,False,False,4,100.0,Medium
REST_001305,ماكدونالدز,fast_food,Unknown,24.7608687,46.6952563,Prince Faisal bin Fahd Stadium,2.007846447499641,Close,71,2034-06-19 16:00:00,2034,6,19,16,0,False,39,Medium,54.929577464788736,False,False,False,3,54.929577464788736,Medium
REST_000939,,restaurant,Unknown,24.6495878,46.7065663,King Fahd International Stadium,4.349808103745881,Close,127,2034-07-10 10:00:00,2034,7,10,10,0,False,117,High,92.1259842519685,False,False,False,3,92.1259842519685,Large
REST_001142,شاميات,restaurant,Unknown,26.3773972,43.9498477,King Abdullah City Stadium,2.0575373220078594,Close,76,2034-06-05 19:00:00,2034,6,5,19,0,False,76,High,100.0,False,True,True,3,100.0,Medium
REST_000502,سمكة حرة,restaurant,Unknown,21.5809069,39.1603235,King Abdullah Sports City,7.279425720687104,Moderate,72,2034-07-06 18:00:00,2034,7,6,18,3,False,33,Low,45.83333333333333,False,False,False,2,45.83333333333333,Medium
REST_001032,Kayzo,restaurant,Unknown,24.7039425,46.7064966,King Fahd International Stadium,3.0052158624346768,Close,143,2034-07-03 20:00:00,2034,7,3,20,0,False,143,High,100.0,False,True,True,3,100.0,Large
REST_000595,دانكن دونتس,fast_food,Unknown,24.8177774,46.6862018,Prince Faisal bin Fahd Stadium,5.682413507376354,Moderate,30,2034-07-15 19:00:00,2034,7,15,19,5,True,30,High,100.0,False,True,True,2,100.0,Small
REST_000307,مطعم بيت السندباد,restaurant,Unknown,26.3570557,43.9522896,King Abdullah City Stadium,1.792025346765346,Very Close,50,2034-06-30 22:00:00,2034,6,30,22,4,True,50,High,100.0,False,True,True,4,100.0,Medium
REST_001202,Horizon Restaurant,restaurant,Unknown,26.4389531,50.1054376,Prince Mohammed bin Fahd Stadium,2.6199213311316063,Close,78,2034-06-25 20:00:00,2034,6,25,20,6,False,78,High,100.0,False,True,True,3,100.0,Medium
REST_000673,,fast_food,Unknown,21.6225219,39.1638091,King Abdullah Sports City,5.262932147840783,Moderate,70,2034-06-13 18:00:00,2034,6,13,18,1,False,29,Low,41.42857142857143,False,False,False,2,41.42857142857143,Medium
REST_001147,Tony Roma's,restaurant,Unknown,24.7027286,46.6801722,King Fahd International Stadium,2.161937210848951,Close,137,2034-07-14 20:00:00,2034,7,14,20,4,True,137,High,100.0,False,True,True,3,100.0,Large
REST_001148,بروست زهرتي,fast_food,Unknown,26.3571976,43.9530467,King Abdullah City Stadium,1.7224554020216554,Very Close,66,2034-07-03 08:00:00,2034,7,3,8,0,False,45,Medium,68.18181818181817,False,False,False,4,68.18181818181817,Medium
REST_000814,KFC,fast_food,Unknown,21.6402961,39.1307083,King Abdullah Sports City,2.1274003299759787,Close,44,2034-07-13 21:00:00,2034,7,13,21,3,False,33,Medium,75.0,False,True,True,3,75.0,Small
REST_000335,بيتزاهت,restaurant,Unknown,24.7953067,46.7424813,Prince Faisal bin Fahd Stadium,4.107885037850816,Close,126,2034-07-10 21:00:00,2034,7,10,21,0,False,126,High,100.0,False,True,True,3,100.0,Large
REST_001460,مطاعم ومطابخ مضياف,restaurant,Unknown,26.404773,43.9141945,King Abdullah City Stadium,6.728810304967679,Moderate,114,2034-06-08 13:00:00,2034,6,8,13,3,False,114,High,100.0,True,False,True,2,100.0,Large
REST_000059,كافيه دي جاردن,cafe,Unknown,24.802743,46.7165124,Prince Faisal bin Fahd Stadium,3.4744386588744103,Close,77,2034-06-03 16:00:00,2034,6,3,16,5,True,77,High,100.0,False,False,False,3,100.0,Medium
REST_000761,دانا كافيه,cafe,Unknown,24.7984163,46.6424103,Prince Faisal bin Fahd Stadium,7.525909337719232,Moderate,78,2034-07-05 19:00:00,2034,7,5,19,2,False,57,Medium,73.07692307692307,False,True,True,2,73.07692307692307,Medium
REST_001365,La Plage Resturant,restaurant,Unknown,21.7104034,39.0858491,King Abdullah Sports City,9.407135130792394,Moderate,109,2034-07-06 16:00:00,2034,7,6,16,3,False,85,Medium,77.98165137614679,False,False,False,2,77.98165137614679,Large
REST_000537,Chkn,fast_food,Unknown,24.7937913,46.6546921,Prince Faisal bin Fahd Stadium,6.183777034351501,Moderate,54,2034-06-02 11:00:00,2034,6,2,11,4,True,25,Low,46.2962962962963,False,False,False,2,46.2962962962963,Medium
REST_001042,مطعم شناشيل,restaurant,Unknown,21.5982477,39.1405734,King Abdullah Sports City,4.48801369964674,Close,137,2034-07-09 14:00:00,2034,7,9,14,6,False,89,Medium,64.96350364963503,True,False,True,3,64.96350364963503,Large
REST_000304,اورفيلا,restaurant,Unknown,26.3999028,43.9170009,King Abdullah City Stadium,6.175754032491097,Moderate,119,2034-07-08 08:00:00,2034,7,8,8,5,True,100,High,84.03361344537815,False,False,False,2,84.03361344537815,Large
REST_000705,,restaurant,Unknown,24.793833,46.6547551,Prince Faisal bin Fahd Stadium,6.179758496862934,Moderate,93,2034-07-06 17:00:00,2034,7,6,17,3,False,32,Low,34.40860215053764,False,False,False,2,34.40860215053764,Medium
REST_000116,Phd55,restaurant,Unknown,26.4140411,50.1193958,Prince Mohammed bin Fahd Stadium,3.13551917326331,Close,94,2034-06-01 16:00:00,2034,6,1,16,3,False,94,High,100.0,False,False,False,3,100.0,Medium
REST_001514,مطعم الدرة,restaurant,Unknown,26.3167846,43.945172,King Abdullah City Stadium,5.950488993521958,Moderate,97,2034-06-21 13:00:00,2034,6,21,13,2,False,97,High,100.0,True,False,True,2,100.0,Medium
REST_001049,اوشيانا,cafe,Unknown,26.478559,50.1176721,Prince Mohammed bin Fahd Stadium,7.046533740788223,Moderate,72,2034-06-06 15:00:00,2034,6,6,15,1,False,35,Low,48.61111111111111,False,False,False,2,48.61111111111111,Medium
REST_001019,كانتون,fast_food,Unknown,24.6711944,46.732203,King Fahd International Stadium,4.854953811318538,Close,60,2034-06-12 15:00:00,2034,6,12,15,0,False,60,High,100.0,False,False,False,3,100.0,Medium
REST_001143,الشام شامك,restaurant,Unknown,26.3960741,43.9496506,King Abdullah City Stadium,3.6814203848002136,Close,105,2034-07-08 09:00:00,2034,7,8,9,5,True,93,High,88.57142857142857,False,False,False,3,88.57142857142857,Large
REST_001418,Shikara Restaurant,restaurant,Unknown,24.7128171,46.6711407,King Fahd International Stadium,3.541438994349068,Close,119,2034-07-15 08:00:00,2034,7,15,8,5,True,119,High,100.0,False,False,False,3,100.0,Large
REST_000307,مطعم بيت السندباد,restaurant,Unknown,26.3570557,43.9522896,King Abdullah City Stadium,1.792025346765346,Very Close,50,2034-07-04 18:00:00,2034,7,4,18,1,False,48,High,96.0,False,False,False,4,96.0,Medium
REST_000139,مطعم خاروف الشيف,restaurant,Unknown,26.4559509,50.0967949,Prince Mohammed bin Fahd Stadium,3.9997320537122887,Close,140,2034-06-10 09:00:00,2034,6,10,9,5,True,85,Medium,60.71428571428571,False,False,False,3,60.71428571428571,Large
REST_000519,ارببكا,cafe,Unknown,24.6372046,46.6931329,King Fahd International Stadium,5.260047735977853,Moderate,28,2034-06-19 21:00:00,2034,6,19,21,0,False,24,High,85.71428571428571,False,True,True,2,85.71428571428571,Small
REST_000338,نقطة | قهوة مختصة,cafe,Unknown,24.7795758,46.6826275,Prince Faisal bin Fahd Stadium,2.988940800144785,Close,49,2034-06-25 13:00:00,2034,6,25,13,6,False,49,High,100.0,True,False,True,3,100.0,Small
REST_000737,أقوس,restaurant,Unknown,24.7039122,46.7024194,King Fahd International Stadium,2.7395695219487366,Close,127,2034-06-11 20:00:00,2034,6,11,20,6,False,127,High,100.0,False,True,True,3,100.0,Large
REST_001204,,cafe,Unknown,21.5816295,39.1300256,King Abdullah Sports City,5.622182125597887,Moderate,70,2034-06-01 13:00:00,2034,6,1,13,3,False,47,Medium,67.14285714285714,True,False,True,2,67.14285714285714,Medium
REST_001265,,fast_food,Unknown,24.7823054,46.649154,Prince Faisal bin Fahd Stadium,6.350199729567215,Moderate,38,2034-07-11 21:00:00,2034,7,11,21,1,False,27,Medium,71.05263157894737,False,True,True,2,71.05263157894737,Small
REST_000377,,cafe,Unknown,26.458763,50.0890652,Prince Mohammed bin Fahd Stadium,4.23249485585094,Close,65,2034-06-14 22:00:00,2034,6,14,22,2,False,65,High,100.0,False,True,True,3,100.0,Medium
REST_001085,كانتون,fast_food,Unknown,24.8114338,46.7694112,Prince Faisal bin Fahd Stadium,7.354754705283516,Moderate,36,2034-06-28 08:00:00,2034,6,28,8,2,False,14,Low,38.88888888888889,False,False,False,2,38.88888888888889,Small
REST_000840,ميلانا كافيه,cafe,Unknown,24.8336702,46.7334612,Prince Faisal bin Fahd Stadium,7.233041214872869,Moderate,64,2034-06-24 10:00:00,2034,6,24,10,5,True,44,Medium,68.75,False,False,False,2,68.75,Medium
REST_000807,Al Fairwz,restaurant,Unknown,21.609459,39.1304878,King Abdullah Sports City,2.863492992019402,Close,141,2034-06-14 10:00:00,2034,6,14,10,2,False,102,Medium,72.3404255319149,False,False,False,3,72.3404255319149,Large
REST_001030,Myazu,restaurant,Unknown,24.6999939,46.7048928,King Fahd International Stadium,2.5791048477032783,Close,143,2034-07-01 15:00:00,2034,7,1,15,5,True,123,High,86.01398601398601,False,False,False,3,86.01398601398601,Large
REST_001146,الاكلة الفاخرة,restaurant,Unknown,26.3570008,43.9522254,King Abdullah City Stadium,1.8008036970602852,Very Close,166,2034-06-20 18:00:00,2034,6,20,18,1,False,81,Low,48.795180722891565,False,False,False,4,48.795180722891565,Large
REST_000118,,fast_food,Unknown,26.4142195,50.1199565,Prince Mohammed bin Fahd Stadium,3.185255167118252,Close,31,2034-06-19 21:00:00,2034,6,19,21,0,False,27,High,87.09677419354838,False,True,True,3,87.09677419354838,Small
REST_000318,درافت كافيه,cafe,Unknown,24.8036447,46.6742323,Prince Faisal bin Fahd Stadium,5.122167928149393,Moderate,38,2034-06-06 13:00:00,2034,6,6,13,1,False,15,Low,39.473684210526315,True,False,True,2,39.473684210526315,Small
REST_000767,العنابي,restaurant,Unknown,24.8148748,46.6347003,Prince Faisal bin Fahd Stadium,9.064077076401924,Moderate,178,2034-07-12 10:00:00,2034,7,12,10,2,False,87,Low,48.87640449438202,False,False,False,2,48.87640449438202,Large
REST_000647,,restaurant,Unknown,24.7072014,46.6901711,King Fahd International Stadium,2.598357578327232,Close,150,2034-07-08 15:00:00,2034,7,8,15,5,True,150,High,100.0,False,False,False,3,100.0,Large
REST_000345,بول,restaurant,Unknown,24.7808456,46.6974026,Prince Faisal bin Fahd Stadium,1.695282012478964,Very Close,98,2034-06-06 08:00:00,2034,6,6,8,1,False,73,Medium,74.48979591836735,False,False,False,4,74.48979591836735,Medium
REST_000033,arocaria,cafe,Unknown,24.7089154,46.6630009,King Fahd International Stadium,3.6268795046125923,Close,52,2034-06-23 22:00:00,2034,6,23,22,4,True,52,High,100.0,False,True,True,3,100.0,Medium
REST_000764,شاورمر Shawarmer,restaurant,Unknown,24.81146,46.6261625,Prince Faisal bin Fahd Stadium,9.627759340618688,Moderate,151,2034-06-08 09:00:00,2034,6,8,9,3,False,82,Medium,54.3046357615894,False,False,False,2,54.3046357615894,Large
REST_001224,ghaze alhesane,fast_food,Unknown,21.6526591,39.1258937,King Abdullah Sports City,2.8463529612627196,Close,60,2034-06-03 19:00:00,2034,6,3,19,5,True,60,High,100.0,False,True,True,3,100.0,Medium
REST_001111,كانتون,fast_food,Unknown,24.6863651,46.6475898,King Fahd International Stadium,3.919127586994456,Close,37,2034-07-07 18:00:00,2034,7,7,18,4,True,37,High,100.0,False,False,False,3,100.0,Small
REST_001212,Urth Caffe,cafe,Unknown,24.6749932,46.6246864,King Fahd International Stadium,6.3071408996924445,Moderate,45,2034-07-15 16:00:00,2034,7,15,16,5,True,37,High,82.22222222222221,False,False,False,2,82.22222222222221,Small
REST_000117,,fast_food,Unknown,26.4141811,50.1200195,Prince Mohammed bin Fahd Stadium,3.1923339300378895,Close,68,2034-07-01 21:00:00,2034,7,1,21,5,True,57,High,83.82352941176471,False,True,True,3,83.82352941176471,Medium
REST_000807,Al Fairwz,restaurant,Unknown,21.609459,39.1304878,King Abdullah Sports City,2.863492992019402,Close,141,2034-06-20 13:00:00,2034,6,20,13,1,False,141,High,100.0,True,False,True,3,100.0,Large
REST_001284,Mensa,restaurant,Unknown,24.8095361,46.7072218,Prince Faisal bin Fahd Stadium,4.202287209804109,Close,131,2034-06-22 10:00:00,2034,6,22,10,3,False,68,Medium,51.908396946564885,False,False,False,3,51.908396946564885,Large
REST_000472,Kudu,fast_food,Unknown,24.5987299,46.6894311,King Fahd International Stadium,9.497995373537016,Moderate,31,2034-07-05 17:00:00,2034,7,5,17,2,False,20,Medium,64.51612903225806,False,False,False,2,64.51612903225806,Small
REST_001105,كانتون,fast_food,Unknown,24.758633,46.7144332,Prince Faisal bin Fahd Stadium,1.5154029092945864,Very Close,42,2034-06-04 19:00:00,2034,6,4,19,6,False,42,High,100.0,False,True,True,4,100.0,Small
REST_000533,,restaurant,Unknown,26.4436666,50.1130733,Prince Mohammed bin Fahd Stadium,3.5161346767299198,Close,99,2034-06-25 15:00:00,2034,6,25,15,6,False,97,High,97.97979797979798,False,False,False,3,97.97979797979798,Medium
REST_001466,الرومانسية,restaurant,Unknown,26.366117,43.9424868,King Abdullah City Stadium,2.413173240425537,Close,99,2034-07-06 17:00:00,2034,7,6,17,3,False,49,Low,49.494949494949495,False,False,False,3,49.494949494949495,Medium
REST_000125,الذهبي,restaurant,Unknown,26.3823139,50.0554028,Prince Mohammed bin Fahd Stadium,5.411358520220647,Moderate,187,2034-06-15 16:00:00,2034,6,15,16,3,False,127,Medium,67.9144385026738,False,False,False,2,67.9144385026738,Large
REST_000642,,restaurant,Unknown,24.6950224,46.6821823,King Fahd International Stadium,1.2837885491746757,Very Close,85,2034-07-01 19:00:00,2034,7,1,19,5,True,85,High,100.0,False,True,True,4,100.0,Medium
REST_000767,العنابي,restaurant,Unknown,24.8148748,46.6347003,Prince Faisal bin Fahd Stadium,9.064077076401924,Moderate,178,2034-06-18 11:00:00,2034,6,18,11,6,False,61,Low,34.26966292134831,False,False,False,2,34.26966292134831,Large
REST_000318,درافت كافيه,cafe,Unknown,24.8036447,46.6742323,Prince Faisal bin Fahd Stadium,5.122167928149393,Moderate,38,2034-07-07 12:00:00,2034,7,7,12,4,True,38,High,100.0,True,False,True,2,100.0,Small
REST_000652,Pizza Hut,restaurant,Unknown,24.6878167,46.6878047,King Fahd International Stadium,0.4403523689977305,Very Close,126,2034-06-27 20:00:00,2034,6,27,20,1,False,126,High,100.0,False,True,True,4,100.0,Large
REST_000806,Al Dawar,restaurant,Unknown,21.6270091,39.1116324,King Abdullah Sports City,0.36547793463446343,Very Close,130,2034-07-11 15:00:00,2034,7,11,15,1,False,73,Medium,56.15384615384615,False,False,False,4,56.15384615384615,Large
REST_001436,,fast_food,Unknown,24.6998806,46.6823339,King Fahd International Stadium,1.7998893815554278,Very Close,55,2034-06-20 09:00:00,2034,6,20,9,1,False,55,High,100.0,False,False,False,4,100.0,Medium
REST_001305,ماكدونالدز,fast_food,Unknown,24.7608687,46.6952563,Prince Faisal bin Fahd Stadium,2.007846447499641,Close,71,2034-06-10 12:00:00,2034,6,10,12,5,True,65,High,91.54929577464789,True,False,True,3,91.54929577464789,Medium
REST_001148,بروست زهرتي,fast_food,Unknown,26.3571976,43.9530467,King Abdullah City Stadium,1.7224554020216554,Very Close,66,2034-06-08 15:00:00,2034,6,8,15,3,False,48,Medium,72.72727272727273,False,False,False,4,72.72727272727273,Medium
REST_001396,روزاليا برجر,fast_food,Unknown,24.8060683,46.6928391,Prince Faisal bin Fahd Stadium,4.218541253442646,Close,43,2034-06-05 12:00:00,2034,6,5,12,0,False,43,High,100.0,True,False,True,3,100.0,Small
REST_000743,ماكدونالدز,fast_food,Unknown,26.4344964,50.085207,Prince Mohammed bin Fahd Stadium,1.5752561988810607,Very Close,75,2034-06-07 13:00:00,2034,6,7,13,2,False,75,High,100.0,True,False,True,4,100.0,Medium
REST_000947,سالدوتش,fast_food,Unknown,24.7797699,46.7882341,Prince Faisal bin Fahd Stadium,7.846498600273864,Moderate,70,2034-06-22 18:00:00,2034,6,22,18,3,False,27,Low,38.57142857142858,False,False,False,2,38.57142857142858,Medium
REST_001380,,restaurant,Unknown,21.7077244,39.1020064,King Abdullah Sports City,8.745821526203569,Moderate,102,2034-06-07 20:00:00,2034,6,7,20,2,False,76,Medium,74.50980392156863,False,True,True,2,74.50980392156863,Large
REST_000702,Kaman Lounge,cafe,Unknown,24.8318742,46.7325524,Prince Faisal bin Fahd Stadium,7.014693590946382,Moderate,76,2034-07-04 18:00:00,2034,7,4,18,1,False,51,Medium,67.10526315789474,False,False,False,2,67.10526315789474,Medium
REST_001343,friday's,restaurant,Unknown,21.6315972,39.1333664,King Abdullah Sports City,2.0631811575655674,Close,160,2034-06-30 20:00:00,2034,6,30,20,4,True,160,High,100.0,False,True,True,3,100.0,Large
REST_000431,,restaurant,Unknown,21.5934705,39.1460582,King Abdullah Sports City,5.258085772146678,Moderate,107,2034-06-10 15:00:00,2034,6,10,15,5,True,107,High,100.0,False,False,False,2,100.0,Large
REST_000113,jofrys cafe,cafe,Unknown,26.4555158,50.1213443,Prince Mohammed bin Fahd Stadium,5.048444618094335,Moderate,94,2034-06-02 20:00:00,2034,6,2,20,4,True,84,High,89.36170212765957,False,True,True,2,89.36170212765957,Medium
REST_000281,فطيرة الفلافل,restaurant,Unknown,26.3291475,43.9607734,King Abdullah City Stadium,4.2172002362013945,Close,64,2034-06-11 11:00:00,2034,6,11,11,6,False,50,Medium,78.125,False,False,False,3,78.125,Medium
REST_000835,alromansia restaurant مطعم الرومانسية,restaurant,Unknown,26.4556722,50.1136773,Prince Mohammed bin Fahd Stadium,4.610572941998937,Close,71,2034-06-29 12:00:00,2034,6,29,12,3,False,71,High,100.0,True,False,True,3,100.0,Medium
REST_001344,كنتاكي,restaurant,Unknown,21.6131515,39.1531451,King Abdullah Sports City,4.496880710443324,Close,114,2034-06-08 16:00:00,2034,6,8,16,3,False,109,High,95.6140350877193,False,False,False,3,95.6140350877193,Large
REST_000078,,restaurant,Unknown,24.8172304,46.7756146,Prince Faisal bin Fahd Stadium,8.243163488733538,Moderate,154,2034-07-01 12:00:00,2034,7,1,12,5,True,154,High,100.0,True,False,True,2,100.0,Large
REST_001237,ماكدونالدز,fast_food,Unknown,21.6135637,39.1072174,King Abdullah Sports City,1.9186500867305076,Very Close,65,2034-06-07 08:00:00,2034,6,7,8,2,False,40,Medium,61.53846153846154,False,False,False,4,61.53846153846154,Medium
REST_001433,شوكليت ايتالياني,restaurant,Unknown,24.6969313,46.6858361,King Fahd International Stadium,1.4275450174103979,Very Close,157,2034-07-06 09:00:00,2034,7,6,9,3,False,157,High,100.0,False,False,False,4,100.0,Large
REST_000116,Phd55,restaurant,Unknown,26.4140411,50.1193958,Prince Mohammed bin Fahd Stadium,3.13551917326331,Close,94,2034-06-03 20:00:00,2034,6,3,20,5,True,94,High,100.0,False,True,True,3,100.0,Medium
REST_001074,,restaurant,Unknown,26.4492315,50.1185042,Prince Mohammed bin Fahd Stadium,4.337340455624325,Close,153,2034-07-11 11:00:00,2034,7,11,11,1,False,80,Medium,52.28758169934641,False,False,False,3,52.28758169934641,Large
REST_001466,الرومانسية,restaurant,Unknown,26.366117,43.9424868,King Abdullah City Stadium,2.413173240425537,Close,99,2034-06-20 09:00:00,2034,6,20,9,1,False,57,Medium,57.57575757575758,False,False,False,3,57.57575757575758,Medium
REST_000562,هوت دوق اكسبرس,restaurant,Unknown,24.8004505,46.7396469,Prince Faisal bin Fahd Stadium,4.294402722510452,Close,110,2034-06-10 17:00:00,2034,6,10,17,5,True,110,High,100.0,False,False,False,3,100.0,Large
REST_000127,Various,fast_food,Unknown,26.40382,50.0573913,Prince Mohammed bin Fahd Stadium,3.6478713725823533,Close,61,2034-07-03 18:00:00,2034,7,3,18,0,False,57,High,93.44262295081968,False,False,False,3,93.44262295081968,Medium
REST_001376,بروستد كوفي,restaurant,Unknown,24.6401514,46.7083399,King Fahd International Stadium,5.370451118649105,Moderate,77,2034-06-24 12:00:00,2034,6,24,12,5,True,77,High,100.0,True,False,True,2,100.0,Medium
REST_000645,,restaurant,Unknown,24.6552535,46.7440452,King Fahd International Stadium,6.6584500373935125,Moderate,164,2034-07-14 12:00:00,2034,7,14,12,4,True,164,High,100.0,True,False,True,2,100.0,Large
REST_001570,,cafe,Unknown,24.7941063,46.6554261,Prince Faisal bin Fahd Stadium,6.1297478461302,Moderate,22,2034-06-01 09:00:00,2034,6,1,9,3,False,10,Low,45.45454545454545,False,False,False,2,45.45454545454545,Small
REST_000654,Lebanon Al Kabeer,restaurant,Unknown,24.7104422,46.6924391,King Fahd International Stadium,2.994057367977562,Close,188,2034-06-18 20:00:00,2034,6,18,20,6,False,120,Medium,63.829787234042556,False,True,True,3,63.829787234042556,Large
REST_000685,مطعم تاكسي,fast_food,Unknown,24.5977115,46.6843568,King Fahd International Stadium,9.607970430368933,Moderate,45,2034-06-23 15:00:00,2034,6,23,15,4,True,45,High,100.0,False,False,False,2,100.0,Small
REST_001466,الرومانسية,restaurant,Unknown,26.366117,43.9424868,King Abdullah City Stadium,2.413173240425537,Close,99,2034-06-01 14:00:00,2034,6,1,14,3,False,98,High,98.98989898989899,True,False,True,3,98.98989898989899,Medium
REST_000039,Pishawri Kabab,restaurant,Unknown,26.43663,50.107813,Prince Mohammed bin Fahd Stadium,2.592648428991508,Close,104,2034-06-13 11:00:00,2034,6,13,11,1,False,42,Low,40.38461538461539,False,False,False,3,40.38461538461539,Large
REST_001033,San Carlo Cicchetti,restaurant,Unknown,21.5508639,39.1541335,King Abdullah Sports City,9.730942506545354,Moderate,83,2034-07-12 18:00:00,2034,7,12,18,2,False,34,Low,40.963855421686745,False,False,False,2,40.963855421686745,Medium
REST_000384,,cafe,Unknown,21.5977041,39.1461551,King Abdullah Sports City,4.912524856984208,Close,37,2034-06-11 22:00:00,2034,6,11,22,6,False,37,High,100.0,False,True,True,3,100.0,Small
REST_000476,بروستد بونواس,restaurant,Unknown,26.4493532,50.1185439,Prince Mohammed bin Fahd Stadium,4.349937758093283,Close,149,2034-07-04 17:00:00,2034,7,4,17,1,False,102,Medium,68.45637583892618,False,False,False,3,68.45637583892618,Large
REST_000116,Phd55,restaurant,Unknown,26.4140411,50.1193958,Prince Mohammed bin Fahd Stadium,3.13551917326331,Close,94,2034-07-08 22:00:00,2034,7,8,22,5,True,94,High,100.0,False,True,True,3,100.0,Medium
REST_000109,بوابة الخرطوم,restaurant,Unknown,26.43616,50.1000586,Prince Mohammed bin Fahd Stadium,2.052315647427722,Close,186,2034-06-12 17:00:00,2034,6,12,17,0,False,94,Medium,50.53763440860215,False,False,False,3,50.53763440860215,Large
REST_000335,بيتزاهت,restaurant,Unknown,24.7953067,46.7424813,Prince Faisal bin Fahd Stadium,4.107885037850816,Close,126,2034-06-23 10:00:00,2034,6,23,10,4,True,76,Medium,60.317460317460316,False,False,False,3,60.317460317460316,Large
REST_000504,مطبغ الضيافة,restaurant,Unknown,21.5813302,39.1601843,King Abdullah Sports City,7.234726941392608,Moderate,138,2034-06-14 14:00:00,2034,6,14,14,2,False,70,Medium,50.72463768115942,True,False,True,2,50.72463768115942,Large
REST_000413,مطعم هرفي,fast_food,Unknown,26.4158129,43.9151372,King Abdullah City Stadium,7.4967909735605245,Moderate,77,2034-06-08 19:00:00,2034,6,8,19,3,False,77,High,100.0,False,True,True,2,100.0,Medium
REST_001496,ماكدونالدز,fast_food,Unknown,26.3867527,43.9634966,King Abdullah City Stadium,2.252478544125855,Close,77,2034-06-28 10:00:00,2034,6,28,10,2,False,72,High,93.5064935064935,False,False,False,3,93.5064935064935,Medium
REST_001378,Chinese restaurant,restaurant,Unknown,24.6941334,46.6852727,King Fahd International Stadium,1.120480418058852,Very Close,91,2034-07-10 09:00:00,2034,7,10,9,0,False,91,High,100.0,False,False,False,4,100.0,Medium
REST_000177,مطعم الجود,restaurant,Unknown,26.4018463,50.0286218,Prince Mohammed bin Fahd Stadium,6.3491763003360795,Moderate,117,2034-06-22 20:00:00,2034,6,22,20,3,False,92,Medium,78.63247863247864,False,True,True,2,78.63247863247864,Large
REST_000077,,restaurant,Unknown,24.8164903,46.7748421,Prince Faisal bin Fahd Stadium,8.131173254585994,Moderate,95,2034-06-26 10:00:00,2034,6,26,10,0,False,82,High,86.31578947368422,False,False,False,2,86.31578947368422,Medium
REST_001028,Crazy Pizza,restaurant,Unknown,24.6752569,46.6249792,King Fahd International Stadium,6.273273163013817,Moderate,91,2034-06-10 21:00:00,2034,6,10,21,5,True,91,High,100.0,False,True,True,2,100.0,Medium
REST_000935,محمصة الدار,cafe,Unknown,24.6514046,46.7066725,King Fahd International Stadium,4.177932531041271,Close,71,2034-07-03 08:00:00,2034,7,3,8,0,False,35,Low,49.29577464788733,False,False,False,3,49.29577464788733,Medium
REST_000927,د.كيف,cafe,Unknown,24.6746514,46.7799945,King Fahd International Stadium,9.52484767466136,Moderate,54,2034-06-05 11:00:00,2034,6,5,11,0,False,18,Low,33.33333333333333,False,False,False,2,33.33333333333333,Medium
REST_001433,شوكليت ايتالياني,restaurant,Unknown,24.6969313,46.6858361,King Fahd International Stadium,1.4275450174103979,Very Close,157,2034-07-01 22:00:00,2034,7,1,22,5,True,157,High,100.0,False,True,True,4,100.0,Large
REST_000300,قهوة باش المختصة,cafe,Unknown,26.4083543,43.9279608,King Abdullah City Stadium,6.028541712294963,Moderate,62,2034-06-02 15:00:00,2034,6,2,15,4,True,42,Medium,67.74193548387096,False,False,False,2,67.74193548387096,Medium
REST_000645,,restaurant,Unknown,24.6552535,46.7440452,King Fahd International Stadium,6.6584500373935125,Moderate,164,2034-06-16 10:00:00,2034,6,16,10,4,True,102,Medium,62.19512195121951,False,False,False,2,62.19512195121951,Large
REST_000771,ميت لوفر,restaurant,Unknown,24.8173115,46.6440981,Prince Faisal bin Fahd Stadium,8.432436504913907,Moderate,97,2034-06-05 11:00:00,2034,6,5,11,0,False,55,Medium,56.70103092783505,False,False,False,2,56.70103092783505,Medium
REST_000594,ستاربكس,cafe,Unknown,24.8178723,46.6870169,Prince Faisal bin Fahd Stadium,5.656185142465266,Moderate,59,2034-07-02 08:00:00,2034,7,2,8,6,False,51,High,86.4406779661017,False,False,False,2,86.4406779661017,Medium
REST_000476,بروستد بونواس,restaurant,Unknown,26.4493532,50.1185439,Prince Mohammed bin Fahd Stadium,4.349937758093283,Close,149,2034-07-03 21:00:00,2034,7,3,21,0,False,149,High,100.0,False,True,True,3,100.0,Large
REST_000650,,restaurant,Unknown,24.7150349,46.6698149,King Fahd International Stadium,3.821735120478624,Close,75,2034-06-16 22:00:00,2034,6,16,22,4,True,59,Medium,78.66666666666666,False,True,True,3,78.66666666666666,Medium
REST_001069,مطعم بنات سارة‭,restaurant,Unknown,24.8203626,46.7891863,Prince Faisal bin Fahd Stadium,9.55661762602268,Moderate,149,2034-06-25 08:00:00,2034,6,25,8,6,False,131,High,87.91946308724832,False,False,False,2,87.91946308724832,Large
REST_000413,مطعم هرفي,fast_food,Unknown,26.4158129,43.9151372,King Abdullah City Stadium,7.4967909735605245,Moderate,77,2034-06-29 21:00:00,2034,6,29,21,3,False,51,Medium,66.23376623376623,False,True,True,2,66.23376623376623,Medium
REST_000681,فلافل الشام,restaurant,Unknown,21.5935782,39.1683551,King Abdullah Sports City,6.9555981877302075,Moderate,180,2034-06-20 08:00:00,2034,6,20,8,1,False,137,Medium,76.11111111111111,False,False,False,2,76.11111111111111,Large
REST_000472,Kudu,fast_food,Unknown,24.5987299,46.6894311,King Fahd International Stadium,9.497995373537016,Moderate,31,2034-06-18 08:00:00,2034,6,18,8,6,False,13,Low,41.935483870967744,False,False,False,2,41.935483870967744,Small
REST_000640,Al Rabe'a,restaurant,Unknown,24.6975196,46.7805034,King Fahd International Stadium,9.63353899962464,Moderate,118,2034-06-20 13:00:00,2034,6,20,13,1,False,64,Medium,54.23728813559322,True,False,True,2,54.23728813559322,Large
REST_001450,كافيه ناي نسائي,cafe,Unknown,26.3639518,43.9492486,King Abdullah City Stadium,1.7653075026122027,Very Close,88,2034-06-10 17:00:00,2034,6,10,17,5,True,73,High,82.95454545454545,False,False,False,4,82.95454545454545,Medium
REST_000684,ماكدونالدز,fast_food,Unknown,21.6011471,39.1708865,King Abdullah Sports City,6.733776259059553,Moderate,46,2034-07-09 11:00:00,2034,7,9,11,6,False,33,Medium,71.73913043478261,False,False,False,2,71.73913043478261,Small
REST_000757,سمك,restaurant,Unknown,24.8151713,46.6353868,Prince Faisal bin Fahd Stadium,9.022795291434852,Moderate,92,2034-06-30 21:00:00,2034,6,30,21,4,True,86,High,93.47826086956522,False,True,True,2,93.47826086956522,Medium
REST_001345,Applebee's,restaurant,Unknown,21.6467484,39.1310317,King Abdullah Sports City,2.614419369990409,Close,192,2034-07-06 09:00:00,2034,7,6,9,3,False,172,High,89.58333333333334,False,False,False,3,89.58333333333334,Large
REST_000029,فلافل ابو بشار مطعم سوري,restaurant,Unknown,24.6476752,46.7067854,King Fahd International Stadium,4.548580223092062,Close,187,2034-06-20 08:00:00,2034,6,20,8,1,False,169,High,90.37433155080214,False,False,False,3,90.37433155080214,Large
REST_000619,Java Cafe,cafe,Unknown,24.6883445,46.7185334,King Fahd International Stadium,3.290648674299839,Close,74,2034-07-10 17:00:00,2034,7,10,17,0,False,55,Medium,74.32432432432432,False,False,False,3,74.32432432432432,Medium
REST_000768,ديب فرايز,restaurant,Unknown,24.8151974,46.6354608,Prince Faisal bin Fahd Stadium,9.018025347370818,Moderate,86,2034-06-11 18:00:00,2034,6,11,18,6,False,30,Low,34.883720930232556,False,False,False,2,34.883720930232556,Medium
REST_001088,كانتون,fast_food,Unknown,24.8250499,46.7505652,Prince Faisal bin Fahd Stadium,7.132901944566299,Moderate,66,2034-06-25 10:00:00,2034,6,25,10,6,False,47,Medium,71.21212121212122,False,False,False,2,71.21212121212122,Medium
REST_000978,Piccolo Roasters,cafe,Unknown,24.7967938,46.6761147,Prince Faisal bin Fahd Stadium,4.479406277618962,Close,46,2034-07-01 18:00:00,2034,7,1,18,5,True,46,High,100.0,False,False,False,3,100.0,Small
REST_001305,ماكدونالدز,fast_food,Unknown,24.7608687,46.6952563,Prince Faisal bin Fahd Stadium,2.007846447499641,Close,71,2034-07-09 22:00:00,2034,7,9,22,6,False,47,Medium,66.19718309859155,False,True,True,3,66.19718309859155,Medium
REST_000738,,restaurant,Unknown,24.6833207,46.7184462,King Fahd International Stadium,3.249037641162283,Close,172,2034-06-22 20:00:00,2034,6,22,20,3,False,172,High,100.0,False,True,True,3,100.0,Large
REST_000673,,fast_food,Unknown,21.6225219,39.1638091,King Abdullah Sports City,5.262932147840783,Moderate,70,2034-06-01 20:00:00,2034,6,1,20,3,False,41,Medium,58.57142857142858,False,True,True,2,58.57142857142858,Medium
REST_000142,,restaurant,Unknown,26.4433236,50.09398,Prince Mohammed bin Fahd Stadium,2.5679599914778457,Close,138,2034-07-05 17:00:00,2034,7,5,17,2,False,120,High,86.95652173913044,False,False,False,3,86.95652173913044,Large
REST_000456,Hardee's,fast_food,Unknown,21.6094159,39.1336547,King Abdullah Sports City,3.0786744244796305,Close,46,2034-06-02 12:00:00,2034,6,2,12,4,True,30,Medium,65.21739130434783,True,False,True,3,65.21739130434783,Small
REST_000143,Kudu,restaurant,Unknown,26.4283716,50.0969946,Prince Mohammed bin Fahd Stadium,1.1804802812989057,Very Close,50,2034-07-06 22:00:00,2034,7,6,22,3,False,43,High,86.0,False,True,True,4,86.0,Medium
REST_000305,مطعم بيتزاكم,fast_food,Unknown,26.3935046,43.9282015,King Abdullah City Stadium,4.857083326267404,Close,52,2034-06-15 13:00:00,2034,6,15,13,3,False,52,High,100.0,True,False,True,3,100.0,Medium
REST_000118,,fast_food,Unknown,26.4142195,50.1199565,Prince Mohammed bin Fahd Stadium,3.185255167118252,Close,31,2034-07-04 13:00:00,2034,7,4,13,1,False,31,High,100.0,True,False,True,3,100.0,Small
REST_000676,مطعم هرفي,restaurant,Unknown,26.4194699,50.0201496,Prince Mohammed bin Fahd Stadium,6.837661872347182,Moderate,169,2034-06-14 11:00:00,2034,6,14,11,2,False,99,Medium,58.57988165680473,False,False,False,2,58.57988165680473,Large
REST_000117,,fast_food,Unknown,26.4141811,50.1200195,Prince Mohammed bin Fahd Stadium,3.1923339300378895,Close,68,2034-06-07 09:00:00,2034,6,7,9,2,False,53,Medium,77.94117647058823,False,False,False,3,77.94117647058823,Medium
REST_000542,,cafe,Unknown,26.4729058,50.0862236,Prince Mohammed bin Fahd Stadium,5.810684253519465,Moderate,92,2034-06-23 14:00:00,2034,6,23,14,4,True,92,High,100.0,True,False,True,2,100.0,Medium
REST_000279,دجاج كنتاكي,fast_food,Unknown,26.3787797,43.9523162,King Abdullah City Stadium,1.9640570360088907,Very Close,37,2034-06-12 11:00:00,2034,6,12,11,0,False,37,High,100.0,False,False,False,4,100.0,Small
REST_000036,,restaurant,Unknown,24.6892064,46.6736943,King Fahd International Stadium,1.3944236747431706,Very Close,106,2034-07-09 21:00:00,2034,7,9,21,6,False,106,High,100.0,False,True,True,4,100.0,Large
REST_000859,واحة المرباع,restaurant,Unknown,26.3941797,43.9288784,King Abdullah City Stadium,4.85094280500056,Close,124,2034-07-05 18:00:00,2034,7,5,18,2,False,100,High,80.64516129032258,False,False,False,3,80.64516129032258,Large
REST_000348,,restaurant,Unknown,24.7671892,46.7170346,Prince Faisal bin Fahd Stadium,0.8034990755507266,Very Close,103,2034-06-29 08:00:00,2034,6,29,8,3,False,103,High,100.0,False,False,False,4,100.0,Large
REST_000655,Gulf Royal Chinese Restaurant,restaurant,Unknown,24.7028885,46.6811631,King Fahd International Stadium,2.1526778037766414,Close,102,2034-06-18 22:00:00,2034,6,18,22,6,False,99,High,97.05882352941177,False,True,True,3,97.05882352941177,Large
REST_000304,اورفيلا,restaurant,Unknown,26.3999028,43.9170009,King Abdullah City Stadium,6.175754032491097,Moderate,119,2034-06-19 19:00:00,2034,6,19,19,0,False,91,Medium,76.47058823529412,False,True,True,2,76.47058823529412,Large
REST_001019,كانتون,fast_food,Unknown,24.6711944,46.732203,King Fahd International Stadium,4.854953811318538,Close,60,2034-06-23 16:00:00,2034,6,23,16,4,True,60,High,100.0,False,False,False,3,100.0,Medium
REST_000967,شاورما جساس,fast_food,Unknown,21.6325188,39.1551692,King Abdullah Sports City,4.317698316997511,Close,31,2034-06-22 16:00:00,2034,6,22,16,3,False,26,High,83.87096774193549,False,False,False,3,83.87096774193549,Small
REST_000038,مطعم السانية,restaurant,Unknown,26.4204967,50.0263476,Prince Mohammed bin Fahd Stadium,6.2191023829578125,Moderate,79,2034-07-01 10:00:00,2034,7,1,10,5,True,48,Medium,60.75949367088608,False,False,False,2,60.75949367088608,Medium
REST_001277,,cafe,Unknown,24.8327713,46.7676109,Prince Faisal bin Fahd Stadium,8.858096344878021,Moderate,97,2034-06-04 16:00:00,2034,6,4,16,6,False,69,Medium,71.1340206185567,False,False,False,2,71.1340206185567,Medium
REST_000049,كودو,fast_food,Unknown,24.781792,46.7316492,Prince Faisal bin Fahd Stadium,2.3571051007927797,Close,69,2034-06-04 08:00:00,2034,6,4,8,6,False,63,High,91.30434782608695,False,False,False,3,91.30434782608695,Medium
REST_001047,مطاعم الباهر,restaurant,Unknown,21.5850807,39.1597016,King Abdullah Sports City,6.894931529153274,Moderate,75,2034-07-01 12:00:00,2034,7,1,12,5,True,60,High,80.0,True,False,True,2,80.0,Medium
REST_001449,خدير,cafe,Unknown,26.3753102,43.982523,King Abdullah City Stadium,1.844314671918282,Very Close,71,2034-06-01 09:00:00,2034,6,1,9,3,False,69,High,97.1830985915493,False,False,False,4,97.1830985915493,Medium
REST_000911,ستاربكس,cafe,Unknown,24.838724,46.7318325,Prince Faisal bin Fahd Stadium,7.72228756712405,Moderate,70,2034-06-26 13:00:00,2034,6,26,13,0,False,65,High,92.85714285714286,True,False,True,2,92.85714285714286,Medium
REST_000655,Gulf Royal Chinese Restaurant,restaurant,Unknown,24.7028885,46.6811631,King Fahd International Stadium,2.1526778037766414,Close,102,2034-07-13 12:00:00,2034,7,13,12,3,False,102,High,100.0,True,False,True,3,100.0,Large
REST_001042,مطعم شناشيل,restaurant,Unknown,21.5982477,39.1405734,King Abdullah Sports City,4.48801369964674,Close,137,2034-06-05 08:00:00,2034,6,5,8,0,False,124,High,90.51094890510949,False,False,False,3,90.51094890510949,Large
REST_000845,Barn's,restaurant,Unknown,24.8334509,46.733426,Prince Faisal bin Fahd Stadium,7.208773253950492,Moderate,119,2034-06-02 19:00:00,2034,6,2,19,4,True,90,Medium,75.63025210084034,False,True,True,2,75.63025210084034,Large
REST_000291,كوب القهوة,cafe,Unknown,26.3188473,44.0378809,King Abdullah City Stadium,8.867009934236398,Moderate,63,2034-06-18 11:00:00,2034,6,18,11,6,False,26,Low,41.269841269841265,False,False,False,2,41.269841269841265,Medium
REST_001088,كانتون,fast_food,Unknown,24.8250499,46.7505652,Prince Faisal bin Fahd Stadium,7.132901944566299,Moderate,66,2034-06-02 11:00:00,2034,6,2,11,4,True,54,High,81.81818181818183,False,False,False,2,81.81818181818183,Medium
REST_000281,فطيرة الفلافل,restaurant,Unknown,26.3291475,43.9607734,King Abdullah City Stadium,4.2172002362013945,Close,64,2034-06-03 18:00:00,2034,6,3,18,5,True,43,Medium,67.1875,False,False,False,3,67.1875,Medium
REST_000705,,restaurant,Unknown,24.793833,46.6547551,Prince Faisal bin Fahd Stadium,6.179758496862934,Moderate,93,2034-06-21 16:00:00,2034,6,21,16,2,False,37,Low,39.784946236559136,False,False,False,2,39.784946236559136,Medium
REST_000320,,fast_food,Unknown,24.7616639,46.6733369,Prince Faisal bin Fahd Stadium,3.9694256632844938,Close,38,2034-07-01 19:00:00,2034,7,1,19,5,True,38,High,100.0,False,True,True,3,100.0,Small
REST_000109,بوابة الخرطوم,restaurant,Unknown,26.43616,50.1000586,Prince Mohammed bin Fahd Stadium,2.052315647427722,Close,186,2034-07-03 09:00:00,2034,7,3,9,0,False,149,High,80.10752688172043,False,False,False,3,80.10752688172043,Large
REST_000170,الصفصاف مطعم,restaurant,Unknown,26.439842,50.0823,Prince Mohammed bin Fahd Stadium,2.224719924262925,Close,134,2034-07-14 12:00:00,2034,7,14,12,4,True,91,Medium,67.91044776119402,True,False,True,3,67.91044776119402,Large
REST_001418,Shikara Restaurant,restaurant,Unknown,24.7128171,46.6711407,King Fahd International Stadium,3.541438994349068,Close,119,2034-06-22 09:00:00,2034,6,22,9,3,False,98,High,82.35294117647058,False,False,False,3,82.35294117647058,Large
REST_000335,بيتزاهت,restaurant,Unknown,24.7953067,46.7424813,Prince Faisal bin Fahd Stadium,4.107885037850816,Close,126,2034-06-20 14:00:00,2034,6,20,14,1,False,72,Medium,57.14285714285714,True,False,True,3,57.14285714285714,Large
REST_000367,Burger King,fast_food,Unknown,21.6154588,39.1080491,King Abdullah Sports City,1.6912883854134428,Very Close,46,2034-06-22 21:00:00,2034,6,22,21,3,False,46,High,100.0,False,True,True,4,100.0,Small
REST_001335,,restaurant,Unknown,24.7987557,46.6663059,Prince Faisal bin Fahd Stadium,5.410669423428039,Moderate,70,2034-06-06 08:00:00,2034,6,6,8,1,False,21,Low,30.0,False,False,False,2,30.0,Medium
REST_001468,اكلات جدودنا,restaurant,Unknown,26.3707036,43.923929,King Abdullah City Stadium,4.284278486583965,Close,140,2034-06-12 10:00:00,2034,6,12,10,0,False,76,Medium,54.285714285714285,False,False,False,3,54.285714285714285,Large
REST_000562,هوت دوق اكسبرس,restaurant,Unknown,24.8004505,46.7396469,Prince Faisal bin Fahd Stadium,4.294402722510452,Close,110,2034-06-18 12:00:00,2034,6,18,12,6,False,110,High,100.0,True,False,True,3,100.0,Large
REST_001336,مطعم كمون البخاري,restaurant,Unknown,24.6851879,46.7667693,King Fahd International Stadium,8.131030996167413,Moderate,73,2034-06-24 13:00:00,2034,6,24,13,5,True,58,Medium,79.45205479452055,True,False,True,2,79.45205479452055,Medium
REST_001376,بروستد كوفي,restaurant,Unknown,24.6401514,46.7083399,King Fahd International Stadium,5.370451118649105,Moderate,77,2034-07-08 17:00:00,2034,7,8,17,5,True,77,High,100.0,False,False,False,2,100.0,Medium
REST_000786,Ziyada Toum,restaurant,Unknown,21.5726539,39.1292852,King Abdullah Sports City,6.560574943644657,Moderate,79,2034-06-22 21:00:00,2034,6,22,21,3,False,75,High,94.9367088607595,False,True,True,2,94.9367088607595,Medium
REST_000533,,restaurant,Unknown,26.4436666,50.1130733,Prince Mohammed bin Fahd Stadium,3.5161346767299198,Close,99,2034-07-10 11:00:00,2034,7,10,11,0,False,41,Low,41.41414141414141,False,False,False,3,41.41414141414141,Medium
REST_000407,Chkn,fast_food,Unknown,24.8453094,46.7582844,Prince Faisal bin Fahd Stadium,9.455576825942822,Moderate,50,2034-06-05 18:00:00,2034,6,5,18,0,False,17,Low,34.0,False,False,False,2,34.0,Medium
REST_001105,كانتون,fast_food,Unknown,24.758633,46.7144332,Prince Faisal bin Fahd Stadium,1.5154029092945864,Very Close,42,2034-06-25 22:00:00,2034,6,25,22,6,False,42,High,100.0,False,True,True,4,100.0,Small
REST_001262,,cafe,Unknown,24.7858399,46.6458311,Prince Faisal bin Fahd Stadium,6.759411254521565,Moderate,98,2034-07-09 21:00:00,2034,7,9,21,6,False,51,Medium,52.04081632653062,False,True,True,2,52.04081632653062,Medium
REST_000692,الطازج,restaurant,Unknown,21.5989399,39.1636782,King Abdullah Sports City,6.219521631995177,Moderate,59,2034-07-07 19:00:00,2034,7,7,19,4,True,59,High,100.0,False,True,True,2,100.0,Medium
REST_000684,ماكدونالدز,fast_food,Unknown,21.6011471,39.1708865,King Abdullah Sports City,6.733776259059553,Moderate,46,2034-06-09 14:00:00,2034,6,9,14,4,True,46,High,100.0,True,False,True,2,100.0,Small
REST_000677,Malaga Specialty Coffee - مالقه قهوة مختصه,cafe,Unknown,21.699561,39.1051823,King Abdullah Sports City,7.804547005035386,Moderate,26,2034-06-15 10:00:00,2034,6,15,10,3,False,13,Medium,50.0,False,False,False,2,50.0,Small
REST_000811,Al Nakheel,restaurant,Unknown,21.5643739,39.1116299,King Abdullah Sports City,7.277619197092621,Moderate,68,2034-06-03 22:00:00,2034,6,3,22,5,True,68,High,100.0,False,True,True,2,100.0,Medium
REST_000756,Le Comptoir de Nicole,restaurant,Unknown,21.6534671,39.1025296,King Abdullah Sports City,2.8655347182268214,Close,79,2034-06-21 17:00:00,2034,6,21,17,2,False,36,Low,45.56962025316456,False,False,False,3,45.56962025316456,Medium
REST_000670,Starbucks,cafe,Unknown,21.7020283,39.1053149,King Abdullah Sports City,8.075838318376288,Moderate,99,2034-07-01 21:00:00,2034,7,1,21,5,True,99,High,100.0,False,True,True,2,100.0,Medium
REST_000429,,cafe,Unknown,21.614964,39.153345,King Abdullah Sports City,4.4368840980897195,Close,23,2034-07-03 13:00:00,2034,7,3,13,0,False,23,High,100.0,True,False,True,3,100.0,Small
REST_001395,برغرايزر,fast_food,Unknown,24.8060276,46.6928535,Prince Faisal bin Fahd Stadium,4.2138337701856985,Close,45,2034-07-07 17:00:00,2034,7,7,17,4,True,43,High,95.55555555555556,False,False,False,3,95.55555555555556,Small
REST_000640,Al Rabe'a,restaurant,Unknown,24.6975196,46.7805034,King Fahd International Stadium,9.63353899962464,Moderate,118,2034-07-10 11:00:00,2034,7,10,11,0,False,62,Medium,52.54237288135594,False,False,False,2,52.54237288135594,Large
REST_001216,Beefbar,restaurant,Unknown,24.7043323,46.7059386,King Fahd International Stadium,2.999598031405568,Close,120,2034-07-08 12:00:00,2034,7,8,12,5,True,89,Medium,74.16666666666667,True,False,True,3,74.16666666666667,Large
REST_000674,دومينوز بيتزا,fast_food,Unknown,26.3575068,43.9658404,King Abdullah City Stadium,1.025818514384294,Very Close,35,2034-07-10 18:00:00,2034,7,10,18,0,False,35,High,100.0,False,False,False,4,100.0,Small
REST_000283,al fares,restaurant,Unknown,26.3373754,43.9662608,King Abdullah City Stadium,3.261040392550364,Close,165,2034-06-30 18:00:00,2034,6,30,18,4,True,165,High,100.0,False,False,False,3,100.0,Large
REST_000690,دانكن دونتس,fast_food,Unknown,21.5724549,39.1586974,King Abdullah Sports City,7.905330247035989,Moderate,53,2034-06-03 20:00:00,2034,6,3,20,5,True,30,Medium,56.60377358490566,False,True,True,2,56.60377358490566,Medium
REST_001192,Coya,restaurant,Unknown,24.7045628,46.7057789,King Fahd International Stadium,3.0082888484263424,Close,83,2034-07-09 20:00:00,2034,7,9,20,6,False,83,High,100.0,False,True,True,3,100.0,Medium
REST_000844,دانكن دونتس,fast_food,Unknown,24.8346375,46.7354588,Prince Faisal bin Fahd Stadium,7.4000600489304045,Moderate,61,2034-06-08 13:00:00,2034,6,8,13,3,False,28,Low,45.90163934426229,True,False,True,2,45.90163934426229,Medium
REST_001437,The Pizza Company,restaurant,Unknown,24.7026567,46.6799824,King Fahd International Stadium,2.159866708073871,Close,89,2034-07-08 12:00:00,2034,7,8,12,5,True,89,High,100.0,True,False,True,3,100.0,Medium
REST_000650,,restaurant,Unknown,24.7150349,46.6698149,King Fahd International Stadium,3.821735120478624,Close,75,2034-07-04 22:00:00,2034,7,4,22,1,False,75,High,100.0,False,True,True,3,100.0,Medium
REST_000176,,restaurant,Unknown,26.4104127,50.0341182,Prince Mohammed bin Fahd Stadium,5.5643445776893,Moderate,98,2034-06-22 08:00:00,2034,6,22,8,3,False,54,Medium,55.10204081632652,False,False,False,2,55.10204081632652,Medium
REST_001205,مطعم فلفلة,restaurant,Unknown,26.3506278,50.0511467,Prince Mohammed bin Fahd Stadium,8.64741469840064,Moderate,55,2034-06-06 18:00:00,2034,6,6,18,1,False,40,Medium,72.72727272727273,False,False,False,2,72.72727272727273,Medium
REST_000347,,cafe,Unknown,24.7787495,46.7118329,Prince Faisal bin Fahd Stadium,0.7662576771674339,Very Close,30,2034-06-14 21:00:00,2034,6,14,21,2,False,21,Medium,70.0,False,True,True,4,70.0,Small
REST_001457,ديل برجر,restaurant,Unknown,26.3926371,43.9203766,King Abdullah City Stadium,5.441693716202213,Moderate,167,2034-06-15 11:00:00,2034,6,15,11,3,False,95,Medium,56.886227544910184,False,False,False,2,56.886227544910184,Large
REST_000658,,fast_food,Unknown,24.699565,46.6922968,King Fahd International Stadium,1.823231871559477,Very Close,43,2034-06-11 11:00:00,2034,6,11,11,6,False,43,High,100.0,False,False,False,4,100.0,Small
REST_000685,مطعم تاكسي,fast_food,Unknown,24.5977115,46.6843568,King Fahd International Stadium,9.607970430368933,Moderate,45,2034-06-06 11:00:00,2034,6,6,11,1,False,26,Medium,57.77777777777777,False,False,False,2,57.77777777777777,Small
REST_000748,ذوق الحجازي,restaurant,Unknown,24.812489,46.6285748,Prince Faisal bin Fahd Stadium,9.46579312144128,Moderate,126,2034-06-17 13:00:00,2034,6,17,13,5,True,126,High,100.0,True,False,True,2,100.0,Large
REST_001111,كانتون,fast_food,Unknown,24.6863651,46.6475898,King Fahd International Stadium,3.919127586994456,Close,37,2034-07-14 20:00:00,2034,7,14,20,4,True,37,High,100.0,False,True,True,3,100.0,Small
REST_000117,,fast_food,Unknown,26.4141811,50.1200195,Prince Mohammed bin Fahd Stadium,3.1923339300378895,Close,68,2034-06-18 08:00:00,2034,6,18,8,6,False,32,Low,47.05882352941176,False,False,False,3,47.05882352941176,Medium
REST_000743,ماكدونالدز,fast_food,Unknown,26.4344964,50.085207,Prince Mohammed bin Fahd Stadium,1.5752561988810607,Very Close,75,2034-06-28 18:00:00,2034,6,28,18,2,False,33,Low,44.0,False,False,False,4,44.0,Medium
REST_001382,خروف الشيف,restaurant,Unknown,21.7082213,39.1049698,King Abdullah Sports City,8.764490920506644,Moderate,150,2034-06-19 16:00:00,2034,6,19,16,0,False,81,Medium,54.0,False,False,False,2,54.0,Large
REST_000562,هوت دوق اكسبرس,restaurant,Unknown,24.8004505,46.7396469,Prince Faisal bin Fahd Stadium,4.294402722510452,Close,110,2034-06-26 18:00:00,2034,6,26,18,0,False,62,Medium,56.36363636363636,False,False,False,3,56.36363636363636,Large
REST_000320,,fast_food,Unknown,24.7616639,46.6733369,Prince Faisal bin Fahd Stadium,3.9694256632844938,Close,38,2034-07-13 15:00:00,2034,7,13,15,3,False,24,Medium,63.1578947368421,False,False,False,3,63.1578947368421,Small
REST_000922,Gold Sushi Club,restaurant,Unknown,24.7527335,46.6249425,Prince Faisal bin Fahd Stadium,8.946847548140124,Moderate,186,2034-06-07 10:00:00,2034,6,7,10,2,False,156,High,83.87096774193549,False,False,False,2,83.87096774193549,Large
REST_000441,Starbucks,cafe,Unknown,26.4539347,50.1205844,Prince Mohammed bin Fahd Stadium,4.865387943686088,Close,27,2034-06-01 21:00:00,2034,6,1,21,3,False,18,Medium,66.66666666666666,False,True,True,3,66.66666666666666,Small
REST_001077,Urth Caffe,cafe,Unknown,21.6483406,39.1121231,King Abdullah Sports City,2.066526819270073,Close,58,2034-06-05 18:00:00,2034,6,5,18,0,False,44,Medium,75.86206896551724,False,False,False,3,75.86206896551724,Medium
REST_000322,Mahboob,fast_food,Unknown,24.7590745,46.6639915,Prince Faisal bin Fahd Stadium,4.9559935509830595,Close,50,2034-06-17 18:00:00,2034,6,17,18,5,True,37,Medium,74.0,False,False,False,3,74.0,Medium
REST_000824,مقهى بلانو كافيه,cafe,Unknown,24.7379427,46.6889009,Prince Faisal bin Fahd Stadium,4.385983710593129,Close,85,2034-06-25 09:00:00,2034,6,25,9,6,False,50,Medium,58.82352941176471,False,False,False,3,58.82352941176471,Medium
REST_000299,EIGHTY + ثمانين,cafe,Unknown,26.4065469,43.9282725,King Abdullah City Stadium,5.855216754611595,Moderate,63,2034-06-05 13:00:00,2034,6,5,13,0,False,63,High,100.0,True,False,True,2,100.0,Medium
REST_000369,بيت الدونات,cafe,Unknown,21.5845758,39.159072,King Abdullah Sports City,6.890871683076867,Moderate,51,2034-07-05 22:00:00,2034,7,5,22,2,False,51,High,100.0,False,True,True,2,100.0,Medium
REST_000335,بيتزاهت,restaurant,Unknown,24.7953067,46.7424813,Prince Faisal bin Fahd Stadium,4.107885037850816,Close,126,2034-06-28 09:00:00,2034,6,28,9,2,False,58,Low,46.03174603174603,False,False,False,3,46.03174603174603,Large
REST_000124,ماكدونالدز,restaurant,Unknown,26.4041626,50.0576601,Prince Mohammed bin Fahd Stadium,3.6053616022522577,Close,157,2034-06-25 20:00:00,2034,6,25,20,6,False,157,High,100.0,False,True,True,3,100.0,Large
REST_000282,كودو,restaurant,Unknown,26.3573865,43.9661676,King Abdullah City Stadium,1.0369714984039948,Very Close,122,2034-06-25 15:00:00,2034,6,25,15,6,False,122,High,100.0,False,False,False,4,100.0,Large
REST_000638,Fish & Chips,fast_food,Unknown,24.7006869,46.6928923,King Fahd International Stadium,1.9609427883677322,Very Close,31,2034-06-29 15:00:00,2034,6,29,15,3,False,16,Medium,51.61290322580645,False,False,False,4,51.61290322580645,Small
REST_000335,بيتزاهت,restaurant,Unknown,24.7953067,46.7424813,Prince Faisal bin Fahd Stadium,4.107885037850816,Close,126,2034-07-15 22:00:00,2034,7,15,22,5,True,112,High,88.88888888888889,False,True,True,3,88.88888888888889,Large
REST_001499,مندي صالح,restaurant,Unknown,26.324595,43.9612958,King Abdullah City Stadium,4.712729775299977,Close,93,2034-06-05 18:00:00,2034,6,5,18,0,False,58,Medium,62.365591397849464,False,False,False,3,62.365591397849464,Medium
REST_000965,Nano Kitchen,restaurant,Unknown,24.7340037,46.6974471,Prince Faisal bin Fahd Stadium,4.43054027730751,Close,112,2034-06-03 19:00:00,2034,6,3,19,5,True,112,High,100.0,False,True,True,3,100.0,Large
REST_000656,Al Mansaf,restaurant,Unknown,24.711061,46.6977886,King Fahd International Stadium,3.2147468402165744,Close,90,2034-06-06 11:00:00,2034,6,6,11,1,False,72,High,80.0,False,False,False,3,80.0,Medium
REST_000048,Cinnabon,fast_food,Unknown,24.7375941,46.7978042,Prince Faisal bin Fahd Stadium,9.5593299885977,Moderate,58,2034-06-12 19:00:00,2034,6,12,19,0,False,58,High,100.0,False,True,True,2,100.0,Medium
REST_000367,Burger King,fast_food,Unknown,21.6154588,39.1080491,King Abdullah Sports City,1.6912883854134428,Very Close,46,2034-07-13 16:00:00,2034,7,13,16,3,False,42,High,91.30434782608695,False,False,False,4,91.30434782608695,Small
REST_000319,مطعم الخروف للمأكولات الكويتية,restaurant,Unknown,24.805779,46.6605281,Prince Faisal bin Fahd Stadium,6.336535466410876,Moderate,173,2034-06-16 08:00:00,2034,6,16,8,4,True,171,High,98.84393063583815,False,False,False,2,98.84393063583815,Large
REST_001146,الاكلة الفاخرة,restaurant,Unknown,26.3570008,43.9522254,King Abdullah City Stadium,1.8008036970602852,Very Close,166,2034-06-27 18:00:00,2034,6,27,18,1,False,121,Medium,72.89156626506023,False,False,False,4,72.89156626506023,Large
REST_000692,الطازج,restaurant,Unknown,21.5989399,39.1636782,King Abdullah Sports City,6.219521631995177,Moderate,59,2034-07-11 21:00:00,2034,7,11,21,1,False,30,Medium,50.847457627118644,False,True,True,2,50.847457627118644,Medium
REST_000812,Al Wada'a,restaurant,Unknown,21.5881688,39.1057078,King Abdullah Sports City,4.698746029721953,Close,82,2034-07-12 11:00:00,2034,7,12,11,2,False,53,Medium,64.63414634146342,False,False,False,3,64.63414634146342,Medium
REST_000824,مقهى بلانو كافيه,cafe,Unknown,24.7379427,46.6889009,Prince Faisal bin Fahd Stadium,4.385983710593129,Close,85,2034-06-07 09:00:00,2034,6,7,9,2,False,49,Medium,57.647058823529406,False,False,False,3,57.647058823529406,Medium
REST_000938,Kudu,restaurant,Unknown,21.6664279,39.1098748,King Abdullah Sports City,4.090033900752487,Close,51,2034-06-28 13:00:00,2034,6,28,13,2,False,36,Medium,70.58823529411765,True,False,True,3,70.58823529411765,Medium
REST_001141,فلافل عرفة,restaurant,Unknown,26.356933,43.9523422,King Abdullah City Stadium,1.7960470957293113,Very Close,143,2034-07-04 13:00:00,2034,7,4,13,1,False,143,High,100.0,True,False,True,4,100.0,Large
REST_001396,روزاليا برجر,fast_food,Unknown,24.8060683,46.6928391,Prince Faisal bin Fahd Stadium,4.218541253442646,Close,43,2034-06-27 19:00:00,2034,6,27,19,1,False,43,High,100.0,False,True,True,3,100.0,Small
REST_000519,ارببكا,cafe,Unknown,24.6372046,46.6931329,King Fahd International Stadium,5.260047735977853,Moderate,28,2034-06-10 20:00:00,2034,6,10,20,5,True,28,High,100.0,False,True,True,2,100.0,Small
REST_000656,Al Mansaf,restaurant,Unknown,24.711061,46.6977886,King Fahd International Stadium,3.2147468402165744,Close,90,2034-06-01 08:00:00,2034,6,1,8,3,False,50,Medium,55.55555555555556,False,False,False,3,55.55555555555556,Medium
REST_001291,,cafe,Unknown,24.7857326,46.6336383,Prince Faisal bin Fahd Stadium,7.9602568484893155,Moderate,57,2034-06-24 17:00:00,2034,6,24,17,5,True,57,High,100.0,False,False,False,2,100.0,Medium
REST_000950,سالدوتش,fast_food,Unknown,24.7449215,46.7560798,Prince Faisal bin Fahd Stadium,5.451508723546728,Moderate,49,2034-07-10 08:00:00,2034,7,10,8,0,False,26,Medium,53.06122448979592,False,False,False,2,53.06122448979592,Small
REST_000334,Krispy Kreme,fast_food,Unknown,24.8008561,46.7438247,Prince Faisal bin Fahd Stadium,4.620337375864432,Close,35,2034-06-22 09:00:00,2034,6,22,9,3,False,24,Medium,68.57142857142857,False,False,False,3,68.57142857142857,Small
REST_001339,سستوريا,restaurant,Unknown,24.8149496,46.6348677,Prince Faisal bin Fahd Stadium,9.054114943469786,Moderate,141,2034-06-15 22:00:00,2034,6,15,22,3,False,141,High,100.0,False,True,True,2,100.0,Large
REST_000683,بارنز,cafe,Unknown,21.6013229,39.1712084,King Abdullah Sports City,6.753920525841267,Moderate,39,2034-06-24 15:00:00,2034,6,24,15,5,True,31,Medium,79.48717948717949,False,False,False,2,79.48717948717949,Small
REST_000690,دانكن دونتس,fast_food,Unknown,21.5724549,39.1586974,King Abdullah Sports City,7.905330247035989,Moderate,53,2034-06-29 12:00:00,2034,6,29,12,3,False,53,High,100.0,True,False,True,2,100.0,Medium
REST_000307,مطعم بيت السندباد,restaurant,Unknown,26.3570557,43.9522896,King Abdullah City Stadium,1.792025346765346,Very Close,50,2034-07-12 20:00:00,2034,7,12,20,2,False,43,High,86.0,False,True,True,4,86.0,Medium
REST_000693,Bharath Restaurant,restaurant,Unknown,24.6747018,46.7444784,King Fahd International Stadium,5.970410854236347,Moderate,135,2034-07-05 15:00:00,2034,7,5,15,2,False,83,Medium,61.48148148148148,False,False,False,2,61.48148148148148,Large
REST_001110,كانتون,fast_food,Unknown,24.808371,46.6698492,Prince Faisal bin Fahd Stadium,5.805407420939589,Moderate,64,2034-06-21 14:00:00,2034,6,21,14,2,False,29,Low,45.3125,True,False,True,2,45.3125,Medium
REST_000457,دانكن دونتس,fast_food,Unknown,24.6807131,46.6945961,King Fahd International Stadium,0.9189211472499675,Very Close,52,2034-07-05 12:00:00,2034,7,5,12,2,False,42,High,80.76923076923077,True,False,True,4,80.76923076923077,Medium
REST_001145,Tahina,restaurant,Unknown,21.5830269,39.1440081,King Abdullah Sports City,6.082540579162459,Moderate,178,2034-06-17 08:00:00,2034,6,17,8,5,True,152,High,85.39325842696628,False,False,False,2,85.39325842696628,Large
REST_000291,كوب القهوة,cafe,Unknown,26.3188473,44.0378809,King Abdullah City Stadium,8.867009934236398,Moderate,63,2034-07-09 13:00:00,2034,7,9,13,6,False,53,High,84.12698412698413,True,False,True,2,84.12698412698413,Medium
REST_000279,دجاج كنتاكي,fast_food,Unknown,26.3787797,43.9523162,King Abdullah City Stadium,1.9640570360088907,Very Close,37,2034-07-06 09:00:00,2034,7,6,9,3,False,24,Medium,64.86486486486487,False,False,False,4,64.86486486486487,Small
REST_001307,جافا تايم,cafe,Unknown,24.6828568,46.69716,King Fahd International Stadium,1.105912715294937,Very Close,88,2034-06-01 22:00:00,2034,6,1,22,3,False,88,High,100.0,False,True,True,4,100.0,Medium
REST_000081,pure juice,restaurant,Unknown,26.3608854,50.0972872,Prince Mohammed bin Fahd Stadium,6.704590543009442,Moderate,185,2034-06-22 14:00:00,2034,6,22,14,3,False,145,Medium,78.37837837837837,True,False,True,2,78.37837837837837,Large
REST_001039,,restaurant,Unknown,21.5750808,39.1427883,King Abdullah Sports City,6.796297500888847,Moderate,181,2034-07-04 10:00:00,2034,7,4,10,1,False,138,Medium,76.24309392265194,False,False,False,2,76.24309392265194,Large
REST_000049,كودو,fast_food,Unknown,24.781792,46.7316492,Prince Faisal bin Fahd Stadium,2.3571051007927797,Close,69,2034-07-14 17:00:00,2034,7,14,17,4,True,40,Medium,57.971014492753625,False,False,False,3,57.971014492753625,Medium
REST_001041,مايسترو,restaurant,Unknown,21.5991497,39.1446547,King Abdullah Sports City,4.689150418406639,Close,61,2034-06-10 22:00:00,2034,6,10,22,5,True,61,High,100.0,False,True,True,3,100.0,Medium
REST_000950,سالدوتش,fast_food,Unknown,24.7449215,46.7560798,Prince Faisal bin Fahd Stadium,5.451508723546728,Moderate,49,2034-06-22 20:00:00,2034,6,22,20,3,False,38,Medium,77.55102040816327,False,True,True,2,77.55102040816327,Small
REST_000286,كودو,fast_food,Unknown,26.3963971,43.9255495,King Abdullah City Stadium,5.263804879077784,Moderate,74,2034-06-06 18:00:00,2034,6,6,18,1,False,48,Medium,64.86486486486487,False,False,False,2,64.86486486486487,Medium
REST_001333,,restaurant,Unknown,24.7023914,46.6968701,King Fahd International Stadium,2.297200393125573,Close,146,2034-06-23 11:00:00,2034,6,23,11,4,True,146,High,100.0,False,False,False,3,100.0,Large
REST_001331,,restaurant,Unknown,24.8072019,46.7805878,Prince Faisal bin Fahd Stadium,8.047144803866747,Moderate,87,2034-07-06 12:00:00,2034,7,6,12,3,False,87,High,100.0,True,False,True,2,100.0,Medium
REST_001145,Tahina,restaurant,Unknown,21.5830269,39.1440081,King Abdullah Sports City,6.082540579162459,Moderate,178,2034-06-22 10:00:00,2034,6,22,10,3,False,113,Medium,63.48314606741573,False,False,False,2,63.48314606741573,Large
REST_001283,,cafe,Unknown,24.7821629,46.7063921,Prince Faisal bin Fahd Stadium,1.2323621339488111,Very Close,85,2034-07-03 14:00:00,2034,7,3,14,0,False,85,High,100.0,True,False,True,4,100.0,Medium
REST_000772,مطعم القصر للمشويات العراقية,restaurant,Unknown,24.8171188,46.6442025,Prince Faisal bin Fahd Stadium,8.411176395526743,Moderate,144,2034-07-01 21:00:00,2034,7,1,21,5,True,144,High,100.0,False,True,True,2,100.0,Large
REST_000533,,restaurant,Unknown,26.4436666,50.1130733,Prince Mohammed bin Fahd Stadium,3.5161346767299198,Close,99,2034-06-12 17:00:00,2034,6,12,17,0,False,99,High,100.0,False,False,False,3,100.0,Medium
REST_001381,Abu zaid,restaurant,Unknown,21.7087895,39.1030025,King Abdullah Sports City,8.849966247534358,Moderate,60,2034-07-14 17:00:00,2034,7,14,17,4,True,51,High,85.0,False,False,False,2,85.0,Medium
REST_000852,McDonald's,fast_food,Unknown,24.7616003,46.6734739,Prince Faisal bin Fahd Stadium,3.958217349628823,Close,57,2034-06-07 19:00:00,2034,6,7,19,2,False,57,High,100.0,False,True,True,3,100.0,Medium
REST_001450,كافيه ناي نسائي,cafe,Unknown,26.3639518,43.9492486,King Abdullah City Stadium,1.7653075026122027,Very Close,88,2034-06-17 21:00:00,2034,6,17,21,5,True,88,High,100.0,False,True,True,4,100.0,Medium
REST_000559,Indonesian,restaurant,Unknown,24.7098964,46.6909907,King Fahd International Stadium,2.9073079296459525,Close,154,2034-06-08 22:00:00,2034,6,8,22,3,False,154,High,100.0,False,True,True,3,100.0,Large
REST_000935,محمصة الدار,cafe,Unknown,24.6514046,46.7066725,King Fahd International Stadium,4.177932531041271,Close,71,2034-06-04 19:00:00,2034,6,4,19,6,False,71,High,100.0,False,True,True,3,100.0,Medium
REST_001286,,cafe,Unknown,24.7680715,46.7152814,Prince Faisal bin Fahd Stadium,0.6067011476263072,Very Close,66,2034-07-01 15:00:00,2034,7,1,15,5,True,66,High,100.0,False,False,False,4,100.0,Medium
REST_000298,تشيز برقر,fast_food,Unknown,26.3906432,43.9182763,King Abdullah City Stadium,5.509759371692815,Moderate,54,2034-07-07 17:00:00,2034,7,7,17,4,True,43,Medium,79.62962962962963,False,False,False,2,79.62962962962963,Medium
REST_001061,QEUZ,restaurant,Unknown,24.8049729,46.6607622,Prince Faisal bin Fahd Stadium,6.264526233635944,Moderate,130,2034-07-14 16:00:00,2034,7,14,16,4,True,103,Medium,79.23076923076923,False,False,False,2,79.23076923076923,Large
REST_000410,الدكة,restaurant,Unknown,21.6094013,39.1310894,King Abdullah Sports City,2.9070502710616664,Close,137,2034-06-14 12:00:00,2034,6,14,12,2,False,137,High,100.0,True,False,True,3,100.0,Large
REST_000317,ميوزد بيت القهوة,cafe,Unknown,24.8035305,46.6743369,Prince Faisal bin Fahd Stadium,5.105766897844834,Moderate,97,2034-07-11 15:00:00,2034,7,11,15,1,False,54,Medium,55.670103092783506,False,False,False,2,55.670103092783506,Medium
REST_001019,كانتون,fast_food,Unknown,24.6711944,46.732203,King Fahd International Stadium,4.854953811318538,Close,60,2034-06-06 18:00:00,2034,6,6,18,1,False,33,Medium,55.00000000000001,False,False,False,3,55.00000000000001,Medium
REST_000535,,cafe,Unknown,26.4494409,50.0883834,Prince Mohammed bin Fahd Stadium,3.19611144997641,Close,34,2034-06-10 16:00:00,2034,6,10,16,5,True,29,High,85.29411764705883,False,False,False,3,85.29411764705883,Small
REST_001343,friday's,restaurant,Unknown,21.6315972,39.1333664,King Abdullah Sports City,2.0631811575655674,Close,160,2034-06-13 11:00:00,2034,6,13,11,1,False,79,Low,49.375,False,False,False,3,49.375,Large
REST_001570,,cafe,Unknown,24.7941063,46.6554261,Prince Faisal bin Fahd Stadium,6.1297478461302,Moderate,22,2034-06-20 10:00:00,2034,6,20,10,1,False,17,Medium,77.27272727272727,False,False,False,2,77.27272727272727,Small
REST_001469,ماكدونالدز,fast_food,Unknown,26.3643605,43.9361055,King Abdullah City Stadium,3.0591597290519763,Close,34,2034-06-05 16:00:00,2034,6,5,16,0,False,14,Low,41.17647058823529,False,False,False,3,41.17647058823529,Small
REST_000300,قهوة باش المختصة,cafe,Unknown,26.4083543,43.9279608,King Abdullah City Stadium,6.028541712294963,Moderate,62,2034-07-03 21:00:00,2034,7,3,21,0,False,62,High,100.0,False,True,True,2,100.0,Medium
REST_001380,,restaurant,Unknown,21.7077244,39.1020064,King Abdullah Sports City,8.745821526203569,Moderate,102,2034-06-04 21:00:00,2034,6,4,21,6,False,49,Low,48.03921568627451,False,True,True,2,48.03921568627451,Large
REST_001224,ghaze alhesane,fast_food,Unknown,21.6526591,39.1258937,King Abdullah Sports City,2.8463529612627196,Close,60,2034-06-13 08:00:00,2034,6,13,8,1,False,50,High,83.33333333333334,False,False,False,3,83.33333333333334,Medium
REST_000061,KFC,fast_food,Unknown,26.3823463,50.1781289,Prince Mohammed bin Fahd Stadium,9.866260254697771,Moderate,60,2034-07-14 12:00:00,2034,7,14,12,4,True,38,Medium,63.33333333333333,True,False,True,2,63.33333333333333,Medium
REST_001217,Pizza Hut,fast_food,Unknown,21.5737554,39.1105204,King Abdullah Sports City,6.239484026388619,Moderate,70,2034-06-29 17:00:00,2034,6,29,17,3,False,25,Low,35.714285714285715,False,False,False,2,35.714285714285715,Medium
REST_001498,فرحات,restaurant,Unknown,26.396264,43.9496302,King Abdullah City Stadium,3.7011003387809818,Close,149,2034-07-03 19:00:00,2034,7,3,19,0,False,149,High,100.0,False,True,True,3,100.0,Large
REST_000954,البيك,fast_food,Unknown,21.628698,39.1355166,King Abdullah Sports City,2.2790538446903583,Close,57,2034-06-11 16:00:00,2034,6,11,16,6,False,52,High,91.22807017543859,False,False,False,3,91.22807017543859,Medium
REST_000336,شاورمر,fast_food,Unknown,24.8114498,46.6261347,Prince Faisal bin Fahd Stadium,9.629738008464582,Moderate,36,2034-06-26 20:00:00,2034,6,26,20,0,False,33,High,91.66666666666666,False,True,True,2,91.66666666666666,Small
REST_000770,,restaurant,Unknown,24.815748,46.6372085,Prince Faisal bin Fahd Stadium,8.902716683396301,Moderate,103,2034-06-22 11:00:00,2034,6,22,11,3,False,82,Medium,79.6116504854369,False,False,False,2,79.6116504854369,Large
REST_001384,مطعم السقالة,restaurant,Unknown,21.7179366,39.1039789,King Abdullah Sports City,9.84960291038882,Moderate,94,2034-06-16 17:00:00,2034,6,16,17,4,True,81,High,86.17021276595744,False,False,False,2,86.17021276595744,Medium
REST_001339,سستوريا,restaurant,Unknown,24.8149496,46.6348677,Prince Faisal bin Fahd Stadium,9.054114943469786,Moderate,141,2034-06-09 09:00:00,2034,6,9,9,4,True,97,Medium,68.79432624113475,False,False,False,2,68.79432624113475,Large
REST_000346,,cafe,Unknown,24.7776024,46.7075291,Prince Faisal bin Fahd Stadium,0.7244669765230232,Very Close,49,2034-06-01 12:00:00,2034,6,1,12,3,False,49,High,100.0,True,False,True,4,100.0,Small
REST_000615,دانكن دونتس,fast_food,Unknown,24.8469814,46.7334068,Prince Faisal bin Fahd Stadium,8.649568040622029,Moderate,69,2034-07-06 19:00:00,2034,7,6,19,3,False,69,High,100.0,False,True,True,2,100.0,Medium
REST_000533,,restaurant,Unknown,26.4436666,50.1130733,Prince Mohammed bin Fahd Stadium,3.5161346767299198,Close,99,2034-07-07 21:00:00,2034,7,7,21,4,True,99,High,100.0,False,True,True,3,100.0,Medium
REST_000116,Phd55,restaurant,Unknown,26.4140411,50.1193958,Prince Mohammed bin Fahd Stadium,3.13551917326331,Close,94,2034-06-15 21:00:00,2034,6,15,21,3,False,94,High,100.0,False,True,True,3,100.0,Medium
REST_001496,ماكدونالدز,fast_food,Unknown,26.3867527,43.9634966,King Abdullah City Stadium,2.252478544125855,Close,77,2034-06-14 08:00:00,2034,6,14,8,2,False,70,High,90.9090909090909,False,False,False,3,90.9090909090909,Medium
REST_000282,كودو,restaurant,Unknown,26.3573865,43.9661676,King Abdullah City Stadium,1.0369714984039948,Very Close,122,2034-07-11 21:00:00,2034,7,11,21,1,False,112,High,91.80327868852459,False,True,True,4,91.80327868852459,Large
REST_000574,عمو نبيل للمأكولات البحرية,restaurant,Unknown,21.5867638,39.1575781,King Abdullah Sports City,6.607926746952486,Moderate,156,2034-06-16 21:00:00,2034,6,16,21,4,True,156,High,100.0,False,True,True,2,100.0,Large
REST_000606,شواية الحرازي,restaurant,Unknown,21.5918202,39.16888,King Abdullah Sports City,7.1142112353585825,Moderate,130,2034-06-06 12:00:00,2034,6,6,12,1,False,125,High,96.15384615384616,True,False,True,2,96.15384615384616,Large
REST_000110,,cafe,Unknown,26.4360953,50.1000639,Prince Mohammed bin Fahd Stadium,2.0465826208359315,Close,55,2034-06-15 21:00:00,2034,6,15,21,3,False,37,Medium,67.27272727272727,False,True,True,3,67.27272727272727,Medium
REST_001238,البيك,fast_food,Unknown,21.6058287,39.1070223,King Abdullah Sports City,2.7483116028926604,Close,51,2034-07-15 15:00:00,2034,7,15,15,5,True,49,High,96.07843137254902,False,False,False,3,96.07843137254902,Medium
REST_000663,برغر فيول,fast_food,Unknown,24.8106225,46.7344265,Prince Faisal bin Fahd Stadium,4.912425939962434,Close,39,2034-06-06 14:00:00,2034,6,6,14,1,False,39,High,100.0,True,False,True,3,100.0,Small
REST_000505,ساف,fast_food,Unknown,26.3310818,43.9592924,King Abdullah City Stadium,4.028755533640447,Close,47,2034-07-09 12:00:00,2034,7,9,12,6,False,47,High,100.0,True,False,True,3,100.0,Small
REST_000737,أقوس,restaurant,Unknown,24.7039122,46.7024194,King Fahd International Stadium,2.7395695219487366,Close,127,2034-06-29 10:00:00,2034,6,29,10,3,False,113,High,88.9763779527559,False,False,False,3,88.9763779527559,Large
REST_000410,الدكة,restaurant,Unknown,21.6094013,39.1310894,King Abdullah Sports City,2.9070502710616664,Close,137,2034-06-08 08:00:00,2034,6,8,8,3,False,136,High,99.27007299270073,False,False,False,3,99.27007299270073,Large
REST_000141,مطعم اسماك السلطان,restaurant,Unknown,26.4363725,50.0942901,Prince Mohammed bin Fahd Stadium,1.8264340061687887,Very Close,84,2034-06-06 16:00:00,2034,6,6,16,1,False,72,High,85.71428571428571,False,False,False,4,85.71428571428571,Medium
REST_001033,San Carlo Cicchetti,restaurant,Unknown,21.5508639,39.1541335,King Abdullah Sports City,9.730942506545354,Moderate,83,2034-07-13 08:00:00,2034,7,13,8,3,False,72,High,86.74698795180723,False,False,False,2,86.74698795180723,Medium
REST_000179,مطابخ الانصار,restaurant,Unknown,26.3941641,50.0277195,Prince Mohammed bin Fahd Stadium,6.760989474154515,Moderate,124,2034-06-20 22:00:00,2034,6,20,22,1,False,67,Medium,54.03225806451613,False,True,True,2,54.03225806451613,Large
REST_000614,Al Nafoura Rest. & Sweets,restaurant,Unknown,24.6884918,46.7238554,King Fahd International Stadium,3.8256171655155704,Close,82,2034-06-24 10:00:00,2034,6,24,10,5,True,82,High,100.0,False,False,False,3,100.0,Medium
REST_001222,,cafe,Unknown,21.5978624,39.1398157,King Abdullah Sports City,4.473526925877618,Close,71,2034-07-05 13:00:00,2034,7,5,13,2,False,71,High,100.0,True,False,True,3,100.0,Medium
REST_001449,خدير,cafe,Unknown,26.3753102,43.982523,King Abdullah City Stadium,1.844314671918282,Very Close,71,2034-06-06 20:00:00,2034,6,6,20,1,False,71,High,100.0,False,True,True,4,100.0,Medium
REST_001417,,restaurant,Unknown,24.697574,46.687515,King Fahd International Stadium,1.503260463121365,Very Close,59,2034-06-01 14:00:00,2034,6,1,14,3,False,37,Medium,62.71186440677966,True,False,True,4,62.71186440677966,Medium
REST_000852,McDonald's,fast_food,Unknown,24.7616003,46.6734739,Prince Faisal bin Fahd Stadium,3.958217349628823,Close,57,2034-06-29 13:00:00,2034,6,29,13,3,False,57,High,100.0,True,False,True,3,100.0,Medium
REST_000679,مطعم السبيعي,restaurant,Unknown,24.598203,46.685459,King Fahd International Stadium,9.551688819366255,Moderate,184,2034-07-11 20:00:00,2034,7,11,20,1,False,164,High,89.13043478260869,False,True,True,2,89.13043478260869,Large
REST_001049,اوشيانا,cafe,Unknown,26.478559,50.1176721,Prince Mohammed bin Fahd Stadium,7.046533740788223,Moderate,72,2034-06-12 15:00:00,2034,6,12,15,0,False,35,Low,48.61111111111111,False,False,False,2,48.61111111111111,Medium
REST_000914,One Million,restaurant,Unknown,24.8417852,46.7331393,Prince Faisal bin Fahd Stadium,8.085796849499769,Moderate,136,2034-06-14 11:00:00,2034,6,14,11,2,False,46,Low,33.82352941176471,False,False,False,2,33.82352941176471,Large
REST_000408,Ulb,fast_food,Unknown,24.7668209,46.7066941,Prince Faisal bin Fahd Stadium,0.7127197008308248,Very Close,57,2034-06-16 10:00:00,2034,6,16,10,4,True,57,High,100.0,False,False,False,4,100.0,Medium
REST_000118,,fast_food,Unknown,26.4142195,50.1199565,Prince Mohammed bin Fahd Stadium,3.185255167118252,Close,31,2034-07-01 15:00:00,2034,7,1,15,5,True,23,Medium,74.19354838709677,False,False,False,3,74.19354838709677,Small
REST_000687,ماكدونالدز,fast_food,Unknown,24.5957426,46.6811264,King Fahd International Stadium,9.838799464628133,Moderate,63,2034-06-14 19:00:00,2034,6,14,19,2,False,41,Medium,65.07936507936508,False,True,True,2,65.07936507936508,Medium
REST_000846,Ranosh,fast_food,Unknown,24.8336759,46.733879,Prince Faisal bin Fahd Stadium,7.246971349091567,Moderate,49,2034-06-28 19:00:00,2034,6,28,19,2,False,30,Medium,61.224489795918366,False,True,True,2,61.224489795918366,Small
REST_000661,Dose Cafe,cafe,Unknown,24.8401038,46.7323744,Prince Faisal bin Fahd Stadium,7.884814874295175,Moderate,69,2034-06-14 19:00:00,2034,6,14,19,2,False,69,High,100.0,False,True,True,2,100.0,Medium
REST_000685,مطعم تاكسي,fast_food,Unknown,24.5977115,46.6843568,King Fahd International Stadium,9.607970430368933,Moderate,45,2034-06-28 15:00:00,2034,6,28,15,2,False,39,High,86.66666666666667,False,False,False,2,86.66666666666667,Small
REST_000644,Hardees,fast_food,Unknown,24.7117224,46.6970049,King Fahd International Stadium,3.256294190088511,Close,35,2034-06-30 08:00:00,2034,6,30,8,4,True,35,High,100.0,False,False,False,3,100.0,Small
REST_000177,مطعم الجود,restaurant,Unknown,26.4018463,50.0286218,Prince Mohammed bin Fahd Stadium,6.3491763003360795,Moderate,117,2034-06-18 21:00:00,2034,6,18,21,6,False,72,Medium,61.53846153846154,False,True,True,2,61.53846153846154,Large
REST_001420,,cafe,Unknown,24.6984321,46.6893818,King Fahd International Stadium,1.6237859376843085,Very Close,70,2034-06-24 08:00:00,2034,6,24,8,5,True,55,Medium,78.57142857142857,False,False,False,4,78.57142857142857,Medium
REST_000387,ليفاني كوفي - Leivani coffee,cafe,Unknown,24.747746,46.7018094,Prince Faisal bin Fahd Stadium,2.841605378077961,Close,77,2034-07-05 16:00:00,2034,7,5,16,2,False,53,Medium,68.83116883116884,False,False,False,3,68.83116883116884,Medium
REST_001571,,restaurant,Unknown,24.7933327,46.655822,Prince Faisal bin Fahd Stadium,6.058854710120394,Moderate,55,2034-06-07 08:00:00,2034,6,7,8,2,False,46,High,83.63636363636363,False,False,False,2,83.63636363636363,Medium
REST_000701,Vero | فيرو,cafe,Unknown,24.787034,46.6472064,Prince Faisal bin Fahd Stadium,6.656631907640486,Moderate,57,2034-07-15 17:00:00,2034,7,15,17,5,True,37,Medium,64.91228070175438,False,False,False,2,64.91228070175438,Medium
REST_001083,كانتون,fast_food,Unknown,24.742659,46.658732,Prince Faisal bin Fahd Stadium,6.198926894188108,Moderate,54,2034-06-23 08:00:00,2034,6,23,8,4,True,26,Low,48.148148148148145,False,False,False,2,48.148148148148145,Medium
REST_000861,,restaurant,Unknown,21.5756022,39.1273377,King Abdullah Sports City,6.193995052923065,Moderate,73,2034-07-11 14:00:00,2034,7,11,14,1,False,73,High,100.0,True,False,True,2,100.0,Medium
REST_000858,Repository Coffee Roasters,cafe,Unknown,24.8110205,46.670064,Prince Faisal bin Fahd Stadium,5.999919040630255,Moderate,94,2034-07-15 14:00:00,2034,7,15,14,5,True,65,Medium,69.14893617021278,True,False,True,2,69.14893617021278,Medium
REST_000596,دانكن دونتس,fast_food,Unknown,24.8185961,46.6866878,Prince Faisal bin Fahd Stadium,5.743140914582132,Moderate,48,2034-07-13 10:00:00,2034,7,13,10,3,False,30,Medium,62.5,False,False,False,2,62.5,Small
REST_000038,مطعم السانية,restaurant,Unknown,26.4204967,50.0263476,Prince Mohammed bin Fahd Stadium,6.2191023829578125,Moderate,79,2034-06-16 22:00:00,2034,6,16,22,4,True,71,High,89.87341772151899,False,True,True,2,89.87341772151899,Medium
REST_001093,كانتون,fast_food,Unknown,26.4549221,50.1213564,Prince Mohammed bin Fahd Stadium,4.998786870689678,Close,39,2034-06-13 10:00:00,2034,6,13,10,1,False,39,High,100.0,False,False,False,3,100.0,Small
REST_000846,Ranosh,fast_food,Unknown,24.8336759,46.733879,Prince Faisal bin Fahd Stadium,7.246971349091567,Moderate,49,2034-06-05 12:00:00,2034,6,5,12,0,False,49,High,100.0,True,False,True,2,100.0,Small
REST_000441,Starbucks,cafe,Unknown,26.4539347,50.1205844,Prince Mohammed bin Fahd Stadium,4.865387943686088,Close,27,2034-06-26 22:00:00,2034,6,26,22,0,False,27,High,100.0,False,True,True,3,100.0,Small
REST_001262,,cafe,Unknown,24.7858399,46.6458311,Prince Faisal bin Fahd Stadium,6.759411254521565,Moderate,98,2034-06-24 20:00:00,2034,6,24,20,5,True,76,Medium,77.55102040816327,False,True,True,2,77.55102040816327,Medium
REST_000140,مطعم خاروف الشيف,restaurant,Unknown,26.4553987,50.0968831,Prince Mohammed bin Fahd Stadium,3.941361623330932,Close,165,2034-06-17 16:00:00,2034,6,17,16,5,True,121,Medium,73.33333333333333,False,False,False,3,73.33333333333333,Large
REST_001282,,restaurant,Unknown,24.7815563,46.6973544,Prince Faisal bin Fahd Stadium,1.7466583320160158,Very Close,109,2034-07-07 19:00:00,2034,7,7,19,4,True,109,High,100.0,False,True,True,4,100.0,Large
REST_000660,Roma Cafe,cafe,Unknown,24.7016088,46.6915377,King Fahd International Stadium,2.0175182881893976,Close,52,2034-06-21 16:00:00,2034,6,21,16,2,False,42,High,80.76923076923077,False,False,False,3,80.76923076923077,Medium
REST_001212,Urth Caffe,cafe,Unknown,24.6749932,46.6246864,King Fahd International Stadium,6.3071408996924445,Moderate,45,2034-06-16 18:00:00,2034,6,16,18,4,True,44,High,97.77777777777777,False,False,False,2,97.77777777777777,Small
REST_001297,McDonald's,fast_food,Unknown,24.8026886,46.7949259,Prince Faisal bin Fahd Stadium,9.13792283907063,Moderate,56,2034-06-12 18:00:00,2034,6,12,18,0,False,28,Medium,50.0,False,False,False,2,50.0,Medium
REST_000929,بوردقا,cafe,Unknown,26.3145371,44.0380191,King Abdullah City Stadium,9.17340685021479,Moderate,90,2034-06-26 19:00:00,2034,6,26,19,0,False,76,High,84.44444444444444,False,True,True,2,84.44444444444444,Medium
REST_000759,باستليتا,restaurant,Unknown,24.8119912,46.6462956,Prince Faisal bin Fahd Stadium,7.907992504126639,Moderate,145,2034-07-12 19:00:00,2034,7,12,19,2,False,131,High,90.3448275862069,False,True,True,2,90.3448275862069,Large
REST_000644,Hardees,fast_food,Unknown,24.7117224,46.6970049,King Fahd International Stadium,3.256294190088511,Close,35,2034-07-02 12:00:00,2034,7,2,12,6,False,35,High,100.0,True,False,True,3,100.0,Small
REST_000949,سالدوتش,fast_food,Unknown,24.6914219,46.7007083,King Fahd International Stadium,1.667899849851937,Very Close,45,2034-06-14 12:00:00,2034,6,14,12,2,False,29,Medium,64.44444444444444,True,False,True,4,64.44444444444444,Small
REST_000802,فوال الخرطوم,restaurant,Unknown,24.6887974,46.764801,King Fahd International Stadium,7.948332152832165,Moderate,127,2034-07-15 19:00:00,2034,7,15,19,5,True,105,High,82.67716535433071,False,True,True,2,82.67716535433071,Large
REST_001192,Coya,restaurant,Unknown,24.7045628,46.7057789,King Fahd International Stadium,3.0082888484263424,Close,83,2034-06-11 16:00:00,2034,6,11,16,6,False,35,Low,42.168674698795186,False,False,False,3,42.168674698795186,Medium
REST_000080,,restaurant,Unknown,24.8130073,46.7776531,Prince Faisal bin Fahd Stadium,8.134160472995248,Moderate,155,2034-06-16 15:00:00,2034,6,16,15,4,True,73,Low,47.096774193548384,False,False,False,2,47.096774193548384,Large
REST_000110,,cafe,Unknown,26.4360953,50.1000639,Prince Mohammed bin Fahd Stadium,2.0465826208359315,Close,55,2034-07-06 13:00:00,2034,7,6,13,3,False,55,High,100.0,True,False,True,3,100.0,Medium
REST_001265,,fast_food,Unknown,24.7823054,46.649154,Prince Faisal bin Fahd Stadium,6.350199729567215,Moderate,38,2034-06-10 08:00:00,2034,6,10,8,5,True,21,Medium,55.26315789473685,False,False,False,2,55.26315789473685,Small
REST_001413,The Pancake House,restaurant,Unknown,24.7079737,46.6751704,King Fahd International Stadium,2.8829289311906243,Close,100,2034-07-02 18:00:00,2034,7,2,18,6,False,71,Medium,71.0,False,False,False,3,71.0,Large
REST_000308,ليون كافيه,cafe,Unknown,26.3542632,43.9540151,King Abdullah City Stadium,1.873420729208515,Very Close,71,2034-07-02 17:00:00,2034,7,2,17,6,False,71,High,100.0,False,False,False,4,100.0,Medium
REST_000315,,restaurant,Unknown,24.8129579,46.6472593,Prince Faisal bin Fahd Stadium,7.889523934515827,Moderate,175,2034-07-03 15:00:00,2034,7,3,15,0,False,111,Medium,63.42857142857142,False,False,False,2,63.42857142857142,Large
REST_001208,ركن الفلافل,restaurant,Unknown,21.6093627,39.1350133,King Abdullah Sports City,3.1796253596077135,Close,164,2034-06-02 20:00:00,2034,6,2,20,4,True,164,High,100.0,False,True,True,3,100.0,Large
REST_000290,مطعم نايستي رويال,restaurant,Unknown,26.3759626,43.9827338,King Abdullah City Stadium,1.9006057710493627,Very Close,74,2034-07-11 13:00:00,2034,7,11,13,1,False,74,High,100.0,True,False,True,4,100.0,Medium
REST_000662,,restaurant,Unknown,21.5938365,39.1310084,King Abdullah Sports City,4.389499925790339,Close,172,2034-06-28 18:00:00,2034,6,28,18,2,False,172,High,100.0,False,False,False,3,100.0,Large
REST_000306,الناضج,restaurant,Unknown,26.3582887,43.948908,King Abdullah City Stadium,2.004246793354236,Close,50,2034-06-15 18:00:00,2034,6,15,18,3,False,41,High,82.0,False,False,False,3,82.0,Medium
REST_001061,QEUZ,restaurant,Unknown,24.8049729,46.6607622,Prince Faisal bin Fahd Stadium,6.264526233635944,Moderate,130,2034-06-29 12:00:00,2034,6,29,12,3,False,60,Low,46.15384615384615,True,False,True,2,46.15384615384615,Large
REST_001222,,cafe,Unknown,21.5978624,39.1398157,King Abdullah Sports City,4.473526925877618,Close,71,2034-06-05 22:00:00,2034,6,5,22,0,False,71,High,100.0,False,True,True,3,100.0,Medium
REST_000264,Vendor Coffee - مقهى فيندور,cafe,Unknown,24.7558162,46.7718623,Prince Faisal bin Fahd Stadium,6.4001987570527925,Moderate,58,2034-06-03 15:00:00,2034,6,3,15,5,True,38,Medium,65.51724137931035,False,False,False,2,65.51724137931035,Medium
REST_000642,,restaurant,Unknown,24.6950224,46.6821823,King Fahd International Stadium,1.2837885491746757,Very Close,85,2034-06-23 08:00:00,2034,6,23,8,4,True,85,High,100.0,False,False,False,4,100.0,Medium
REST_000939,,restaurant,Unknown,24.6495878,46.7065663,King Fahd International Stadium,4.349808103745881,Close,127,2034-07-15 14:00:00,2034,7,15,14,5,True,98,Medium,77.16535433070865,True,False,True,3,77.16535433070865,Large
REST_001035,San Carlo Cicchetti,restaurant,Unknown,24.7012182,46.705378,King Fahd International Stadium,2.7088790925678645,Close,155,2034-07-08 12:00:00,2034,7,8,12,5,True,155,High,100.0,True,False,True,3,100.0,Large
REST_000388,فروت ارت,fast_food,Unknown,24.7257628,46.6846076,King Fahd International Stadium,4.635845454921703,Close,34,2034-06-17 13:00:00,2034,6,17,13,5,True,32,High,94.11764705882352,True,False,True,3,94.11764705882352,Small
REST_000843,The Coffee Address,cafe,Unknown,24.8344179,46.7353315,Prince Faisal bin Fahd Stadium,7.372755619428699,Moderate,58,2034-06-20 16:00:00,2034,6,20,16,1,False,34,Medium,58.620689655172406,False,False,False,2,58.620689655172406,Medium
REST_000290,مطعم نايستي رويال,restaurant,Unknown,26.3759626,43.9827338,King Abdullah City Stadium,1.9006057710493627,Very Close,74,2034-06-27 17:00:00,2034,6,27,17,1,False,74,High,100.0,False,False,False,4,100.0,Medium
REST_000701,Vero | فيرو,cafe,Unknown,24.787034,46.6472064,Prince Faisal bin Fahd Stadium,6.656631907640486,Moderate,57,2034-06-03 21:00:00,2034,6,3,21,5,True,51,High,89.47368421052632,False,True,True,2,89.47368421052632,Medium
REST_000759,باستليتا,restaurant,Unknown,24.8119912,46.6462956,Prince Faisal bin Fahd Stadium,7.907992504126639,Moderate,145,2034-06-04 17:00:00,2034,6,4,17,6,False,77,Medium,53.103448275862064,False,False,False,2,53.103448275862064,Large
REST_000642,,restaurant,Unknown,24.6950224,46.6821823,King Fahd International Stadium,1.2837885491746757,Very Close,85,2034-06-08 10:00:00,2034,6,8,10,3,False,37,Low,43.529411764705884,False,False,False,4,43.529411764705884,Medium
REST_000687,ماكدونالدز,fast_food,Unknown,24.5957426,46.6811264,King Fahd International Stadium,9.838799464628133,Moderate,63,2034-06-06 20:00:00,2034,6,6,20,1,False,36,Medium,57.14285714285714,False,True,True,2,57.14285714285714,Medium
REST_001227,Mood Master Specialty Coffee Roasters and Cafe,cafe,Unknown,24.8013936,46.7071438,Prince Faisal bin Fahd Stadium,3.3025624772767106,Close,75,2034-06-03 11:00:00,2034,6,3,11,5,True,75,High,100.0,False,False,False,3,100.0,Medium
REST_000746,Marina Petit Cafe,restaurant,Unknown,21.6533769,39.1025319,King Abdullah Sports City,2.856232064999067,Close,105,2034-06-01 13:00:00,2034,6,1,13,3,False,105,High,100.0,True,False,True,3,100.0,Large
REST_000441,Starbucks,cafe,Unknown,26.4539347,50.1205844,Prince Mohammed bin Fahd Stadium,4.865387943686088,Close,27,2034-06-09 14:00:00,2034,6,9,14,4,True,27,High,100.0,True,False,True,3,100.0,Small
REST_000460,فلافل عمو باسل,restaurant,Unknown,26.3637343,50.0712777,Prince Mohammed bin Fahd Stadium,6.570345335794803,Moderate,73,2034-07-07 10:00:00,2034,7,7,10,4,True,31,Low,42.465753424657535,False,False,False,2,42.465753424657535,Medium
REST_000949,سالدوتش,fast_food,Unknown,24.6914219,46.7007083,King Fahd International Stadium,1.667899849851937,Very Close,45,2034-07-11 21:00:00,2034,7,11,21,1,False,33,Medium,73.33333333333333,False,True,True,4,73.33333333333333,Small
REST_001434,Hardee's,restaurant,Unknown,24.7042627,46.6651055,King Fahd International Stadium,3.1002027463570068,Close,144,2034-06-08 22:00:00,2034,6,8,22,3,False,144,High,100.0,False,True,True,3,100.0,Large
REST_001237,ماكدونالدز,fast_food,Unknown,21.6135637,39.1072174,King Abdullah Sports City,1.9186500867305076,Very Close,65,2034-07-09 22:00:00,2034,7,9,22,6,False,50,Medium,76.92307692307693,False,True,True,4,76.92307692307693,Medium
REST_000954,البيك,fast_food,Unknown,21.628698,39.1355166,King Abdullah Sports City,2.2790538446903583,Close,57,2034-06-08 17:00:00,2034,6,8,17,3,False,32,Medium,56.14035087719298,False,False,False,3,56.14035087719298,Medium
REST_001417,,restaurant,Unknown,24.697574,46.687515,King Fahd International Stadium,1.503260463121365,Very Close,59,2034-07-02 11:00:00,2034,7,2,11,6,False,59,High,100.0,False,False,False,4,100.0,Medium
REST_000144,,fast_food,Unknown,26.4554155,50.0889525,Prince Mohammed bin Fahd Stadium,3.8602173379676294,Close,71,2034-06-09 18:00:00,2034,6,9,18,4,True,71,High,100.0,False,False,False,3,100.0,Medium
REST_000176,,restaurant,Unknown,26.4104127,50.0341182,Prince Mohammed bin Fahd Stadium,5.5643445776893,Moderate,98,2034-07-03 13:00:00,2034,7,3,13,0,False,98,High,100.0,True,False,True,2,100.0,Medium
REST_000281,فطيرة الفلافل,restaurant,Unknown,26.3291475,43.9607734,King Abdullah City Stadium,4.2172002362013945,Close,64,2034-06-08 14:00:00,2034,6,8,14,3,False,64,High,100.0,True,False,True,3,100.0,Medium
REST_001283,,cafe,Unknown,24.7821629,46.7063921,Prince Faisal bin Fahd Stadium,1.2323621339488111,Very Close,85,2034-07-13 10:00:00,2034,7,13,10,3,False,85,High,100.0,False,False,False,4,100.0,Medium
REST_000357,Meaty  Buns,restaurant,Unknown,26.408365,43.9110596,King Abdullah City Stadium,7.22365829818569,Moderate,63,2034-06-28 09:00:00,2034,6,28,9,2,False,26,Low,41.269841269841265,False,False,False,2,41.269841269841265,Medium
REST_000050,كودو,fast_food,Unknown,24.7385468,46.7986442,Prince Faisal bin Fahd Stadium,9.595693914709917,Moderate,41,2034-07-08 12:00:00,2034,7,8,12,5,True,41,High,100.0,True,False,True,2,100.0,Small
REST_001498,فرحات,restaurant,Unknown,26.396264,43.9496302,King Abdullah City Stadium,3.7011003387809818,Close,149,2034-07-05 16:00:00,2034,7,5,16,2,False,149,High,100.0,False,False,False,3,100.0,Large
REST_000189,Steakhouse,restaurant,Unknown,26.4603168,50.1209655,Prince Mohammed bin Fahd Stadium,5.446261784337334,Moderate,101,2034-07-03 16:00:00,2034,7,3,16,0,False,40,Low,39.603960396039604,False,False,False,2,39.603960396039604,Large
REST_001564,,restaurant,Unknown,24.7667736,46.6596068,Prince Faisal bin Fahd Stadium,5.220140939662833,Moderate,173,2034-06-01 19:00:00,2034,6,1,19,3,False,173,High,100.0,False,True,True,2,100.0,Large
REST_001396,روزاليا برجر,fast_food,Unknown,24.8060683,46.6928391,Prince Faisal bin Fahd Stadium,4.218541253442646,Close,43,2034-06-19 18:00:00,2034,6,19,18,0,False,43,High,100.0,False,False,False,3,100.0,Small
REST_000323,مطعم فينور,restaurant,Unknown,26.3963787,43.9190606,King Abdullah City Stadium,5.780250129844871,Moderate,99,2034-06-25 12:00:00,2034,6,25,12,6,False,89,High,89.8989898989899,True,False,True,2,89.8989898989899,Medium
REST_000811,Al Nakheel,restaurant,Unknown,21.5643739,39.1116299,King Abdullah Sports City,7.277619197092621,Moderate,68,2034-06-20 10:00:00,2034,6,20,10,1,False,54,Medium,79.41176470588235,False,False,False,2,79.41176470588235,Medium
REST_000690,دانكن دونتس,fast_food,Unknown,21.5724549,39.1586974,King Abdullah Sports City,7.905330247035989,Moderate,53,2034-07-02 18:00:00,2034,7,2,18,6,False,31,Medium,58.490566037735846,False,False,False,2,58.490566037735846,Medium
REST_001289,الوجه الذهبي,cafe,Unknown,24.7919336,46.6254011,Prince Faisal bin Fahd Stadium,8.924135294064044,Moderate,20,2034-06-18 18:00:00,2034,6,18,18,6,False,13,Medium,65.0,False,False,False,2,65.0,Small
REST_000788,رونه للقهوة المختصة | الشاطئ,cafe,Unknown,21.6023188,39.1083762,King Abdullah Sports City,3.1013357493641704,Close,38,2034-06-19 10:00:00,2034,6,19,10,0,False,23,Medium,60.526315789473685,False,False,False,3,60.526315789473685,Small
REST_000692,الطازج,restaurant,Unknown,21.5989399,39.1636782,King Abdullah Sports City,6.219521631995177,Moderate,59,2034-07-09 21:00:00,2034,7,9,21,6,False,52,High,88.13559322033898,False,True,True,2,88.13559322033898,Medium
REST_000345,بول,restaurant,Unknown,24.7808456,46.6974026,Prince Faisal bin Fahd Stadium,1.695282012478964,Very Close,98,2034-07-03 20:00:00,2034,7,3,20,0,False,69,Medium,70.40816326530613,False,True,True,4,70.40816326530613,Medium
REST_000306,الناضج,restaurant,Unknown,26.3582887,43.948908,King Abdullah City Stadium,2.004246793354236,Close,50,2034-06-09 09:00:00,2034,6,9,9,4,True,50,High,100.0,False,False,False,3,100.0,Medium
REST_001331,,restaurant,Unknown,24.8072019,46.7805878,Prince Faisal bin Fahd Stadium,8.047144803866747,Moderate,87,2034-06-30 13:00:00,2034,6,30,13,4,True,78,High,89.65517241379311,True,False,True,2,89.65517241379311,Medium
REST_000606,شواية الحرازي,restaurant,Unknown,21.5918202,39.16888,King Abdullah Sports City,7.1142112353585825,Moderate,130,2034-06-20 10:00:00,2034,6,20,10,1,False,68,Medium,52.307692307692314,False,False,False,2,52.307692307692314,Large
REST_000032,بيتزا هت,restaurant,Unknown,24.7052277,46.6854976,King Fahd International Stadium,2.3506911903769763,Close,67,2034-06-20 13:00:00,2034,6,20,13,1,False,52,Medium,77.61194029850746,True,False,True,3,77.61194029850746,Medium
REST_000947,سالدوتش,fast_food,Unknown,24.7797699,46.7882341,Prince Faisal bin Fahd Stadium,7.846498600273864,Moderate,70,2034-06-09 15:00:00,2034,6,9,15,4,True,70,High,100.0,False,False,False,2,100.0,Medium
REST_000456,Hardee's,fast_food,Unknown,21.6094159,39.1336547,King Abdullah Sports City,3.0786744244796305,Close,46,2034-07-03 11:00:00,2034,7,3,11,0,False,19,Low,41.30434782608695,False,False,False,3,41.30434782608695,Small
REST_000788,رونه للقهوة المختصة | الشاطئ,cafe,Unknown,21.6023188,39.1083762,King Abdullah Sports City,3.1013357493641704,Close,38,2034-06-15 12:00:00,2034,6,15,12,3,False,32,High,84.21052631578947,True,False,True,3,84.21052631578947,Small
REST_000647,,restaurant,Unknown,24.7072014,46.6901711,King Fahd International Stadium,2.598357578327232,Close,150,2034-07-05 17:00:00,2034,7,5,17,2,False,150,High,100.0,False,False,False,3,100.0,Large
REST_000519,ارببكا,cafe,Unknown,24.6372046,46.6931329,King Fahd International Stadium,5.260047735977853,Moderate,28,2034-06-29 18:00:00,2034,6,29,18,3,False,24,High,85.71428571428571,False,False,False,2,85.71428571428571,Small
REST_000771,ميت لوفر,restaurant,Unknown,24.8173115,46.6440981,Prince Faisal bin Fahd Stadium,8.432436504913907,Moderate,97,2034-06-01 18:00:00,2034,6,1,18,3,False,78,High,80.41237113402062,False,False,False,2,80.41237113402062,Medium
REST_001100,كانتون,fast_food,Unknown,21.6279694,39.1115847,King Abdullah Sports City,0.2839519065689463,Very Close,30,2034-06-14 11:00:00,2034,6,14,11,2,False,25,High,83.33333333333334,False,False,False,4,83.33333333333334,Small
REST_001571,,restaurant,Unknown,24.7933327,46.655822,Prince Faisal bin Fahd Stadium,6.058854710120394,Moderate,55,2034-07-06 10:00:00,2034,7,6,10,3,False,40,Medium,72.72727272727273,False,False,False,2,72.72727272727273,Medium
REST_000177,مطعم الجود,restaurant,Unknown,26.4018463,50.0286218,Prince Mohammed bin Fahd Stadium,6.3491763003360795,Moderate,117,2034-06-29 11:00:00,2034,6,29,11,3,False,49,Low,41.88034188034188,False,False,False,2,41.88034188034188,Large
REST_000403,Tiko,fast_food,Unknown,24.7439764,46.6214222,King Fahd International Stadium,9.342068256175649,Moderate,68,2034-07-03 21:00:00,2034,7,3,21,0,False,62,High,91.17647058823529,False,True,True,2,91.17647058823529,Medium
REST_001261,,fast_food,Unknown,24.7823987,46.6493481,Prince Faisal bin Fahd Stadium,6.332834573595611,Moderate,74,2034-06-09 19:00:00,2034,6,9,19,4,True,49,Medium,66.21621621621621,False,True,True,2,66.21621621621621,Medium
REST_000029,فلافل ابو بشار مطعم سوري,restaurant,Unknown,24.6476752,46.7067854,King Fahd International Stadium,4.548580223092062,Close,187,2034-06-15 20:00:00,2034,6,15,20,3,False,170,High,90.9090909090909,False,True,True,3,90.9090909090909,Large
REST_001437,The Pizza Company,restaurant,Unknown,24.7026567,46.6799824,King Fahd International Stadium,2.159866708073871,Close,89,2034-07-02 09:00:00,2034,7,2,9,6,False,49,Medium,55.0561797752809,False,False,False,3,55.0561797752809,Medium
REST_000646,,fast_food,Unknown,24.6900265,46.6863838,King Fahd International Stadium,0.6590511171992249,Very Close,62,2034-07-03 14:00:00,2034,7,3,14,0,False,37,Medium,59.67741935483871,True,False,True,4,59.67741935483871,Medium
REST_000558,,cafe,Unknown,26.3644115,50.0955797,Prince Mohammed bin Fahd Stadium,6.2953193536538,Moderate,94,2034-07-10 16:00:00,2034,7,10,16,0,False,40,Low,42.5531914893617,False,False,False,2,42.5531914893617,Medium
REST_001214,هرفي,fast_food,Unknown,24.6132011,46.6820093,King Fahd International Stadium,7.8955147635192136,Moderate,66,2034-07-11 19:00:00,2034,7,11,19,1,False,66,High,100.0,False,True,True,2,100.0,Medium
REST_000939,,restaurant,Unknown,24.6495878,46.7065663,King Fahd International Stadium,4.349808103745881,Close,127,2034-06-15 10:00:00,2034,6,15,10,3,False,114,High,89.76377952755905,False,False,False,3,89.76377952755905,Large
REST_000105,,cafe,Unknown,26.4509591,50.1064509,Prince Mohammed bin Fahd Stadium,3.7959962999609917,Close,84,2034-07-15 20:00:00,2034,7,15,20,5,True,84,High,100.0,False,True,True,3,100.0,Medium
REST_000763,دونربير,restaurant,Unknown,24.8183863,46.6426174,Prince Faisal bin Fahd Stadium,8.623688215721925,Moderate,62,2034-06-20 11:00:00,2034,6,20,11,1,False,55,High,88.70967741935483,False,False,False,2,88.70967741935483,Medium
REST_001365,La Plage Resturant,restaurant,Unknown,21.7104034,39.0858491,King Abdullah Sports City,9.407135130792394,Moderate,109,2034-06-14 14:00:00,2034,6,14,14,2,False,64,Medium,58.71559633027523,True,False,True,2,58.71559633027523,Large
REST_000835,alromansia restaurant مطعم الرومانسية,restaurant,Unknown,26.4556722,50.1136773,Prince Mohammed bin Fahd Stadium,4.610572941998937,Close,71,2034-06-15 11:00:00,2034,6,15,11,3,False,62,High,87.32394366197182,False,False,False,3,87.32394366197182,Medium
REST_000772,مطعم القصر للمشويات العراقية,restaurant,Unknown,24.8171188,46.6442025,Prince Faisal bin Fahd Stadium,8.411176395526743,Moderate,144,2034-06-15 09:00:00,2034,6,15,9,3,False,51,Low,35.41666666666667,False,False,False,2,35.41666666666667,Large
REST_000429,,cafe,Unknown,21.614964,39.153345,King Abdullah Sports City,4.4368840980897195,Close,23,2034-06-22 13:00:00,2034,6,22,13,3,False,23,High,100.0,True,False,True,3,100.0,Small
REST_000341,Shimmers,restaurant,Unknown,24.7670034,46.6593779,Prince Faisal bin Fahd Stadium,5.240392972922303,Moderate,64,2034-06-21 21:00:00,2034,6,21,21,2,False,30,Low,46.875,False,True,True,2,46.875,Medium
REST_001466,الرومانسية,restaurant,Unknown,26.366117,43.9424868,King Abdullah City Stadium,2.413173240425537,Close,99,2034-06-14 14:00:00,2034,6,14,14,2,False,87,High,87.87878787878788,True,False,True,3,87.87878787878788,Medium
REST_000117,,fast_food,Unknown,26.4141811,50.1200195,Prince Mohammed bin Fahd Stadium,3.1923339300378895,Close,68,2034-07-02 14:00:00,2034,7,2,14,6,False,61,High,89.70588235294117,True,False,True,3,89.70588235294117,Medium
REST_000460,فلافل عمو باسل,restaurant,Unknown,26.3637343,50.0712777,Prince Mohammed bin Fahd Stadium,6.570345335794803,Moderate,73,2034-06-04 20:00:00,2034,6,4,20,6,False,65,High,89.04109589041096,False,True,True,2,89.04109589041096,Medium
REST_000322,Mahboob,fast_food,Unknown,24.7590745,46.6639915,Prince Faisal bin Fahd Stadium,4.9559935509830595,Close,50,2034-06-15 21:00:00,2034,6,15,21,3,False,50,High,100.0,False,True,True,3,100.0,Medium
REST_001413,The Pancake House,restaurant,Unknown,24.7079737,46.6751704,King Fahd International Stadium,2.8829289311906243,Close,100,2034-07-01 15:00:00,2034,7,1,15,5,True,76,Medium,76.0,False,False,False,3,76.0,Large
REST_000503,البيت الحلبي,restaurant,Unknown,21.5810751,39.1602975,King Abdullah Sports City,7.263675490661112,Moderate,193,2034-06-18 19:00:00,2034,6,18,19,6,False,139,Medium,72.02072538860104,False,True,True,2,72.02072538860104,Large
REST_000748,ذوق الحجازي,restaurant,Unknown,24.812489,46.6285748,Prince Faisal bin Fahd Stadium,9.46579312144128,Moderate,126,2034-06-29 12:00:00,2034,6,29,12,3,False,75,Medium,59.523809523809526,True,False,True,2,59.523809523809526,Large
REST_001104,كانتون,fast_food,Unknown,24.7432578,46.6792533,Prince Faisal bin Fahd Stadium,4.518777338009789,Close,63,2034-07-02 16:00:00,2034,7,2,16,6,False,46,Medium,73.01587301587301,False,False,False,3,73.01587301587301,Medium
REST_001282,,restaurant,Unknown,24.7815563,46.6973544,Prince Faisal bin Fahd Stadium,1.7466583320160158,Very Close,109,2034-06-08 19:00:00,2034,6,8,19,3,False,109,High,100.0,False,True,True,4,100.0,Large
REST_000802,فوال الخرطوم,restaurant,Unknown,24.6887974,46.764801,King Fahd International Stadium,7.948332152832165,Moderate,127,2034-07-02 10:00:00,2034,7,2,10,6,False,73,Medium,57.48031496062992,False,False,False,2,57.48031496062992,Large
REST_001263,,fast_food,Unknown,24.7854912,46.6456646,Prince Faisal bin Fahd Stadium,6.767018148103183,Moderate,60,2034-06-26 12:00:00,2034,6,26,12,0,False,60,High,100.0,True,False,True,2,100.0,Medium
REST_001571,,restaurant,Unknown,24.7933327,46.655822,Prince Faisal bin Fahd Stadium,6.058854710120394,Moderate,55,2034-06-13 08:00:00,2034,6,13,8,1,False,47,High,85.45454545454545,False,False,False,2,85.45454545454545,Medium
REST_001344,كنتاكي,restaurant,Unknown,21.6131515,39.1531451,King Abdullah Sports City,4.496880710443324,Close,114,2034-07-08 10:00:00,2034,7,8,10,5,True,114,High,100.0,False,False,False,3,100.0,Large
REST_000686,هارديز,fast_food,Unknown,24.5960543,46.6815841,King Fahd International Stadium,9.801830764937293,Moderate,43,2034-06-01 17:00:00,2034,6,1,17,3,False,37,High,86.04651162790698,False,False,False,2,86.04651162790698,Small
REST_000178,بوفية أسناف,fast_food,Unknown,26.3977266,50.0186487,Prince Mohammed bin Fahd Stadium,7.438788525160079,Moderate,78,2034-06-24 15:00:00,2034,6,24,15,5,True,34,Low,43.58974358974359,False,False,False,2,43.58974358974359,Medium
REST_000978,Piccolo Roasters,cafe,Unknown,24.7967938,46.6761147,Prince Faisal bin Fahd Stadium,4.479406277618962,Close,46,2034-06-27 16:00:00,2034,6,27,16,1,False,46,High,100.0,False,False,False,3,100.0,Small
REST_000069,cloud9coffee,cafe,Unknown,21.5595812,39.1333432,King Abdullah Sports City,8.073010297782776,Moderate,59,2034-06-12 21:00:00,2034,6,12,21,0,False,35,Medium,59.32203389830508,False,True,True,2,59.32203389830508,Medium
REST_001433,شوكليت ايتالياني,restaurant,Unknown,24.6969313,46.6858361,King Fahd International Stadium,1.4275450174103979,Very Close,157,2034-06-03 19:00:00,2034,6,3,19,5,True,157,High,100.0,False,True,True,4,100.0,Large
REST_000673,,fast_food,Unknown,21.6225219,39.1638091,King Abdullah Sports City,5.262932147840783,Moderate,70,2034-06-09 08:00:00,2034,6,9,8,4,True,58,High,82.85714285714286,False,False,False,2,82.85714285714286,Medium
REST_000264,Vendor Coffee - مقهى فيندور,cafe,Unknown,24.7558162,46.7718623,Prince Faisal bin Fahd Stadium,6.4001987570527925,Moderate,58,2034-06-05 09:00:00,2034,6,5,9,0,False,23,Low,39.6551724137931,False,False,False,2,39.6551724137931,Medium
REST_001143,الشام شامك,restaurant,Unknown,26.3960741,43.9496506,King Abdullah City Stadium,3.6814203848002136,Close,105,2034-06-24 20:00:00,2034,6,24,20,5,True,105,High,100.0,False,True,True,3,100.0,Large
REST_001284,Mensa,restaurant,Unknown,24.8095361,46.7072218,Prince Faisal bin Fahd Stadium,4.202287209804109,Close,131,2034-06-27 09:00:00,2034,6,27,9,1,False,79,Medium,60.30534351145038,False,False,False,3,60.30534351145038,Large
REST_000316,,cafe,Unknown,24.8288808,46.6826866,Prince Faisal bin Fahd Stadium,6.950718142117515,Moderate,88,2034-07-14 15:00:00,2034,7,14,15,4,True,84,High,95.45454545454545,False,False,False,2,95.45454545454545,Medium
REST_000341,Shimmers,restaurant,Unknown,24.7670034,46.6593779,Prince Faisal bin Fahd Stadium,5.240392972922303,Moderate,64,2034-07-01 08:00:00,2034,7,1,8,5,True,57,High,89.0625,False,False,False,2,89.0625,Medium
REST_001028,Crazy Pizza,restaurant,Unknown,24.6752569,46.6249792,King Fahd International Stadium,6.273273163013817,Moderate,91,2034-06-30 17:00:00,2034,6,30,17,4,True,54,Medium,59.34065934065934,False,False,False,2,59.34065934065934,Medium
REST_001379,واحد فول,restaurant,Unknown,24.6609768,46.7013086,King Fahd International Stadium,2.985101121124223,Close,103,2034-07-10 16:00:00,2034,7,10,16,0,False,65,Medium,63.10679611650486,False,False,False,3,63.10679611650486,Large
REST_000366,Sushi Yoshi,restaurant,Unknown,21.615271,39.108149,King Abdullah Sports City,1.7076191574256798,Very Close,85,2034-06-26 13:00:00,2034,6,26,13,0,False,60,Medium,70.58823529411765,True,False,True,4,70.58823529411765,Medium
REST_000594,ستاربكس,cafe,Unknown,24.8178723,46.6870169,Prince Faisal bin Fahd Stadium,5.656185142465266,Moderate,59,2034-06-24 11:00:00,2034,6,24,11,5,True,58,High,98.30508474576271,False,False,False,2,98.30508474576271,Medium
REST_001414,Kudu,restaurant,Unknown,24.7053897,46.6798149,King Fahd International Stadium,2.456293576620362,Close,192,2034-07-14 18:00:00,2034,7,14,18,4,True,117,Medium,60.9375,False,False,False,3,60.9375,Large
REST_000644,Hardees,fast_food,Unknown,24.7117224,46.6970049,King Fahd International Stadium,3.256294190088511,Close,35,2034-06-25 16:00:00,2034,6,25,16,6,False,31,High,88.57142857142857,False,False,False,3,88.57142857142857,Small
REST_001409,Friday's,restaurant,Unknown,24.7044957,46.6646636,King Fahd International Stadium,3.149804203532667,Close,164,2034-06-25 21:00:00,2034,6,25,21,6,False,164,High,100.0,False,True,True,3,100.0,Large
REST_000534,جزيرة المرجان,restaurant,Unknown,26.483249,50.104926,Prince Mohammed bin Fahd Stadium,7.1380090104048115,Moderate,123,2034-06-20 19:00:00,2034,6,20,19,1,False,104,High,84.5528455284553,False,True,True,2,84.5528455284553,Large
REST_000752,اليجرو,cafe,Unknown,24.8105987,46.6473842,Prince Faisal bin Fahd Stadium,7.7302515093621835,Moderate,84,2034-06-08 19:00:00,2034,6,8,19,3,False,41,Low,48.80952380952381,False,True,True,2,48.80952380952381,Medium
REST_000619,Java Cafe,cafe,Unknown,24.6883445,46.7185334,King Fahd International Stadium,3.290648674299839,Close,74,2034-06-15 15:00:00,2034,6,15,15,3,False,37,Medium,50.0,False,False,False,3,50.0,Medium
REST_000645,,restaurant,Unknown,24.6552535,46.7440452,King Fahd International Stadium,6.6584500373935125,Moderate,164,2034-06-07 20:00:00,2034,6,7,20,2,False,83,Medium,50.609756097560975,False,True,True,2,50.609756097560975,Large
REST_001147,Tony Roma's,restaurant,Unknown,24.7027286,46.6801722,King Fahd International Stadium,2.161937210848951,Close,137,2034-07-01 17:00:00,2034,7,1,17,5,True,127,High,92.7007299270073,False,False,False,3,92.7007299270073,Large
REST_000476,بروستد بونواس,restaurant,Unknown,26.4493532,50.1185439,Prince Mohammed bin Fahd Stadium,4.349937758093283,Close,149,2034-06-08 08:00:00,2034,6,8,8,3,False,141,High,94.63087248322147,False,False,False,3,94.63087248322147,Large
REST_000812,Al Wada'a,restaurant,Unknown,21.5881688,39.1057078,King Abdullah Sports City,4.698746029721953,Close,82,2034-06-22 12:00:00,2034,6,22,12,3,False,82,High,100.0,True,False,True,3,100.0,Medium
REST_000123,KFC,fast_food,Unknown,26.3999225,50.0415142,Prince Mohammed bin Fahd Stadium,5.245387849801892,Moderate,76,2034-07-11 10:00:00,2034,7,11,10,1,False,53,Medium,69.73684210526315,False,False,False,2,69.73684210526315,Medium
REST_000061,KFC,fast_food,Unknown,26.3823463,50.1781289,Prince Mohammed bin Fahd Stadium,9.866260254697771,Moderate,60,2034-06-25 13:00:00,2034,6,25,13,6,False,56,High,93.33333333333333,True,False,True,2,93.33333333333333,Medium
REST_000189,Steakhouse,restaurant,Unknown,26.4603168,50.1209655,Prince Mohammed bin Fahd Stadium,5.446261784337334,Moderate,101,2034-06-27 14:00:00,2034,6,27,14,1,False,61,Medium,60.396039603960396,True,False,True,2,60.396039603960396,Large
REST_001006,مطبخ و مطعم همام,restaurant,Unknown,21.6118522,39.1236758,King Abdullah Sports City,2.255948652574545,Close,99,2034-06-01 11:00:00,2034,6,1,11,3,False,93,High,93.93939393939394,False,False,False,3,93.93939393939394,Medium
REST_001078,Urth Caffe,cafe,Unknown,24.705692,46.7056408,King Fahd International Stadium,3.0955146999388123,Close,48,2034-06-22 15:00:00,2034,6,22,15,3,False,36,Medium,75.0,False,False,False,3,75.0,Small
REST_001210,Shawarmer,fast_food,Unknown,24.5988355,46.6900916,King Fahd International Stadium,9.488721224834078,Moderate,76,2034-06-23 21:00:00,2034,6,23,21,4,True,76,High,100.0,False,True,True,2,100.0,Medium
REST_000771,ميت لوفر,restaurant,Unknown,24.8173115,46.6440981,Prince Faisal bin Fahd Stadium,8.432436504913907,Moderate,97,2034-06-28 17:00:00,2034,6,28,17,2,False,70,Medium,72.16494845360825,False,False,False,2,72.16494845360825,Medium
REST_000441,Starbucks,cafe,Unknown,26.4539347,50.1205844,Prince Mohammed bin Fahd Stadium,4.865387943686088,Close,27,2034-06-24 09:00:00,2034,6,24,9,5,True,20,Medium,74.07407407407408,False,False,False,3,74.07407407407408,Small
REST_000306,الناضج,restaurant,Unknown,26.3582887,43.948908,King Abdullah City Stadium,2.004246793354236,Close,50,2034-07-02 17:00:00,2034,7,2,17,6,False,19,Low,38.0,False,False,False,3,38.0,Medium
REST_000761,دانا كافيه,cafe,Unknown,24.7984163,46.6424103,Prince Faisal bin Fahd Stadium,7.525909337719232,Moderate,78,2034-06-13 15:00:00,2034,6,13,15,1,False,39,Medium,50.0,False,False,False,2,50.0,Medium
REST_001202,Horizon Restaurant,restaurant,Unknown,26.4389531,50.1054376,Prince Mohammed bin Fahd Stadium,2.6199213311316063,Close,78,2034-06-20 21:00:00,2034,6,20,21,1,False,74,High,94.87179487179486,False,True,True,3,94.87179487179486,Medium
REST_000573,LITE AND DELIGHT,cafe,Unknown,21.568907,39.165085,King Abdullah Sports City,8.619135423414782,Moderate,66,2034-06-21 21:00:00,2034,6,21,21,2,False,43,Medium,65.15151515151516,False,True,True,2,65.15151515151516,Medium
REST_000662,,restaurant,Unknown,21.5938365,39.1310084,King Abdullah Sports City,4.389499925790339,Close,172,2034-07-13 21:00:00,2034,7,13,21,3,False,131,Medium,76.16279069767442,False,True,True,3,76.16279069767442,Large
REST_000121,مقهي نغم الليالي,cafe,Unknown,26.4586771,50.0835167,Prince Mohammed bin Fahd Stadium,4.255497554130319,Close,77,2034-07-11 17:00:00,2034,7,11,17,1,False,40,Medium,51.94805194805194,False,False,False,3,51.94805194805194,Medium
REST_000001,مايسترو,restaurant,Unknown,24.6611514,46.7011863,King Fahd International Stadium,2.9621000416153795,Close,103,2034-06-07 15:00:00,2034,6,7,15,2,False,79,Medium,76.69902912621359,False,False,False,3,76.69902912621359,Large
REST_000279,دجاج كنتاكي,fast_food,Unknown,26.3787797,43.9523162,King Abdullah City Stadium,1.9640570360088907,Very Close,37,2034-06-02 08:00:00,2034,6,2,8,4,True,37,High,100.0,False,False,False,4,100.0,Small
REST_000391,Tofarea Restaurant,restaurant,Unknown,21.5966742,39.1436491,King Abdullah Sports City,4.825095711016929,Close,148,2034-06-07 08:00:00,2034,6,7,8,2,False,114,Medium,77.02702702702703,False,False,False,3,77.02702702702703,Large
REST_001028,Crazy Pizza,restaurant,Unknown,24.6752569,46.6249792,King Fahd International Stadium,6.273273163013817,Moderate,91,2034-06-02 17:00:00,2034,6,2,17,4,True,38,Low,41.75824175824176,False,False,False,2,41.75824175824176,Medium
REST_001381,Abu zaid,restaurant,Unknown,21.7087895,39.1030025,King Abdullah Sports City,8.849966247534358,Moderate,60,2034-06-19 12:00:00,2034,6,19,12,0,False,50,High,83.33333333333334,True,False,True,2,83.33333333333334,Medium
REST_001466,الرومانسية,restaurant,Unknown,26.366117,43.9424868,King Abdullah City Stadium,2.413173240425537,Close,99,2034-06-28 18:00:00,2034,6,28,18,2,False,62,Medium,62.62626262626263,False,False,False,3,62.62626262626263,Medium
REST_001304,دجاج كنتاكي,fast_food,Unknown,24.770343,46.7123114,Prince Faisal bin Fahd Stadium,0.2179563060506945,Very Close,77,2034-07-03 11:00:00,2034,7,3,11,0,False,77,High,100.0,False,False,False,4,100.0,Medium
REST_001470,عالم البيتزا,restaurant,Unknown,26.3735217,43.9304679,King Abdullah City Stadium,3.6884409469073103,Close,149,2034-06-11 12:00:00,2034,6,11,12,6,False,149,High,100.0,True,False,True,3,100.0,Large
REST_000533,,restaurant,Unknown,26.4436666,50.1130733,Prince Mohammed bin Fahd Stadium,3.5161346767299198,Close,99,2034-06-11 14:00:00,2034,6,11,14,6,False,99,High,100.0,True,False,True,3,100.0,Medium
REST_001458,شاورمر,fast_food,Unknown,26.393925,43.9259582,King Abdullah City Stadium,5.063201120698004,Moderate,76,2034-06-03 15:00:00,2034,6,3,15,5,True,37,Low,48.68421052631579,False,False,False,2,48.68421052631579,Medium
REST_000657,,restaurant,Unknown,24.6996722,46.6924899,King Fahd International Stadium,1.841013688108124,Very Close,80,2034-06-25 22:00:00,2034,6,25,22,6,False,80,High,100.0,False,True,True,4,100.0,Medium
REST_000504,مطبغ الضيافة,restaurant,Unknown,21.5813302,39.1601843,King Abdullah Sports City,7.234726941392608,Moderate,138,2034-06-17 15:00:00,2034,6,17,15,5,True,103,Medium,74.63768115942028,False,False,False,2,74.63768115942028,Large
REST_000593,,cafe,Unknown,21.595875,39.1553271,King Abdullah Sports City,5.738194662796841,Moderate,45,2034-06-14 13:00:00,2034,6,14,13,2,False,45,High,100.0,True,False,True,2,100.0,Small
REST_000642,,restaurant,Unknown,24.6950224,46.6821823,King Fahd International Stadium,1.2837885491746757,Very Close,85,2034-07-03 14:00:00,2034,7,3,14,0,False,85,High,100.0,True,False,True,4,100.0,Medium
REST_001220,المذاق المغربي,cafe,Unknown,21.5917093,39.1376792,King Abdullah Sports City,4.918076229707055,Close,74,2034-06-30 21:00:00,2034,6,30,21,4,True,74,High,100.0,False,True,True,3,100.0,Medium
REST_000105,,cafe,Unknown,26.4509591,50.1064509,Prince Mohammed bin Fahd Stadium,3.7959962999609917,Close,84,2034-07-09 17:00:00,2034,7,9,17,6,False,35,Low,41.66666666666667,False,False,False,3,41.66666666666667,Medium
REST_000767,العنابي,restaurant,Unknown,24.8148748,46.6347003,Prince Faisal bin Fahd Stadium,9.064077076401924,Moderate,178,2034-07-14 08:00:00,2034,7,14,8,4,True,152,High,85.39325842696628,False,False,False,2,85.39325842696628,Large
REST_001245,مطعم فول وعدس,restaurant,Unknown,24.7090425,46.6795473,King Fahd International Stadium,2.8561454670752604,Close,97,2034-07-02 11:00:00,2034,7,2,11,6,False,97,High,100.0,False,False,False,3,100.0,Medium
REST_000956,Juice World,restaurant,Unknown,21.5772448,39.1570649,King Abdullah Sports City,7.378078091203072,Moderate,187,2034-07-13 15:00:00,2034,7,13,15,3,False,140,Medium,74.8663101604278,False,False,False,2,74.8663101604278,Large
REST_001105,كانتون,fast_food,Unknown,24.758633,46.7144332,Prince Faisal bin Fahd Stadium,1.5154029092945864,Very Close,42,2034-06-19 12:00:00,2034,6,19,12,0,False,42,High,100.0,True,False,True,4,100.0,Small
REST_001262,,cafe,Unknown,24.7858399,46.6458311,Prince Faisal bin Fahd Stadium,6.759411254521565,Moderate,98,2034-06-12 10:00:00,2034,6,12,10,0,False,54,Medium,55.10204081632652,False,False,False,2,55.10204081632652,Medium
REST_001141,فلافل عرفة,restaurant,Unknown,26.356933,43.9523422,King Abdullah City Stadium,1.7960470957293113,Very Close,143,2034-06-08 08:00:00,2034,6,8,8,3,False,143,High,100.0,False,False,False,4,100.0,Large
REST_001074,,restaurant,Unknown,26.4492315,50.1185042,Prince Mohammed bin Fahd Stadium,4.337340455624325,Close,153,2034-06-30 08:00:00,2034,6,30,8,4,True,84,Medium,54.90196078431373,False,False,False,3,54.90196078431373,Large
REST_001343,friday's,restaurant,Unknown,21.6315972,39.1333664,King Abdullah Sports City,2.0631811575655674,Close,160,2034-07-03 21:00:00,2034,7,3,21,0,False,160,High,100.0,False,True,True,3,100.0,Large
REST_000691,Lahore Restaurent,restaurant,Unknown,24.6743841,46.7445923,King Fahd International Stadium,5.988021878283662,Moderate,101,2034-06-14 18:00:00,2034,6,14,18,2,False,36,Low,35.64356435643564,False,False,False,2,35.64356435643564,Large
REST_000542,,cafe,Unknown,26.4729058,50.0862236,Prince Mohammed bin Fahd Stadium,5.810684253519465,Moderate,92,2034-06-17 10:00:00,2034,6,17,10,5,True,87,High,94.56521739130434,False,False,False,2,94.56521739130434,Medium
REST_000472,Kudu,fast_food,Unknown,24.5987299,46.6894311,King Fahd International Stadium,9.497995373537016,Moderate,31,2034-06-28 21:00:00,2034,6,28,21,2,False,17,Medium,54.83870967741935,False,True,True,2,54.83870967741935,Small
REST_000404,Ulb,fast_food,Unknown,24.7444149,46.6206874,King Fahd International Stadium,9.428894084691638,Moderate,35,2034-06-20 11:00:00,2034,6,20,11,1,False,10,Low,28.57142857142857,False,False,False,2,28.57142857142857,Small
REST_000692,الطازج,restaurant,Unknown,21.5989399,39.1636782,King Abdullah Sports City,6.219521631995177,Moderate,59,2034-06-08 09:00:00,2034,6,8,9,3,False,27,Low,45.76271186440678,False,False,False,2,45.76271186440678,Medium
REST_000755,Mashi No Mashi,restaurant,Unknown,21.6531959,39.1005238,King Abdullah Sports City,2.9268734872086792,Close,99,2034-07-06 10:00:00,2034,7,6,10,3,False,99,High,100.0,False,False,False,3,100.0,Medium
REST_001379,واحد فول,restaurant,Unknown,24.6609768,46.7013086,King Fahd International Stadium,2.985101121124223,Close,103,2034-07-03 17:00:00,2034,7,3,17,0,False,67,Medium,65.0485436893204,False,False,False,3,65.0485436893204,Large
REST_001460,مطاعم ومطابخ مضياف,restaurant,Unknown,26.404773,43.9141945,King Abdullah City Stadium,6.728810304967679,Moderate,114,2034-07-06 22:00:00,2034,7,6,22,3,False,114,High,100.0,False,True,True,2,100.0,Large
REST_001202,Horizon Restaurant,restaurant,Unknown,26.4389531,50.1054376,Prince Mohammed bin Fahd Stadium,2.6199213311316063,Close,78,2034-06-30 14:00:00,2034,6,30,14,4,True,78,High,100.0,True,False,True,3,100.0,Medium
REST_001379,واحد فول,restaurant,Unknown,24.6609768,46.7013086,King Fahd International Stadium,2.985101121124223,Close,103,2034-07-11 19:00:00,2034,7,11,19,1,False,103,High,100.0,False,True,True,3,100.0,Large
REST_000391,Tofarea Restaurant,restaurant,Unknown,21.5966742,39.1436491,King Abdullah Sports City,4.825095711016929,Close,148,2034-06-08 20:00:00,2034,6,8,20,3,False,148,High,100.0,False,True,True,3,100.0,Large
REST_000298,تشيز برقر,fast_food,Unknown,26.3906432,43.9182763,King Abdullah City Stadium,5.509759371692815,Moderate,54,2034-06-24 08:00:00,2034,6,24,8,5,True,19,Low,35.18518518518518,False,False,False,2,35.18518518518518,Medium
REST_001261,,fast_food,Unknown,24.7823987,46.6493481,Prince Faisal bin Fahd Stadium,6.332834573595611,Moderate,74,2034-06-30 22:00:00,2034,6,30,22,4,True,74,High,100.0,False,True,True,2,100.0,Medium
REST_000640,Al Rabe'a,restaurant,Unknown,24.6975196,46.7805034,King Fahd International Stadium,9.63353899962464,Moderate,118,2034-06-15 10:00:00,2034,6,15,10,3,False,77,Medium,65.2542372881356,False,False,False,2,65.2542372881356,Large
REST_000411,مطعم ابوعيسى للمشويات,restaurant,Unknown,26.4210904,50.068596,Prince Mohammed bin Fahd Stadium,2.012394027171295,Close,167,2034-06-15 13:00:00,2034,6,15,13,3,False,167,High,100.0,True,False,True,3,100.0,Large
REST_000536,Chkn,fast_food,Unknown,24.7668817,46.7072939,Prince Faisal bin Fahd Stadium,0.6718559948661714,Very Close,45,2034-06-12 09:00:00,2034,6,12,9,0,False,45,High,100.0,False,False,False,4,100.0,Small
REST_001228,الطازج,fast_food,Unknown,24.7561287,46.6561546,Prince Faisal bin Fahd Stadium,5.8087604809389175,Moderate,46,2034-07-06 15:00:00,2034,7,6,15,3,False,24,Medium,52.17391304347826,False,False,False,2,52.17391304347826,Small
REST_000667,صب واي,fast_food,Unknown,26.357221,43.965995,King Abdullah City Stadium,1.0563545340912888,Very Close,62,2034-07-03 09:00:00,2034,7,3,9,0,False,62,High,100.0,False,False,False,4,100.0,Medium
REST_000660,Roma Cafe,cafe,Unknown,24.7016088,46.6915377,King Fahd International Stadium,2.0175182881893976,Close,52,2034-06-20 09:00:00,2034,6,20,9,1,False,52,High,100.0,False,False,False,3,100.0,Medium
REST_001263,,fast_food,Unknown,24.7854912,46.6456646,Prince Faisal bin Fahd Stadium,6.767018148103183,Moderate,60,2034-06-09 20:00:00,2034,6,9,20,4,True,60,High,100.0,False,True,True,2,100.0,Medium
REST_000653,,restaurant,Unknown,24.6989019,46.6886304,King Fahd International Stadium,1.662649880674677,Very Close,122,2034-06-26 19:00:00,2034,6,26,19,0,False,122,High,100.0,False,True,True,4,100.0,Large
REST_000050,كودو,fast_food,Unknown,24.7385468,46.7986442,Prince Faisal bin Fahd Stadium,9.595693914709917,Moderate,41,2034-06-04 08:00:00,2034,6,4,8,6,False,34,High,82.92682926829268,False,False,False,2,82.92682926829268,Small
REST_000558,,cafe,Unknown,26.3644115,50.0955797,Prince Mohammed bin Fahd Stadium,6.2953193536538,Moderate,94,2034-07-06 08:00:00,2034,7,6,8,3,False,43,Low,45.744680851063826,False,False,False,2,45.744680851063826,Medium
REST_000861,,restaurant,Unknown,21.5756022,39.1273377,King Abdullah Sports City,6.193995052923065,Moderate,73,2034-06-03 16:00:00,2034,6,3,16,5,True,45,Medium,61.64383561643836,False,False,False,2,61.64383561643836,Medium
REST_000824,مقهى بلانو كافيه,cafe,Unknown,24.7379427,46.6889009,Prince Faisal bin Fahd Stadium,4.385983710593129,Close,85,2034-06-12 21:00:00,2034,6,12,21,0,False,85,High,100.0,False,True,True,3,100.0,Medium
REST_000913,Bateel El'an,restaurant,Unknown,24.8426989,46.7339669,Prince Faisal bin Fahd Stadium,8.206687960489587,Moderate,128,2034-07-12 17:00:00,2034,7,12,17,2,False,54,Low,42.1875,False,False,False,2,42.1875,Large
REST_001249,Bukhara Alhara,fast_food,Unknown,24.7670622,46.707419,Prince Faisal bin Fahd Stadium,0.6481518912623792,Very Close,73,2034-06-30 20:00:00,2034,6,30,20,4,True,73,High,100.0,False,True,True,4,100.0,Medium
REST_000317,ميوزد بيت القهوة,cafe,Unknown,24.8035305,46.6743369,Prince Faisal bin Fahd Stadium,5.105766897844834,Moderate,97,2034-06-12 18:00:00,2034,6,12,18,0,False,35,Low,36.08247422680412,False,False,False,2,36.08247422680412,Medium
REST_000371,Habrat Restaurant,restaurant,Unknown,21.6268475,39.1353485,King Abdullah Sports City,2.2821339382086694,Close,72,2034-07-06 21:00:00,2034,7,6,21,3,False,72,High,100.0,False,True,True,3,100.0,Medium
REST_000367,Burger King,fast_food,Unknown,21.6154588,39.1080491,King Abdullah Sports City,1.6912883854134428,Very Close,46,2034-06-28 21:00:00,2034,6,28,21,2,False,45,High,97.82608695652173,False,True,True,4,97.82608695652173,Small
REST_000769,مكشكش,restaurant,Unknown,24.8152251,46.6355218,Prince Faisal bin Fahd Stadium,9.01446420038041,Moderate,89,2034-06-01 18:00:00,2034,6,1,18,3,False,65,Medium,73.03370786516854,False,False,False,2,73.03370786516854,Medium
REST_000534,جزيرة المرجان,restaurant,Unknown,26.483249,50.104926,Prince Mohammed bin Fahd Stadium,7.1380090104048115,Moderate,123,2034-06-17 21:00:00,2034,6,17,21,5,True,123,High,100.0,False,True,True,2,100.0,Large
REST_001283,,cafe,Unknown,24.7821629,46.7063921,Prince Faisal bin Fahd Stadium,1.2323621339488111,Very Close,85,2034-06-30 14:00:00,2034,6,30,14,4,True,78,High,91.76470588235294,True,False,True,4,91.76470588235294,Medium
REST_001395,برغرايزر,fast_food,Unknown,24.8060276,46.6928535,Prince Faisal bin Fahd Stadium,4.2138337701856985,Close,45,2034-06-09 15:00:00,2034,6,9,15,4,True,39,High,86.66666666666667,False,False,False,3,86.66666666666667,Small
REST_001035,San Carlo Cicchetti,restaurant,Unknown,24.7012182,46.705378,King Fahd International Stadium,2.7088790925678645,Close,155,2034-07-07 21:00:00,2034,7,7,21,4,True,155,High,100.0,False,True,True,3,100.0,Large
REST_000835,alromansia restaurant مطعم الرومانسية,restaurant,Unknown,26.4556722,50.1136773,Prince Mohammed bin Fahd Stadium,4.610572941998937,Close,71,2034-07-13 16:00:00,2034,7,13,16,3,False,41,Medium,57.74647887323944,False,False,False,3,57.74647887323944,Medium
REST_001563,Herfy,fast_food,Unknown,24.767528,46.6643418,Prince Faisal bin Fahd Stadium,4.735857869237161,Close,33,2034-06-20 09:00:00,2034,6,20,9,1,False,24,Medium,72.72727272727273,False,False,False,3,72.72727272727273,Small
REST_001263,,fast_food,Unknown,24.7854912,46.6456646,Prince Faisal bin Fahd Stadium,6.767018148103183,Moderate,60,2034-07-08 15:00:00,2034,7,8,15,5,True,48,High,80.0,False,False,False,2,80.0,Medium
REST_000964,Coffe Day,cafe,Unknown,24.7341694,46.6973022,Prince Faisal bin Fahd Stadium,4.417579149713125,Close,77,2034-07-04 11:00:00,2034,7,4,11,1,False,63,High,81.81818181818183,False,False,False,3,81.81818181818183,Medium
REST_001208,ركن الفلافل,restaurant,Unknown,21.6093627,39.1350133,King Abdullah Sports City,3.1796253596077135,Close,164,2034-06-13 14:00:00,2034,6,13,14,1,False,151,High,92.07317073170732,True,False,True,3,92.07317073170732,Large
REST_000367,Burger King,fast_food,Unknown,21.6154588,39.1080491,King Abdullah Sports City,1.6912883854134428,Very Close,46,2034-06-01 09:00:00,2034,6,1,9,3,False,46,High,100.0,False,False,False,4,100.0,Small
REST_001263,,fast_food,Unknown,24.7854912,46.6456646,Prince Faisal bin Fahd Stadium,6.767018148103183,Moderate,60,2034-07-13 19:00:00,2034,7,13,19,3,False,40,Medium,66.66666666666666,False,True,True,2,66.66666666666666,Medium
REST_000858,Repository Coffee Roasters,cafe,Unknown,24.8110205,46.670064,Prince Faisal bin Fahd Stadium,5.999919040630255,Moderate,94,2034-06-03 08:00:00,2034,6,3,8,5,True,87,High,92.5531914893617,False,False,False,2,92.5531914893617,Medium
REST_000308,ليون كافيه,cafe,Unknown,26.3542632,43.9540151,King Abdullah City Stadium,1.873420729208515,Very Close,71,2034-06-12 14:00:00,2034,6,12,14,0,False,71,High,100.0,True,False,True,4,100.0,Medium
REST_001205,مطعم فلفلة,restaurant,Unknown,26.3506278,50.0511467,Prince Mohammed bin Fahd Stadium,8.64741469840064,Moderate,55,2034-06-27 09:00:00,2034,6,27,9,1,False,29,Medium,52.72727272727272,False,False,False,2,52.72727272727272,Medium
REST_001307,جافا تايم,cafe,Unknown,24.6828568,46.69716,King Fahd International Stadium,1.105912715294937,Very Close,88,2034-06-21 15:00:00,2034,6,21,15,2,False,88,High,100.0,False,False,False,4,100.0,Medium
REST_000788,رونه للقهوة المختصة | الشاطئ,cafe,Unknown,21.6023188,39.1083762,King Abdullah Sports City,3.1013357493641704,Close,38,2034-07-04 21:00:00,2034,7,4,21,1,False,31,High,81.57894736842105,False,True,True,3,81.57894736842105,Small
REST_000811,Al Nakheel,restaurant,Unknown,21.5643739,39.1116299,King Abdullah Sports City,7.277619197092621,Moderate,68,2034-07-12 18:00:00,2034,7,12,18,2,False,46,Medium,67.64705882352942,False,False,False,2,67.64705882352942,Medium
REST_000805,19th Century Burger,fast_food,Unknown,21.6419465,39.1300137,King Abdullah Sports City,2.1766029928096278,Close,36,2034-06-07 20:00:00,2034,6,7,20,2,False,22,Medium,61.111111111111114,False,True,True,3,61.111111111111114,Small
REST_000919,,fast_food,Unknown,24.7616932,46.7985908,Prince Faisal bin Fahd Stadium,8.916330619529694,Moderate,69,2034-07-14 17:00:00,2034,7,14,17,4,True,33,Low,47.82608695652174,False,False,False,2,47.82608695652174,Medium
REST_000912,تيم هورتونز,cafe,Unknown,24.8387541,46.7325597,Prince Faisal bin Fahd Stadium,7.7458084164826735,Moderate,25,2034-06-29 15:00:00,2034,6,29,15,3,False,9,Low,36.0,False,False,False,2,36.0,Small
REST_000650,,restaurant,Unknown,24.7150349,46.6698149,King Fahd International Stadium,3.821735120478624,Close,75,2034-06-12 12:00:00,2034,6,12,12,0,False,75,High,100.0,True,False,True,3,100.0,Medium
REST_000614,Al Nafoura Rest. & Sweets,restaurant,Unknown,24.6884918,46.7238554,King Fahd International Stadium,3.8256171655155704,Close,82,2034-07-02 11:00:00,2034,7,2,11,6,False,37,Low,45.1219512195122,False,False,False,3,45.1219512195122,Medium
REST_000371,Habrat Restaurant,restaurant,Unknown,21.6268475,39.1353485,King Abdullah Sports City,2.2821339382086694,Close,72,2034-07-10 16:00:00,2034,7,10,16,0,False,44,Medium,61.111111111111114,False,False,False,3,61.111111111111114,Medium
REST_000859,واحة المرباع,restaurant,Unknown,26.3941797,43.9288784,King Abdullah City Stadium,4.85094280500056,Close,124,2034-06-14 15:00:00,2034,6,14,15,2,False,124,High,100.0,False,False,False,3,100.0,Large
REST_000650,,restaurant,Unknown,24.7150349,46.6698149,King Fahd International Stadium,3.821735120478624,Close,75,2034-07-12 19:00:00,2034,7,12,19,2,False,75,High,100.0,False,True,True,3,100.0,Medium
REST_001382,خروف الشيف,restaurant,Unknown,21.7082213,39.1049698,King Abdullah Sports City,8.764490920506644,Moderate,150,2034-06-30 08:00:00,2034,6,30,8,4,True,116,Medium,77.33333333333333,False,False,False,2,77.33333333333333,Large
REST_001468,اكلات جدودنا,restaurant,Unknown,26.3707036,43.923929,King Abdullah City Stadium,4.284278486583965,Close,140,2034-07-02 10:00:00,2034,7,2,10,6,False,119,High,85.0,False,False,False,3,85.0,Large
REST_001074,,restaurant,Unknown,26.4492315,50.1185042,Prince Mohammed bin Fahd Stadium,4.337340455624325,Close,153,2034-06-19 09:00:00,2034,6,19,9,0,False,114,Medium,74.50980392156863,False,False,False,3,74.50980392156863,Large
REST_001039,,restaurant,Unknown,21.5750808,39.1427883,King Abdullah Sports City,6.796297500888847,Moderate,181,2034-06-19 18:00:00,2034,6,19,18,0,False,153,High,84.5303867403315,False,False,False,2,84.5303867403315,Large
REST_001262,,cafe,Unknown,24.7858399,46.6458311,Prince Faisal bin Fahd Stadium,6.759411254521565,Moderate,98,2034-06-28 13:00:00,2034,6,28,13,2,False,98,High,100.0,True,False,True,2,100.0,Medium
REST_001288,مزاج العرب,cafe,Unknown,24.7930716,46.6490799,Prince Faisal bin Fahd Stadium,6.679711722770142,Moderate,88,2034-07-03 08:00:00,2034,7,3,8,0,False,52,Medium,59.09090909090909,False,False,False,2,59.09090909090909,Medium
REST_001224,ghaze alhesane,fast_food,Unknown,21.6526591,39.1258937,King Abdullah Sports City,2.8463529612627196,Close,60,2034-07-03 14:00:00,2034,7,3,14,0,False,60,High,100.0,True,False,True,3,100.0,Medium
REST_001088,كانتون,fast_food,Unknown,24.8250499,46.7505652,Prince Faisal bin Fahd Stadium,7.132901944566299,Moderate,66,2034-07-08 19:00:00,2034,7,8,19,5,True,66,High,100.0,False,True,True,2,100.0,Medium
REST_000115,مطعم راعيها للاسماك,restaurant,Unknown,26.4212605,50.1162703,Prince Mohammed bin Fahd Stadium,2.7362159034590707,Close,56,2034-06-02 10:00:00,2034,6,2,10,4,True,56,High,100.0,False,False,False,3,100.0,Medium
REST_000559,Indonesian,restaurant,Unknown,24.7098964,46.6909907,King Fahd International Stadium,2.9073079296459525,Close,154,2034-06-11 13:00:00,2034,6,11,13,6,False,154,High,100.0,True,False,True,3,100.0,Large
REST_000341,Shimmers,restaurant,Unknown,24.7670034,46.6593779,Prince Faisal bin Fahd Stadium,5.240392972922303,Moderate,64,2034-06-08 22:00:00,2034,6,8,22,3,False,46,Medium,71.875,False,True,True,2,71.875,Medium
REST_000123,KFC,fast_food,Unknown,26.3999225,50.0415142,Prince Mohammed bin Fahd Stadium,5.245387849801892,Moderate,76,2034-07-05 18:00:00,2034,7,5,18,2,False,42,Medium,55.26315789473685,False,False,False,2,55.26315789473685,Medium
REST_001205,مطعم فلفلة,restaurant,Unknown,26.3506278,50.0511467,Prince Mohammed bin Fahd Stadium,8.64741469840064,Moderate,55,2034-06-16 16:00:00,2034,6,16,16,4,True,40,Medium,72.72727272727273,False,False,False,2,72.72727272727273,Medium
REST_001382,خروف الشيف,restaurant,Unknown,21.7082213,39.1049698,King Abdullah Sports City,8.764490920506644,Moderate,150,2034-06-04 16:00:00,2034,6,4,16,6,False,100,Medium,66.66666666666666,False,False,False,2,66.66666666666666,Large
REST_000038,مطعم السانية,restaurant,Unknown,26.4204967,50.0263476,Prince Mohammed bin Fahd Stadium,6.2191023829578125,Moderate,79,2034-07-02 09:00:00,2034,7,2,9,6,False,66,High,83.54430379746836,False,False,False,2,83.54430379746836,Medium
REST_000384,,cafe,Unknown,21.5977041,39.1461551,King Abdullah Sports City,4.912524856984208,Close,37,2034-06-21 20:00:00,2034,6,21,20,2,False,37,High,100.0,False,True,True,3,100.0,Small
REST_001085,كانتون,fast_food,Unknown,24.8114338,46.7694112,Prince Faisal bin Fahd Stadium,7.354754705283516,Moderate,36,2034-06-06 12:00:00,2034,6,6,12,1,False,23,Medium,63.888888888888886,True,False,True,2,63.888888888888886,Small
REST_001005,,restaurant,Unknown,26.4450825,50.1182466,Prince Mohammed bin Fahd Stadium,3.9934081234264083,Close,194,2034-07-11 10:00:00,2034,7,11,10,1,False,111,Medium,57.21649484536082,False,False,False,3,57.21649484536082,Large
REST_000694,دانكن دونتس,fast_food,Unknown,24.664282,46.6825235,King Fahd International Stadium,2.2364548860730262,Close,76,2034-06-14 21:00:00,2034,6,14,21,2,False,76,High,100.0,False,True,True,3,100.0,Medium
REST_001376,بروستد كوفي,restaurant,Unknown,24.6401514,46.7083399,King Fahd International Stadium,5.370451118649105,Moderate,77,2034-07-10 18:00:00,2034,7,10,18,0,False,25,Low,32.467532467532465,False,False,False,2,32.467532467532465,Medium
REST_000803,Goodies,restaurant,Unknown,21.573008,39.1273857,King Abdullah Sports City,6.476101290694813,Moderate,152,2034-06-10 08:00:00,2034,6,10,8,5,True,62,Low,40.78947368421053,False,False,False,2,40.78947368421053,Large
REST_000763,دونربير,restaurant,Unknown,24.8183863,46.6426174,Prince Faisal bin Fahd Stadium,8.623688215721925,Moderate,62,2034-07-09 10:00:00,2034,7,9,10,6,False,27,Low,43.54838709677419,False,False,False,2,43.54838709677419,Medium
REST_000290,مطعم نايستي رويال,restaurant,Unknown,26.3759626,43.9827338,King Abdullah City Stadium,1.9006057710493627,Very Close,74,2034-07-10 12:00:00,2034,7,10,12,0,False,74,High,100.0,True,False,True,4,100.0,Medium
REST_000977,مطعم حنيذ الجنوب-طيبة,restaurant,Unknown,26.359091,50.0437992,Prince Mohammed bin Fahd Stadium,8.186746687833677,Moderate,74,2034-06-06 15:00:00,2034,6,6,15,1,False,25,Low,33.78378378378378,False,False,False,2,33.78378378378378,Medium
REST_000702,Kaman Lounge,cafe,Unknown,24.8318742,46.7325524,Prince Faisal bin Fahd Stadium,7.014693590946382,Moderate,76,2034-06-14 09:00:00,2034,6,14,9,2,False,52,Medium,68.42105263157895,False,False,False,2,68.42105263157895,Medium
REST_000652,Pizza Hut,restaurant,Unknown,24.6878167,46.6878047,King Fahd International Stadium,0.4403523689977305,Very Close,126,2034-06-14 17:00:00,2034,6,14,17,2,False,106,High,84.12698412698413,False,False,False,4,84.12698412698413,Large
REST_001148,بروست زهرتي,fast_food,Unknown,26.3571976,43.9530467,King Abdullah City Stadium,1.7224554020216554,Very Close,66,2034-06-09 08:00:00,2034,6,9,8,4,True,59,High,89.39393939393939,False,False,False,4,89.39393939393939,Medium
REST_000112,السيف لاونج,cafe,Unknown,26.4568159,50.1307542,Prince Mohammed bin Fahd Stadium,5.794504884134874,Moderate,72,2034-06-17 21:00:00,2034,6,17,21,5,True,72,High,100.0,False,True,True,2,100.0,Medium
REST_001035,San Carlo Cicchetti,restaurant,Unknown,24.7012182,46.705378,King Fahd International Stadium,2.7088790925678645,Close,155,2034-06-26 22:00:00,2034,6,26,22,0,False,155,High,100.0,False,True,True,3,100.0,Large
REST_001276,Kudu,fast_food,Unknown,24.7796537,46.7883129,Prince Faisal bin Fahd Stadium,7.852979221204432,Moderate,34,2034-07-02 18:00:00,2034,7,2,18,6,False,27,Medium,79.41176470588235,False,False,False,2,79.41176470588235,Small
REST_000630,NOOR CAFE | نور كافيه,cafe,Unknown,24.7739257,46.7093414,Prince Faisal bin Fahd Stadium,0.2806741776903812,Very Close,85,2034-07-14 18:00:00,2034,7,14,18,4,True,85,High,100.0,False,False,False,4,100.0,Medium
REST_000045,Golden Palace Chinese Restaurant,restaurant,Unknown,21.5566055,39.1691506,King Abdullah Sports City,9.96729911629322,Moderate,98,2034-07-11 10:00:00,2034,7,11,10,1,False,51,Medium,52.04081632653062,False,False,False,2,52.04081632653062,Medium
REST_000539,Pizza Hut,fast_food,Unknown,26.46027,50.092427,Prince Mohammed bin Fahd Stadium,4.4147772647908265,Close,58,2034-06-10 22:00:00,2034,6,10,22,5,True,58,High,100.0,False,True,True,3,100.0,Medium
REST_000824,مقهى بلانو كافيه,cafe,Unknown,24.7379427,46.6889009,Prince Faisal bin Fahd Stadium,4.385983710593129,Close,85,2034-06-18 17:00:00,2034,6,18,17,6,False,62,Medium,72.94117647058823,False,False,False,3,72.94117647058823,Medium
REST_000641,Steak House,restaurant,Unknown,21.5749298,39.1273211,King Abdullah Sports City,6.26637393661906,Moderate,199,2034-06-12 11:00:00,2034,6,12,11,0,False,121,Medium,60.80402010050251,False,False,False,2,60.80402010050251,Large
REST_000539,Pizza Hut,fast_food,Unknown,26.46027,50.092427,Prince Mohammed bin Fahd Stadium,4.4147772647908265,Close,58,2034-06-30 17:00:00,2034,6,30,17,4,True,51,High,87.93103448275862,False,False,False,3,87.93103448275862,Medium
REST_001291,,cafe,Unknown,24.7857326,46.6336383,Prince Faisal bin Fahd Stadium,7.9602568484893155,Moderate,57,2034-06-07 14:00:00,2034,6,7,14,2,False,35,Medium,61.40350877192983,True,False,True,2,61.40350877192983,Medium
REST_000748,ذوق الحجازي,restaurant,Unknown,24.812489,46.6285748,Prince Faisal bin Fahd Stadium,9.46579312144128,Moderate,126,2034-06-15 12:00:00,2034,6,15,12,3,False,88,Medium,69.84126984126983,True,False,True,2,69.84126984126983,Large
REST_001026,Crazy Pizza,restaurant,Unknown,24.7057895,46.7053592,King Fahd International Stadium,3.086101290809832,Close,75,2034-06-16 22:00:00,2034,6,16,22,4,True,75,High,100.0,False,True,True,3,100.0,Medium
REST_000369,بيت الدونات,cafe,Unknown,21.5845758,39.159072,King Abdullah Sports City,6.890871683076867,Moderate,51,2034-06-17 17:00:00,2034,6,17,17,5,True,24,Low,47.05882352941176,False,False,False,2,47.05882352941176,Medium
REST_000840,ميلانا كافيه,cafe,Unknown,24.8336702,46.7334612,Prince Faisal bin Fahd Stadium,7.233041214872869,Moderate,64,2034-06-29 17:00:00,2034,6,29,17,3,False,49,Medium,76.5625,False,False,False,2,76.5625,Medium
REST_000542,,cafe,Unknown,26.4729058,50.0862236,Prince Mohammed bin Fahd Stadium,5.810684253519465,Moderate,92,2034-06-06 22:00:00,2034,6,6,22,1,False,60,Medium,65.21739130434783,False,True,True,2,65.21739130434783,Medium
REST_000048,Cinnabon,fast_food,Unknown,24.7375941,46.7978042,Prince Faisal bin Fahd Stadium,9.5593299885977,Moderate,58,2034-06-23 22:00:00,2034,6,23,22,4,True,58,High,100.0,False,True,True,2,100.0,Medium
REST_000482,كيان,cafe,Unknown,21.5940752,39.1474478,King Abdullah Sports City,5.300598736968713,Moderate,48,2034-07-12 17:00:00,2034,7,12,17,2,False,26,Medium,54.166666666666664,False,False,False,2,54.166666666666664,Small
REST_001141,فلافل عرفة,restaurant,Unknown,26.356933,43.9523422,King Abdullah City Stadium,1.7960470957293113,Very Close,143,2034-06-20 21:00:00,2034,6,20,21,1,False,143,High,100.0,False,True,True,4,100.0,Large
REST_001247,Nevermind,fast_food,Unknown,24.7049025,46.6846816,King Fahd International Stadium,2.3189036566434207,Close,72,2034-06-15 22:00:00,2034,6,15,22,3,False,58,High,80.55555555555556,False,True,True,3,80.55555555555556,Medium
REST_001048,,restaurant,Unknown,24.7672552,46.6592807,Prince Faisal bin Fahd Stadium,5.247318715547358,Moderate,182,2034-07-08 22:00:00,2034,7,8,22,5,True,120,Medium,65.93406593406593,False,True,True,2,65.93406593406593,Large
REST_001079,Urth Caffe,cafe,Unknown,21.5668615,39.1248304,King Abdullah Sports City,7.095803038786741,Moderate,80,2034-06-22 21:00:00,2034,6,22,21,3,False,43,Medium,53.75,False,True,True,2,53.75,Medium
REST_001395,برغرايزر,fast_food,Unknown,24.8060276,46.6928535,Prince Faisal bin Fahd Stadium,4.2138337701856985,Close,45,2034-06-23 21:00:00,2034,6,23,21,4,True,45,High,100.0,False,True,True,3,100.0,Small
REST_000078,,restaurant,Unknown,24.8172304,46.7756146,Prince Faisal bin Fahd Stadium,8.243163488733538,Moderate,154,2034-07-10 12:00:00,2034,7,10,12,0,False,138,High,89.6103896103896,True,False,True,2,89.6103896103896,Large
REST_000167,Kudu,restaurant,Unknown,26.4508454,50.118796,Prince Mohammed bin Fahd Stadium,4.489541804088695,Close,64,2034-07-15 09:00:00,2034,7,15,9,5,True,53,High,82.8125,False,False,False,3,82.8125,Medium
REST_000536,Chkn,fast_food,Unknown,24.7668817,46.7072939,Prince Faisal bin Fahd Stadium,0.6718559948661714,Very Close,45,2034-07-04 09:00:00,2034,7,4,9,1,False,34,Medium,75.55555555555556,False,False,False,4,75.55555555555556,Small
REST_000534,جزيرة المرجان,restaurant,Unknown,26.483249,50.104926,Prince Mohammed bin Fahd Stadium,7.1380090104048115,Moderate,123,2034-06-16 17:00:00,2034,6,16,17,4,True,105,High,85.36585365853658,False,False,False,2,85.36585365853658,Large
REST_000322,Mahboob,fast_food,Unknown,24.7590745,46.6639915,Prince Faisal bin Fahd Stadium,4.9559935509830595,Close,50,2034-06-08 20:00:00,2034,6,8,20,3,False,50,High,100.0,False,True,True,3,100.0,Medium
REST_000346,,cafe,Unknown,24.7776024,46.7075291,Prince Faisal bin Fahd Stadium,0.7244669765230232,Very Close,49,2034-06-13 20:00:00,2034,6,13,20,1,False,49,High,100.0,False,True,True,4,100.0,Small
REST_001337,,restaurant,Unknown,24.7678767,46.7155281,Prince Faisal bin Fahd Stadium,0.6396503472173186,Very Close,152,2034-06-05 17:00:00,2034,6,5,17,0,False,152,High,100.0,False,False,False,4,100.0,Large
REST_001331,,restaurant,Unknown,24.8072019,46.7805878,Prince Faisal bin Fahd Stadium,8.047144803866747,Moderate,87,2034-06-16 20:00:00,2034,6,16,20,4,True,87,High,100.0,False,True,True,2,100.0,Medium
REST_000844,دانكن دونتس,fast_food,Unknown,24.8346375,46.7354588,Prince Faisal bin Fahd Stadium,7.4000600489304045,Moderate,61,2034-06-06 09:00:00,2034,6,6,9,1,False,27,Low,44.26229508196721,False,False,False,2,44.26229508196721,Medium
REST_001129,كانتون,fast_food,Unknown,21.640553,39.1013235,King Abdullah Sports City,1.735992067913227,Very Close,60,2034-07-12 18:00:00,2034,7,12,18,2,False,34,Medium,56.666666666666664,False,False,False,4,56.666666666666664,Medium
REST_001470,عالم البيتزا,restaurant,Unknown,26.3735217,43.9304679,King Abdullah City Stadium,3.6884409469073103,Close,149,2034-06-09 21:00:00,2034,6,9,21,4,True,149,High,100.0,False,True,True,3,100.0,Large
REST_001282,,restaurant,Unknown,24.7815563,46.6973544,Prince Faisal bin Fahd Stadium,1.7466583320160158,Very Close,109,2034-06-24 19:00:00,2034,6,24,19,5,True,109,High,100.0,False,True,True,4,100.0,Large
REST_001412,,cafe,Unknown,24.7078801,46.6747489,King Fahd International Stadium,2.890276620829415,Close,47,2034-06-02 19:00:00,2034,6,2,19,4,True,42,High,89.36170212765957,False,True,True,3,89.36170212765957,Small
REST_000123,KFC,fast_food,Unknown,26.3999225,50.0415142,Prince Mohammed bin Fahd Stadium,5.245387849801892,Moderate,76,2034-06-12 08:00:00,2034,6,12,8,0,False,44,Medium,57.89473684210527,False,False,False,2,57.89473684210527,Medium
REST_000845,Barn's,restaurant,Unknown,24.8334509,46.733426,Prince Faisal bin Fahd Stadium,7.208773253950492,Moderate,119,2034-06-26 11:00:00,2034,6,26,11,0,False,57,Low,47.89915966386555,False,False,False,2,47.89915966386555,Large
REST_001416,,cafe,Unknown,24.6987722,46.6900044,King Fahd International Stadium,1.6738491454561468,Very Close,61,2034-06-01 18:00:00,2034,6,1,18,3,False,37,Medium,60.65573770491803,False,False,False,4,60.65573770491803,Medium
REST_000950,سالدوتش,fast_food,Unknown,24.7449215,46.7560798,Prince Faisal bin Fahd Stadium,5.451508723546728,Moderate,49,2034-06-16 10:00:00,2034,6,16,10,4,True,24,Low,48.97959183673469,False,False,False,2,48.97959183673469,Small
REST_000340,,restaurant,Unknown,24.7673823,46.6597538,Prince Faisal bin Fahd Stadium,5.198398854591871,Moderate,160,2034-06-17 08:00:00,2034,6,17,8,5,True,151,High,94.375,False,False,False,2,94.375,Large
REST_000027,واينز,cafe,Unknown,24.847172,46.7334545,Prince Faisal bin Fahd Stadium,8.671282932966674,Moderate,31,2034-07-14 11:00:00,2034,7,14,11,4,True,16,Medium,51.61290322580645,False,False,False,2,51.61290322580645,Small
REST_000286,كودو,fast_food,Unknown,26.3963971,43.9255495,King Abdullah City Stadium,5.263804879077784,Moderate,74,2034-06-11 08:00:00,2034,6,11,8,6,False,61,High,82.43243243243244,False,False,False,2,82.43243243243244,Medium
REST_000919,,fast_food,Unknown,24.7616932,46.7985908,Prince Faisal bin Fahd Stadium,8.916330619529694,Moderate,69,2034-06-08 10:00:00,2034,6,8,10,3,False,62,High,89.85507246376811,False,False,False,2,89.85507246376811,Medium
REST_000562,هوت دوق اكسبرس,restaurant,Unknown,24.8004505,46.7396469,Prince Faisal bin Fahd Stadium,4.294402722510452,Close,110,2034-06-14 10:00:00,2034,6,14,10,2,False,85,Medium,77.27272727272727,False,False,False,3,77.27272727272727,Large
REST_000655,Gulf Royal Chinese Restaurant,restaurant,Unknown,24.7028885,46.6811631,King Fahd International Stadium,2.1526778037766414,Close,102,2034-06-09 18:00:00,2034,6,9,18,4,True,102,High,100.0,False,False,False,3,100.0,Large
REST_000189,Steakhouse,restaurant,Unknown,26.4603168,50.1209655,Prince Mohammed bin Fahd Stadium,5.446261784337334,Moderate,101,2034-06-18 09:00:00,2034,6,18,9,6,False,32,Low,31.683168316831683,False,False,False,2,31.683168316831683,Large
REST_001093,كانتون,fast_food,Unknown,26.4549221,50.1213564,Prince Mohammed bin Fahd Stadium,4.998786870689678,Close,39,2034-06-29 19:00:00,2034,6,29,19,3,False,39,High,100.0,False,True,True,3,100.0,Small
REST_000786,Ziyada Toum,restaurant,Unknown,21.5726539,39.1292852,King Abdullah Sports City,6.560574943644657,Moderate,79,2034-06-26 22:00:00,2034,6,26,22,0,False,68,High,86.07594936708861,False,True,True,2,86.07594936708861,Medium
REST_000796,دانكن دونتس,fast_food,Unknown,21.5886282,39.1435931,King Abdullah Sports City,5.535106240925386,Moderate,78,2034-06-08 17:00:00,2034,6,8,17,3,False,35,Low,44.871794871794876,False,False,False,2,44.871794871794876,Medium
REST_000341,Shimmers,restaurant,Unknown,24.7670034,46.6593779,Prince Faisal bin Fahd Stadium,5.240392972922303,Moderate,64,2034-06-22 17:00:00,2034,6,22,17,3,False,21,Low,32.8125,False,False,False,2,32.8125,Medium
REST_000912,تيم هورتونز,cafe,Unknown,24.8387541,46.7325597,Prince Faisal bin Fahd Stadium,7.7458084164826735,Moderate,25,2034-06-25 09:00:00,2034,6,25,9,6,False,16,Medium,64.0,False,False,False,2,64.0,Small
REST_001192,Coya,restaurant,Unknown,24.7045628,46.7057789,King Fahd International Stadium,3.0082888484263424,Close,83,2034-07-12 21:00:00,2034,7,12,21,2,False,83,High,100.0,False,True,True,3,100.0,Medium
REST_001336,مطعم كمون البخاري,restaurant,Unknown,24.6851879,46.7667693,King Fahd International Stadium,8.131030996167413,Moderate,73,2034-06-13 22:00:00,2034,6,13,22,1,False,73,High,100.0,False,True,True,2,100.0,Medium
REST_000537,Chkn,fast_food,Unknown,24.7937913,46.6546921,Prince Faisal bin Fahd Stadium,6.183777034351501,Moderate,54,2034-06-13 22:00:00,2034,6,13,22,1,False,33,Medium,61.111111111111114,False,True,True,2,61.111111111111114,Medium
REST_001457,ديل برجر,restaurant,Unknown,26.3926371,43.9203766,King Abdullah City Stadium,5.441693716202213,Moderate,167,2034-06-05 12:00:00,2034,6,5,12,0,False,98,Medium,58.68263473053892,True,False,True,2,58.68263473053892,Large
REST_000411,مطعم ابوعيسى للمشويات,restaurant,Unknown,26.4210904,50.068596,Prince Mohammed bin Fahd Stadium,2.012394027171295,Close,167,2034-06-07 14:00:00,2034,6,7,14,2,False,94,Medium,56.287425149700596,True,False,True,3,56.287425149700596,Large
REST_000786,Ziyada Toum,restaurant,Unknown,21.5726539,39.1292852,King Abdullah Sports City,6.560574943644657,Moderate,79,2034-06-05 19:00:00,2034,6,5,19,0,False,79,High,100.0,False,True,True,2,100.0,Medium
REST_000672,Chuck E. Cheese,restaurant,Unknown,21.6244626,39.1530151,King Abdullah Sports City,4.127451007911805,Close,140,2034-06-27 21:00:00,2034,6,27,21,1,False,140,High,100.0,False,True,True,3,100.0,Large
REST_000472,Kudu,fast_food,Unknown,24.5987299,46.6894311,King Fahd International Stadium,9.497995373537016,Moderate,31,2034-06-25 11:00:00,2034,6,25,11,6,False,19,Medium,61.29032258064516,False,False,False,2,61.29032258064516,Small
REST_000751,مطعم ذوق مغل,restaurant,Unknown,24.8185898,46.6431326,Prince Faisal bin Fahd Stadium,8.595759822282936,Moderate,78,2034-07-13 08:00:00,2034,7,13,8,3,False,34,Low,43.58974358974359,False,False,False,2,43.58974358974359,Medium
REST_000188,بيت الربيان,restaurant,Unknown,26.4592864,50.0869988,Prince Mohammed bin Fahd Stadium,4.294358112095671,Close,50,2034-06-20 14:00:00,2034,6,20,14,1,False,43,High,86.0,True,False,True,3,86.0,Medium
REST_001382,خروف الشيف,restaurant,Unknown,21.7082213,39.1049698,King Abdullah Sports City,8.764490920506644,Moderate,150,2034-06-18 10:00:00,2034,6,18,10,6,False,68,Low,45.33333333333333,False,False,False,2,45.33333333333333,Large
REST_001467,رشوش,restaurant,Unknown,26.36949,43.9335526,King Abdullah City Stadium,3.3168870227743015,Close,171,2034-06-12 11:00:00,2034,6,12,11,0,False,133,Medium,77.77777777777779,False,False,False,3,77.77777777777779,Large
REST_000643,,restaurant,Unknown,24.7002665,46.6916452,King Fahd International Stadium,1.8769919381494418,Very Close,72,2034-06-29 17:00:00,2034,6,29,17,3,False,39,Medium,54.166666666666664,False,False,False,4,54.166666666666664,Medium
REST_001309,دوار السعادة,restaurant,Unknown,24.7582768,46.674634,Prince Faisal bin Fahd Stadium,3.9720294278051407,Close,165,2034-07-12 15:00:00,2034,7,12,15,2,False,107,Medium,64.84848484848484,False,False,False,3,64.84848484848484,Large
REST_000770,,restaurant,Unknown,24.815748,46.6372085,Prince Faisal bin Fahd Stadium,8.902716683396301,Moderate,103,2034-06-24 13:00:00,2034,6,24,13,5,True,103,High,100.0,True,False,True,2,100.0,Large
REST_001084,كانتون,fast_food,Unknown,24.7679633,46.7154415,Prince Faisal bin Fahd Stadium,0.6266665682220814,Very Close,64,2034-06-05 22:00:00,2034,6,5,22,0,False,64,High,100.0,False,True,True,4,100.0,Medium
REST_001343,friday's,restaurant,Unknown,21.6315972,39.1333664,King Abdullah Sports City,2.0631811575655674,Close,160,2034-06-19 09:00:00,2034,6,19,9,0,False,160,High,100.0,False,False,False,3,100.0,Large
REST_000805,19th Century Burger,fast_food,Unknown,21.6419465,39.1300137,King Abdullah Sports City,2.1766029928096278,Close,36,2034-07-07 11:00:00,2034,7,7,11,4,True,26,Medium,72.22222222222221,False,False,False,3,72.22222222222221,Small
REST_000770,,restaurant,Unknown,24.815748,46.6372085,Prince Faisal bin Fahd Stadium,8.902716683396301,Moderate,103,2034-06-27 12:00:00,2034,6,27,12,1,False,103,High,100.0,True,False,True,2,100.0,Large
